ISO-10303-21;
HEADER;
/* Generated by software containing ST-Developer
 * from STEP Tools, Inc. (www.steptools.com) 
 */

FILE_DESCRIPTION(
/* description */ (''),
/* implementation_level */ '2;1');

FILE_NAME(
/* name */ 'top_case_geiger_counter_slider.step',
/* time_stamp */ '2026-09-18T08:56:51+02:00',
/* author */ (''),
/* organization */ (''),
/* preprocessor_version */ 'ST-DEVELOPER v20.2',
/* originating_system */ 'Autodesk Translation Framework v15.15.0.0',
/* authorisation */ '');

FILE_SCHEMA (('AUTOMOTIVE_DESIGN { 1 0 10303 214 3 1 1 }'));
ENDSEC;

DATA;
#10=MECHANICAL_DESIGN_GEOMETRIC_PRESENTATION_REPRESENTATION('',(#13),#11078);
#11=SHAPE_REPRESENTATION_RELATIONSHIP('SRR','None',#11085,#12);
#12=ADVANCED_BREP_SHAPE_REPRESENTATION('',(#14),#11077);
#13=STYLED_ITEM('',(#11094),#14);
#14=MANIFOLD_SOLID_BREP('Body1',#6362);
#15=CIRCLE('',#6487,8.);
#16=CIRCLE('',#6488,8.);
#17=CIRCLE('',#6490,8.);
#18=CIRCLE('',#6491,8.);
#19=CIRCLE('',#6492,8.);
#20=CIRCLE('',#6493,1.6);
#21=CIRCLE('',#6494,1.6);
#22=CIRCLE('',#6495,1.6);
#23=CIRCLE('',#6496,1.6);
#24=CIRCLE('',#6499,8.);
#25=CIRCLE('',#6501,8.);
#26=CIRCLE('',#6504,8.);
#27=CIRCLE('',#6512,3.);
#28=CIRCLE('',#6513,3.);
#29=CIRCLE('',#6514,3.);
#30=CIRCLE('',#6515,3.00000000000001);
#31=CIRCLE('',#6526,3.);
#32=CIRCLE('',#6529,3.);
#33=CIRCLE('',#6532,3.);
#34=CIRCLE('',#6535,3.00000000000001);
#35=CIRCLE('',#6537,1.6);
#36=CIRCLE('',#6539,1.6);
#37=CIRCLE('',#6541,1.6);
#38=CIRCLE('',#6543,1.6);
#39=CYLINDRICAL_SURFACE('',#6486,8.);
#40=CYLINDRICAL_SURFACE('',#6498,8.);
#41=CYLINDRICAL_SURFACE('',#6500,8.);
#42=CYLINDRICAL_SURFACE('',#6503,8.);
#43=CYLINDRICAL_SURFACE('',#6525,3.);
#44=CYLINDRICAL_SURFACE('',#6528,3.);
#45=CYLINDRICAL_SURFACE('',#6531,3.);
#46=CYLINDRICAL_SURFACE('',#6534,3.00000000000001);
#47=CYLINDRICAL_SURFACE('',#6536,1.6);
#48=CYLINDRICAL_SURFACE('',#6538,1.6);
#49=CYLINDRICAL_SURFACE('',#6540,1.6);
#50=CYLINDRICAL_SURFACE('',#6542,1.6);
#51=FACE_BOUND('',#583,.T.);
#52=FACE_BOUND('',#679,.T.);
#53=FACE_BOUND('',#710,.T.);
#54=FACE_BOUND('',#743,.T.);
#55=FACE_BOUND('',#763,.T.);
#56=FACE_BOUND('',#826,.T.);
#57=FACE_BOUND('',#857,.T.);
#58=FACE_BOUND('',#878,.T.);
#59=FACE_BOUND('',#879,.T.);
#60=FACE_BOUND('',#880,.T.);
#61=FACE_BOUND('',#881,.T.);
#62=FACE_BOUND('',#882,.T.);
#63=FACE_BOUND('',#883,.T.);
#64=FACE_BOUND('',#884,.T.);
#65=FACE_BOUND('',#885,.T.);
#66=FACE_BOUND('',#886,.T.);
#67=FACE_BOUND('',#887,.T.);
#68=FACE_BOUND('',#888,.T.);
#69=FACE_BOUND('',#889,.T.);
#70=FACE_BOUND('',#890,.T.);
#71=FACE_BOUND('',#891,.T.);
#72=FACE_BOUND('',#892,.T.);
#73=FACE_BOUND('',#893,.T.);
#74=FACE_BOUND('',#894,.T.);
#75=FACE_BOUND('',#895,.T.);
#76=FACE_BOUND('',#896,.T.);
#77=FACE_BOUND('',#897,.T.);
#78=FACE_BOUND('',#898,.T.);
#79=FACE_BOUND('',#899,.T.);
#80=FACE_BOUND('',#900,.T.);
#81=FACE_BOUND('',#912,.T.);
#82=FACE_BOUND('',#914,.T.);
#83=FACE_BOUND('',#915,.T.);
#84=FACE_BOUND('',#938,.T.);
#85=FACE_BOUND('',#939,.T.);
#86=FACE_BOUND('',#940,.T.);
#87=FACE_BOUND('',#941,.T.);
#88=FACE_BOUND('',#942,.T.);
#89=PLANE('',#6376);
#90=PLANE('',#6377);
#91=PLANE('',#6378);
#92=PLANE('',#6379);
#93=PLANE('',#6380);
#94=PLANE('',#6381);
#95=PLANE('',#6382);
#96=PLANE('',#6383);
#97=PLANE('',#6384);
#98=PLANE('',#6385);
#99=PLANE('',#6386);
#100=PLANE('',#6387);
#101=PLANE('',#6388);
#102=PLANE('',#6389);
#103=PLANE('',#6390);
#104=PLANE('',#6391);
#105=PLANE('',#6392);
#106=PLANE('',#6393);
#107=PLANE('',#6394);
#108=PLANE('',#6395);
#109=PLANE('',#6396);
#110=PLANE('',#6397);
#111=PLANE('',#6398);
#112=PLANE('',#6399);
#113=PLANE('',#6400);
#114=PLANE('',#6401);
#115=PLANE('',#6402);
#116=PLANE('',#6403);
#117=PLANE('',#6404);
#118=PLANE('',#6405);
#119=PLANE('',#6406);
#120=PLANE('',#6407);
#121=PLANE('',#6408);
#122=PLANE('',#6409);
#123=PLANE('',#6410);
#124=PLANE('',#6411);
#125=PLANE('',#6412);
#126=PLANE('',#6413);
#127=PLANE('',#6414);
#128=PLANE('',#6415);
#129=PLANE('',#6416);
#130=PLANE('',#6417);
#131=PLANE('',#6418);
#132=PLANE('',#6419);
#133=PLANE('',#6420);
#134=PLANE('',#6421);
#135=PLANE('',#6422);
#136=PLANE('',#6423);
#137=PLANE('',#6424);
#138=PLANE('',#6425);
#139=PLANE('',#6426);
#140=PLANE('',#6427);
#141=PLANE('',#6428);
#142=PLANE('',#6429);
#143=PLANE('',#6430);
#144=PLANE('',#6431);
#145=PLANE('',#6432);
#146=PLANE('',#6433);
#147=PLANE('',#6434);
#148=PLANE('',#6435);
#149=PLANE('',#6436);
#150=PLANE('',#6437);
#151=PLANE('',#6438);
#152=PLANE('',#6439);
#153=PLANE('',#6440);
#154=PLANE('',#6441);
#155=PLANE('',#6442);
#156=PLANE('',#6443);
#157=PLANE('',#6444);
#158=PLANE('',#6445);
#159=PLANE('',#6446);
#160=PLANE('',#6447);
#161=PLANE('',#6448);
#162=PLANE('',#6449);
#163=PLANE('',#6450);
#164=PLANE('',#6451);
#165=PLANE('',#6452);
#166=PLANE('',#6453);
#167=PLANE('',#6454);
#168=PLANE('',#6455);
#169=PLANE('',#6456);
#170=PLANE('',#6457);
#171=PLANE('',#6458);
#172=PLANE('',#6459);
#173=PLANE('',#6460);
#174=PLANE('',#6461);
#175=PLANE('',#6462);
#176=PLANE('',#6463);
#177=PLANE('',#6464);
#178=PLANE('',#6465);
#179=PLANE('',#6466);
#180=PLANE('',#6467);
#181=PLANE('',#6468);
#182=PLANE('',#6469);
#183=PLANE('',#6470);
#184=PLANE('',#6471);
#185=PLANE('',#6472);
#186=PLANE('',#6473);
#187=PLANE('',#6474);
#188=PLANE('',#6475);
#189=PLANE('',#6476);
#190=PLANE('',#6477);
#191=PLANE('',#6478);
#192=PLANE('',#6479);
#193=PLANE('',#6480);
#194=PLANE('',#6481);
#195=PLANE('',#6482);
#196=PLANE('',#6483);
#197=PLANE('',#6484);
#198=PLANE('',#6485);
#199=PLANE('',#6489);
#200=PLANE('',#6497);
#201=PLANE('',#6502);
#202=PLANE('',#6505);
#203=PLANE('',#6506);
#204=PLANE('',#6507);
#205=PLANE('',#6508);
#206=PLANE('',#6509);
#207=PLANE('',#6510);
#208=PLANE('',#6511);
#209=PLANE('',#6516);
#210=PLANE('',#6517);
#211=PLANE('',#6518);
#212=PLANE('',#6519);
#213=PLANE('',#6520);
#214=PLANE('',#6521);
#215=PLANE('',#6522);
#216=PLANE('',#6523);
#217=PLANE('',#6524);
#218=PLANE('',#6527);
#219=PLANE('',#6530);
#220=PLANE('',#6533);
#221=PLANE('',#6544);
#222=PLANE('',#6545);
#223=FACE_OUTER_BOUND('',#564,.T.);
#224=FACE_OUTER_BOUND('',#565,.T.);
#225=FACE_OUTER_BOUND('',#566,.T.);
#226=FACE_OUTER_BOUND('',#567,.T.);
#227=FACE_OUTER_BOUND('',#568,.T.);
#228=FACE_OUTER_BOUND('',#569,.T.);
#229=FACE_OUTER_BOUND('',#570,.T.);
#230=FACE_OUTER_BOUND('',#571,.T.);
#231=FACE_OUTER_BOUND('',#572,.T.);
#232=FACE_OUTER_BOUND('',#573,.T.);
#233=FACE_OUTER_BOUND('',#574,.T.);
#234=FACE_OUTER_BOUND('',#575,.T.);
#235=FACE_OUTER_BOUND('',#576,.T.);
#236=FACE_OUTER_BOUND('',#577,.T.);
#237=FACE_OUTER_BOUND('',#578,.T.);
#238=FACE_OUTER_BOUND('',#579,.T.);
#239=FACE_OUTER_BOUND('',#580,.T.);
#240=FACE_OUTER_BOUND('',#581,.T.);
#241=FACE_OUTER_BOUND('',#582,.T.);
#242=FACE_OUTER_BOUND('',#584,.T.);
#243=FACE_OUTER_BOUND('',#585,.T.);
#244=FACE_OUTER_BOUND('',#586,.T.);
#245=FACE_OUTER_BOUND('',#587,.T.);
#246=FACE_OUTER_BOUND('',#588,.T.);
#247=FACE_OUTER_BOUND('',#589,.T.);
#248=FACE_OUTER_BOUND('',#590,.T.);
#249=FACE_OUTER_BOUND('',#591,.T.);
#250=FACE_OUTER_BOUND('',#592,.T.);
#251=FACE_OUTER_BOUND('',#593,.T.);
#252=FACE_OUTER_BOUND('',#594,.T.);
#253=FACE_OUTER_BOUND('',#595,.T.);
#254=FACE_OUTER_BOUND('',#596,.T.);
#255=FACE_OUTER_BOUND('',#597,.T.);
#256=FACE_OUTER_BOUND('',#598,.T.);
#257=FACE_OUTER_BOUND('',#599,.T.);
#258=FACE_OUTER_BOUND('',#600,.T.);
#259=FACE_OUTER_BOUND('',#601,.T.);
#260=FACE_OUTER_BOUND('',#602,.T.);
#261=FACE_OUTER_BOUND('',#603,.T.);
#262=FACE_OUTER_BOUND('',#604,.T.);
#263=FACE_OUTER_BOUND('',#605,.T.);
#264=FACE_OUTER_BOUND('',#606,.T.);
#265=FACE_OUTER_BOUND('',#607,.T.);
#266=FACE_OUTER_BOUND('',#608,.T.);
#267=FACE_OUTER_BOUND('',#609,.T.);
#268=FACE_OUTER_BOUND('',#610,.T.);
#269=FACE_OUTER_BOUND('',#611,.T.);
#270=FACE_OUTER_BOUND('',#612,.T.);
#271=FACE_OUTER_BOUND('',#613,.T.);
#272=FACE_OUTER_BOUND('',#614,.T.);
#273=FACE_OUTER_BOUND('',#615,.T.);
#274=FACE_OUTER_BOUND('',#616,.T.);
#275=FACE_OUTER_BOUND('',#617,.T.);
#276=FACE_OUTER_BOUND('',#618,.T.);
#277=FACE_OUTER_BOUND('',#619,.T.);
#278=FACE_OUTER_BOUND('',#620,.T.);
#279=FACE_OUTER_BOUND('',#621,.T.);
#280=FACE_OUTER_BOUND('',#622,.T.);
#281=FACE_OUTER_BOUND('',#623,.T.);
#282=FACE_OUTER_BOUND('',#624,.T.);
#283=FACE_OUTER_BOUND('',#625,.T.);
#284=FACE_OUTER_BOUND('',#626,.T.);
#285=FACE_OUTER_BOUND('',#627,.T.);
#286=FACE_OUTER_BOUND('',#628,.T.);
#287=FACE_OUTER_BOUND('',#629,.T.);
#288=FACE_OUTER_BOUND('',#630,.T.);
#289=FACE_OUTER_BOUND('',#631,.T.);
#290=FACE_OUTER_BOUND('',#632,.T.);
#291=FACE_OUTER_BOUND('',#633,.T.);
#292=FACE_OUTER_BOUND('',#634,.T.);
#293=FACE_OUTER_BOUND('',#635,.T.);
#294=FACE_OUTER_BOUND('',#636,.T.);
#295=FACE_OUTER_BOUND('',#637,.T.);
#296=FACE_OUTER_BOUND('',#638,.T.);
#297=FACE_OUTER_BOUND('',#639,.T.);
#298=FACE_OUTER_BOUND('',#640,.T.);
#299=FACE_OUTER_BOUND('',#641,.T.);
#300=FACE_OUTER_BOUND('',#642,.T.);
#301=FACE_OUTER_BOUND('',#643,.T.);
#302=FACE_OUTER_BOUND('',#644,.T.);
#303=FACE_OUTER_BOUND('',#645,.T.);
#304=FACE_OUTER_BOUND('',#646,.T.);
#305=FACE_OUTER_BOUND('',#647,.T.);
#306=FACE_OUTER_BOUND('',#648,.T.);
#307=FACE_OUTER_BOUND('',#649,.T.);
#308=FACE_OUTER_BOUND('',#650,.T.);
#309=FACE_OUTER_BOUND('',#651,.T.);
#310=FACE_OUTER_BOUND('',#652,.T.);
#311=FACE_OUTER_BOUND('',#653,.T.);
#312=FACE_OUTER_BOUND('',#654,.T.);
#313=FACE_OUTER_BOUND('',#655,.T.);
#314=FACE_OUTER_BOUND('',#656,.T.);
#315=FACE_OUTER_BOUND('',#657,.T.);
#316=FACE_OUTER_BOUND('',#658,.T.);
#317=FACE_OUTER_BOUND('',#659,.T.);
#318=FACE_OUTER_BOUND('',#660,.T.);
#319=FACE_OUTER_BOUND('',#661,.T.);
#320=FACE_OUTER_BOUND('',#662,.T.);
#321=FACE_OUTER_BOUND('',#663,.T.);
#322=FACE_OUTER_BOUND('',#664,.T.);
#323=FACE_OUTER_BOUND('',#665,.T.);
#324=FACE_OUTER_BOUND('',#666,.T.);
#325=FACE_OUTER_BOUND('',#667,.T.);
#326=FACE_OUTER_BOUND('',#668,.T.);
#327=FACE_OUTER_BOUND('',#669,.T.);
#328=FACE_OUTER_BOUND('',#670,.T.);
#329=FACE_OUTER_BOUND('',#671,.T.);
#330=FACE_OUTER_BOUND('',#672,.T.);
#331=FACE_OUTER_BOUND('',#673,.T.);
#332=FACE_OUTER_BOUND('',#674,.T.);
#333=FACE_OUTER_BOUND('',#675,.T.);
#334=FACE_OUTER_BOUND('',#676,.T.);
#335=FACE_OUTER_BOUND('',#677,.T.);
#336=FACE_OUTER_BOUND('',#678,.T.);
#337=FACE_OUTER_BOUND('',#680,.T.);
#338=FACE_OUTER_BOUND('',#681,.T.);
#339=FACE_OUTER_BOUND('',#682,.T.);
#340=FACE_OUTER_BOUND('',#683,.T.);
#341=FACE_OUTER_BOUND('',#684,.T.);
#342=FACE_OUTER_BOUND('',#685,.T.);
#343=FACE_OUTER_BOUND('',#686,.T.);
#344=FACE_OUTER_BOUND('',#687,.T.);
#345=FACE_OUTER_BOUND('',#688,.T.);
#346=FACE_OUTER_BOUND('',#689,.T.);
#347=FACE_OUTER_BOUND('',#690,.T.);
#348=FACE_OUTER_BOUND('',#691,.T.);
#349=FACE_OUTER_BOUND('',#692,.T.);
#350=FACE_OUTER_BOUND('',#693,.T.);
#351=FACE_OUTER_BOUND('',#694,.T.);
#352=FACE_OUTER_BOUND('',#695,.T.);
#353=FACE_OUTER_BOUND('',#696,.T.);
#354=FACE_OUTER_BOUND('',#697,.T.);
#355=FACE_OUTER_BOUND('',#698,.T.);
#356=FACE_OUTER_BOUND('',#699,.T.);
#357=FACE_OUTER_BOUND('',#700,.T.);
#358=FACE_OUTER_BOUND('',#701,.T.);
#359=FACE_OUTER_BOUND('',#702,.T.);
#360=FACE_OUTER_BOUND('',#703,.T.);
#361=FACE_OUTER_BOUND('',#704,.T.);
#362=FACE_OUTER_BOUND('',#705,.T.);
#363=FACE_OUTER_BOUND('',#706,.T.);
#364=FACE_OUTER_BOUND('',#707,.T.);
#365=FACE_OUTER_BOUND('',#708,.T.);
#366=FACE_OUTER_BOUND('',#709,.T.);
#367=FACE_OUTER_BOUND('',#711,.T.);
#368=FACE_OUTER_BOUND('',#712,.T.);
#369=FACE_OUTER_BOUND('',#713,.T.);
#370=FACE_OUTER_BOUND('',#714,.T.);
#371=FACE_OUTER_BOUND('',#715,.T.);
#372=FACE_OUTER_BOUND('',#716,.T.);
#373=FACE_OUTER_BOUND('',#717,.T.);
#374=FACE_OUTER_BOUND('',#718,.T.);
#375=FACE_OUTER_BOUND('',#719,.T.);
#376=FACE_OUTER_BOUND('',#720,.T.);
#377=FACE_OUTER_BOUND('',#721,.T.);
#378=FACE_OUTER_BOUND('',#722,.T.);
#379=FACE_OUTER_BOUND('',#723,.T.);
#380=FACE_OUTER_BOUND('',#724,.T.);
#381=FACE_OUTER_BOUND('',#725,.T.);
#382=FACE_OUTER_BOUND('',#726,.T.);
#383=FACE_OUTER_BOUND('',#727,.T.);
#384=FACE_OUTER_BOUND('',#728,.T.);
#385=FACE_OUTER_BOUND('',#729,.T.);
#386=FACE_OUTER_BOUND('',#730,.T.);
#387=FACE_OUTER_BOUND('',#731,.T.);
#388=FACE_OUTER_BOUND('',#732,.T.);
#389=FACE_OUTER_BOUND('',#733,.T.);
#390=FACE_OUTER_BOUND('',#734,.T.);
#391=FACE_OUTER_BOUND('',#735,.T.);
#392=FACE_OUTER_BOUND('',#736,.T.);
#393=FACE_OUTER_BOUND('',#737,.T.);
#394=FACE_OUTER_BOUND('',#738,.T.);
#395=FACE_OUTER_BOUND('',#739,.T.);
#396=FACE_OUTER_BOUND('',#740,.T.);
#397=FACE_OUTER_BOUND('',#741,.T.);
#398=FACE_OUTER_BOUND('',#742,.T.);
#399=FACE_OUTER_BOUND('',#744,.T.);
#400=FACE_OUTER_BOUND('',#745,.T.);
#401=FACE_OUTER_BOUND('',#746,.T.);
#402=FACE_OUTER_BOUND('',#747,.T.);
#403=FACE_OUTER_BOUND('',#748,.T.);
#404=FACE_OUTER_BOUND('',#749,.T.);
#405=FACE_OUTER_BOUND('',#750,.T.);
#406=FACE_OUTER_BOUND('',#751,.T.);
#407=FACE_OUTER_BOUND('',#752,.T.);
#408=FACE_OUTER_BOUND('',#753,.T.);
#409=FACE_OUTER_BOUND('',#754,.T.);
#410=FACE_OUTER_BOUND('',#755,.T.);
#411=FACE_OUTER_BOUND('',#756,.T.);
#412=FACE_OUTER_BOUND('',#757,.T.);
#413=FACE_OUTER_BOUND('',#758,.T.);
#414=FACE_OUTER_BOUND('',#759,.T.);
#415=FACE_OUTER_BOUND('',#760,.T.);
#416=FACE_OUTER_BOUND('',#761,.T.);
#417=FACE_OUTER_BOUND('',#762,.T.);
#418=FACE_OUTER_BOUND('',#764,.T.);
#419=FACE_OUTER_BOUND('',#765,.T.);
#420=FACE_OUTER_BOUND('',#766,.T.);
#421=FACE_OUTER_BOUND('',#767,.T.);
#422=FACE_OUTER_BOUND('',#768,.T.);
#423=FACE_OUTER_BOUND('',#769,.T.);
#424=FACE_OUTER_BOUND('',#770,.T.);
#425=FACE_OUTER_BOUND('',#771,.T.);
#426=FACE_OUTER_BOUND('',#772,.T.);
#427=FACE_OUTER_BOUND('',#773,.T.);
#428=FACE_OUTER_BOUND('',#774,.T.);
#429=FACE_OUTER_BOUND('',#775,.T.);
#430=FACE_OUTER_BOUND('',#776,.T.);
#431=FACE_OUTER_BOUND('',#777,.T.);
#432=FACE_OUTER_BOUND('',#778,.T.);
#433=FACE_OUTER_BOUND('',#779,.T.);
#434=FACE_OUTER_BOUND('',#780,.T.);
#435=FACE_OUTER_BOUND('',#781,.T.);
#436=FACE_OUTER_BOUND('',#782,.T.);
#437=FACE_OUTER_BOUND('',#783,.T.);
#438=FACE_OUTER_BOUND('',#784,.T.);
#439=FACE_OUTER_BOUND('',#785,.T.);
#440=FACE_OUTER_BOUND('',#786,.T.);
#441=FACE_OUTER_BOUND('',#787,.T.);
#442=FACE_OUTER_BOUND('',#788,.T.);
#443=FACE_OUTER_BOUND('',#789,.T.);
#444=FACE_OUTER_BOUND('',#790,.T.);
#445=FACE_OUTER_BOUND('',#791,.T.);
#446=FACE_OUTER_BOUND('',#792,.T.);
#447=FACE_OUTER_BOUND('',#793,.T.);
#448=FACE_OUTER_BOUND('',#794,.T.);
#449=FACE_OUTER_BOUND('',#795,.T.);
#450=FACE_OUTER_BOUND('',#796,.T.);
#451=FACE_OUTER_BOUND('',#797,.T.);
#452=FACE_OUTER_BOUND('',#798,.T.);
#453=FACE_OUTER_BOUND('',#799,.T.);
#454=FACE_OUTER_BOUND('',#800,.T.);
#455=FACE_OUTER_BOUND('',#801,.T.);
#456=FACE_OUTER_BOUND('',#802,.T.);
#457=FACE_OUTER_BOUND('',#803,.T.);
#458=FACE_OUTER_BOUND('',#804,.T.);
#459=FACE_OUTER_BOUND('',#805,.T.);
#460=FACE_OUTER_BOUND('',#806,.T.);
#461=FACE_OUTER_BOUND('',#807,.T.);
#462=FACE_OUTER_BOUND('',#808,.T.);
#463=FACE_OUTER_BOUND('',#809,.T.);
#464=FACE_OUTER_BOUND('',#810,.T.);
#465=FACE_OUTER_BOUND('',#811,.T.);
#466=FACE_OUTER_BOUND('',#812,.T.);
#467=FACE_OUTER_BOUND('',#813,.T.);
#468=FACE_OUTER_BOUND('',#814,.T.);
#469=FACE_OUTER_BOUND('',#815,.T.);
#470=FACE_OUTER_BOUND('',#816,.T.);
#471=FACE_OUTER_BOUND('',#817,.T.);
#472=FACE_OUTER_BOUND('',#818,.T.);
#473=FACE_OUTER_BOUND('',#819,.T.);
#474=FACE_OUTER_BOUND('',#820,.T.);
#475=FACE_OUTER_BOUND('',#821,.T.);
#476=FACE_OUTER_BOUND('',#822,.T.);
#477=FACE_OUTER_BOUND('',#823,.T.);
#478=FACE_OUTER_BOUND('',#824,.T.);
#479=FACE_OUTER_BOUND('',#825,.T.);
#480=FACE_OUTER_BOUND('',#827,.T.);
#481=FACE_OUTER_BOUND('',#828,.T.);
#482=FACE_OUTER_BOUND('',#829,.T.);
#483=FACE_OUTER_BOUND('',#830,.T.);
#484=FACE_OUTER_BOUND('',#831,.T.);
#485=FACE_OUTER_BOUND('',#832,.T.);
#486=FACE_OUTER_BOUND('',#833,.T.);
#487=FACE_OUTER_BOUND('',#834,.T.);
#488=FACE_OUTER_BOUND('',#835,.T.);
#489=FACE_OUTER_BOUND('',#836,.T.);
#490=FACE_OUTER_BOUND('',#837,.T.);
#491=FACE_OUTER_BOUND('',#838,.T.);
#492=FACE_OUTER_BOUND('',#839,.T.);
#493=FACE_OUTER_BOUND('',#840,.T.);
#494=FACE_OUTER_BOUND('',#841,.T.);
#495=FACE_OUTER_BOUND('',#842,.T.);
#496=FACE_OUTER_BOUND('',#843,.T.);
#497=FACE_OUTER_BOUND('',#844,.T.);
#498=FACE_OUTER_BOUND('',#845,.T.);
#499=FACE_OUTER_BOUND('',#846,.T.);
#500=FACE_OUTER_BOUND('',#847,.T.);
#501=FACE_OUTER_BOUND('',#848,.T.);
#502=FACE_OUTER_BOUND('',#849,.T.);
#503=FACE_OUTER_BOUND('',#850,.T.);
#504=FACE_OUTER_BOUND('',#851,.T.);
#505=FACE_OUTER_BOUND('',#852,.T.);
#506=FACE_OUTER_BOUND('',#853,.T.);
#507=FACE_OUTER_BOUND('',#854,.T.);
#508=FACE_OUTER_BOUND('',#855,.T.);
#509=FACE_OUTER_BOUND('',#856,.T.);
#510=FACE_OUTER_BOUND('',#858,.T.);
#511=FACE_OUTER_BOUND('',#859,.T.);
#512=FACE_OUTER_BOUND('',#860,.T.);
#513=FACE_OUTER_BOUND('',#861,.T.);
#514=FACE_OUTER_BOUND('',#862,.T.);
#515=FACE_OUTER_BOUND('',#863,.T.);
#516=FACE_OUTER_BOUND('',#864,.T.);
#517=FACE_OUTER_BOUND('',#865,.T.);
#518=FACE_OUTER_BOUND('',#866,.T.);
#519=FACE_OUTER_BOUND('',#867,.T.);
#520=FACE_OUTER_BOUND('',#868,.T.);
#521=FACE_OUTER_BOUND('',#869,.T.);
#522=FACE_OUTER_BOUND('',#870,.T.);
#523=FACE_OUTER_BOUND('',#871,.T.);
#524=FACE_OUTER_BOUND('',#872,.T.);
#525=FACE_OUTER_BOUND('',#873,.T.);
#526=FACE_OUTER_BOUND('',#874,.T.);
#527=FACE_OUTER_BOUND('',#875,.T.);
#528=FACE_OUTER_BOUND('',#876,.T.);
#529=FACE_OUTER_BOUND('',#877,.T.);
#530=FACE_OUTER_BOUND('',#901,.T.);
#531=FACE_OUTER_BOUND('',#902,.T.);
#532=FACE_OUTER_BOUND('',#903,.T.);
#533=FACE_OUTER_BOUND('',#904,.T.);
#534=FACE_OUTER_BOUND('',#905,.T.);
#535=FACE_OUTER_BOUND('',#906,.T.);
#536=FACE_OUTER_BOUND('',#907,.T.);
#537=FACE_OUTER_BOUND('',#908,.T.);
#538=FACE_OUTER_BOUND('',#909,.T.);
#539=FACE_OUTER_BOUND('',#910,.T.);
#540=FACE_OUTER_BOUND('',#911,.T.);
#541=FACE_OUTER_BOUND('',#913,.T.);
#542=FACE_OUTER_BOUND('',#916,.T.);
#543=FACE_OUTER_BOUND('',#917,.T.);
#544=FACE_OUTER_BOUND('',#918,.T.);
#545=FACE_OUTER_BOUND('',#919,.T.);
#546=FACE_OUTER_BOUND('',#920,.T.);
#547=FACE_OUTER_BOUND('',#921,.T.);
#548=FACE_OUTER_BOUND('',#922,.T.);
#549=FACE_OUTER_BOUND('',#923,.T.);
#550=FACE_OUTER_BOUND('',#924,.T.);
#551=FACE_OUTER_BOUND('',#925,.T.);
#552=FACE_OUTER_BOUND('',#926,.T.);
#553=FACE_OUTER_BOUND('',#927,.T.);
#554=FACE_OUTER_BOUND('',#928,.T.);
#555=FACE_OUTER_BOUND('',#929,.T.);
#556=FACE_OUTER_BOUND('',#930,.T.);
#557=FACE_OUTER_BOUND('',#931,.T.);
#558=FACE_OUTER_BOUND('',#932,.T.);
#559=FACE_OUTER_BOUND('',#933,.T.);
#560=FACE_OUTER_BOUND('',#934,.T.);
#561=FACE_OUTER_BOUND('',#935,.T.);
#562=FACE_OUTER_BOUND('',#936,.T.);
#563=FACE_OUTER_BOUND('',#937,.T.);
#564=EDGE_LOOP('',(#3948,#3949,#3950,#3951));
#565=EDGE_LOOP('',(#3952,#3953,#3954,#3955));
#566=EDGE_LOOP('',(#3956,#3957,#3958,#3959));
#567=EDGE_LOOP('',(#3960,#3961,#3962,#3963));
#568=EDGE_LOOP('',(#3964,#3965,#3966,#3967));
#569=EDGE_LOOP('',(#3968,#3969,#3970,#3971));
#570=EDGE_LOOP('',(#3972,#3973,#3974,#3975));
#571=EDGE_LOOP('',(#3976,#3977,#3978,#3979));
#572=EDGE_LOOP('',(#3980,#3981,#3982,#3983));
#573=EDGE_LOOP('',(#3984,#3985,#3986,#3987));
#574=EDGE_LOOP('',(#3988,#3989,#3990,#3991));
#575=EDGE_LOOP('',(#3992,#3993,#3994,#3995));
#576=EDGE_LOOP('',(#3996,#3997,#3998,#3999));
#577=EDGE_LOOP('',(#4000,#4001,#4002,#4003));
#578=EDGE_LOOP('',(#4004,#4005,#4006,#4007));
#579=EDGE_LOOP('',(#4008,#4009,#4010,#4011));
#580=EDGE_LOOP('',(#4012,#4013,#4014,#4015));
#581=EDGE_LOOP('',(#4016,#4017,#4018,#4019));
#582=EDGE_LOOP('',(#4020,#4021,#4022,#4023,#4024,#4025,#4026,#4027,#4028,
#4029));
#583=EDGE_LOOP('',(#4030,#4031,#4032,#4033,#4034,#4035,#4036,#4037));
#584=EDGE_LOOP('',(#4038,#4039,#4040,#4041));
#585=EDGE_LOOP('',(#4042,#4043,#4044,#4045));
#586=EDGE_LOOP('',(#4046,#4047,#4048,#4049));
#587=EDGE_LOOP('',(#4050,#4051,#4052,#4053));
#588=EDGE_LOOP('',(#4054,#4055,#4056,#4057));
#589=EDGE_LOOP('',(#4058,#4059,#4060,#4061));
#590=EDGE_LOOP('',(#4062,#4063,#4064,#4065));
#591=EDGE_LOOP('',(#4066,#4067,#4068,#4069));
#592=EDGE_LOOP('',(#4070,#4071,#4072,#4073));
#593=EDGE_LOOP('',(#4074,#4075,#4076,#4077));
#594=EDGE_LOOP('',(#4078,#4079,#4080,#4081,#4082,#4083,#4084,#4085,#4086,
#4087));
#595=EDGE_LOOP('',(#4088,#4089,#4090,#4091));
#596=EDGE_LOOP('',(#4092,#4093,#4094,#4095));
#597=EDGE_LOOP('',(#4096,#4097,#4098,#4099));
#598=EDGE_LOOP('',(#4100,#4101,#4102,#4103));
#599=EDGE_LOOP('',(#4104,#4105,#4106,#4107));
#600=EDGE_LOOP('',(#4108,#4109,#4110,#4111));
#601=EDGE_LOOP('',(#4112,#4113,#4114,#4115));
#602=EDGE_LOOP('',(#4116,#4117,#4118,#4119));
#603=EDGE_LOOP('',(#4120,#4121,#4122,#4123));
#604=EDGE_LOOP('',(#4124,#4125,#4126,#4127));
#605=EDGE_LOOP('',(#4128,#4129,#4130,#4131));
#606=EDGE_LOOP('',(#4132,#4133,#4134,#4135));
#607=EDGE_LOOP('',(#4136,#4137,#4138,#4139,#4140,#4141,#4142,#4143,#4144,
#4145,#4146,#4147));
#608=EDGE_LOOP('',(#4148,#4149,#4150,#4151));
#609=EDGE_LOOP('',(#4152,#4153,#4154,#4155));
#610=EDGE_LOOP('',(#4156,#4157,#4158,#4159));
#611=EDGE_LOOP('',(#4160,#4161,#4162,#4163));
#612=EDGE_LOOP('',(#4164,#4165,#4166,#4167));
#613=EDGE_LOOP('',(#4168,#4169,#4170,#4171));
#614=EDGE_LOOP('',(#4172,#4173,#4174,#4175));
#615=EDGE_LOOP('',(#4176,#4177,#4178,#4179));
#616=EDGE_LOOP('',(#4180,#4181,#4182,#4183));
#617=EDGE_LOOP('',(#4184,#4185,#4186,#4187));
#618=EDGE_LOOP('',(#4188,#4189,#4190,#4191));
#619=EDGE_LOOP('',(#4192,#4193,#4194,#4195));
#620=EDGE_LOOP('',(#4196,#4197,#4198,#4199));
#621=EDGE_LOOP('',(#4200,#4201,#4202,#4203));
#622=EDGE_LOOP('',(#4204,#4205,#4206,#4207));
#623=EDGE_LOOP('',(#4208,#4209,#4210,#4211));
#624=EDGE_LOOP('',(#4212,#4213,#4214,#4215));
#625=EDGE_LOOP('',(#4216,#4217,#4218,#4219));
#626=EDGE_LOOP('',(#4220,#4221,#4222,#4223));
#627=EDGE_LOOP('',(#4224,#4225,#4226,#4227,#4228,#4229,#4230,#4231,#4232,
#4233,#4234,#4235,#4236,#4237,#4238,#4239,#4240,#4241,#4242));
#628=EDGE_LOOP('',(#4243,#4244,#4245,#4246));
#629=EDGE_LOOP('',(#4247,#4248,#4249,#4250));
#630=EDGE_LOOP('',(#4251,#4252,#4253,#4254));
#631=EDGE_LOOP('',(#4255,#4256,#4257,#4258));
#632=EDGE_LOOP('',(#4259,#4260,#4261,#4262));
#633=EDGE_LOOP('',(#4263,#4264,#4265,#4266));
#634=EDGE_LOOP('',(#4267,#4268,#4269,#4270));
#635=EDGE_LOOP('',(#4271,#4272,#4273,#4274));
#636=EDGE_LOOP('',(#4275,#4276,#4277,#4278));
#637=EDGE_LOOP('',(#4279,#4280,#4281,#4282));
#638=EDGE_LOOP('',(#4283,#4284,#4285,#4286));
#639=EDGE_LOOP('',(#4287,#4288,#4289,#4290));
#640=EDGE_LOOP('',(#4291,#4292,#4293,#4294));
#641=EDGE_LOOP('',(#4295,#4296,#4297,#4298,#4299,#4300,#4301,#4302,#4303,
#4304,#4305,#4306,#4307));
#642=EDGE_LOOP('',(#4308,#4309,#4310,#4311));
#643=EDGE_LOOP('',(#4312,#4313,#4314,#4315));
#644=EDGE_LOOP('',(#4316,#4317,#4318,#4319));
#645=EDGE_LOOP('',(#4320,#4321,#4322,#4323));
#646=EDGE_LOOP('',(#4324,#4325,#4326,#4327));
#647=EDGE_LOOP('',(#4328,#4329,#4330,#4331));
#648=EDGE_LOOP('',(#4332,#4333,#4334,#4335));
#649=EDGE_LOOP('',(#4336,#4337,#4338,#4339));
#650=EDGE_LOOP('',(#4340,#4341,#4342,#4343));
#651=EDGE_LOOP('',(#4344,#4345,#4346,#4347));
#652=EDGE_LOOP('',(#4348,#4349,#4350,#4351));
#653=EDGE_LOOP('',(#4352,#4353,#4354,#4355));
#654=EDGE_LOOP('',(#4356,#4357,#4358,#4359));
#655=EDGE_LOOP('',(#4360,#4361,#4362,#4363));
#656=EDGE_LOOP('',(#4364,#4365,#4366,#4367));
#657=EDGE_LOOP('',(#4368,#4369,#4370,#4371));
#658=EDGE_LOOP('',(#4372,#4373,#4374,#4375));
#659=EDGE_LOOP('',(#4376,#4377,#4378,#4379));
#660=EDGE_LOOP('',(#4380,#4381,#4382,#4383));
#661=EDGE_LOOP('',(#4384,#4385,#4386,#4387));
#662=EDGE_LOOP('',(#4388,#4389,#4390,#4391));
#663=EDGE_LOOP('',(#4392,#4393,#4394,#4395));
#664=EDGE_LOOP('',(#4396,#4397,#4398,#4399));
#665=EDGE_LOOP('',(#4400,#4401,#4402,#4403));
#666=EDGE_LOOP('',(#4404,#4405,#4406,#4407));
#667=EDGE_LOOP('',(#4408,#4409,#4410,#4411));
#668=EDGE_LOOP('',(#4412,#4413,#4414,#4415));
#669=EDGE_LOOP('',(#4416,#4417,#4418,#4419));
#670=EDGE_LOOP('',(#4420,#4421,#4422,#4423));
#671=EDGE_LOOP('',(#4424,#4425,#4426,#4427));
#672=EDGE_LOOP('',(#4428,#4429,#4430,#4431));
#673=EDGE_LOOP('',(#4432,#4433,#4434,#4435));
#674=EDGE_LOOP('',(#4436,#4437,#4438,#4439));
#675=EDGE_LOOP('',(#4440,#4441,#4442,#4443));
#676=EDGE_LOOP('',(#4444,#4445,#4446,#4447));
#677=EDGE_LOOP('',(#4448,#4449,#4450,#4451));
#678=EDGE_LOOP('',(#4452,#4453,#4454,#4455,#4456,#4457,#4458,#4459,#4460,
#4461,#4462,#4463,#4464,#4465,#4466,#4467,#4468,#4469,#4470,#4471,#4472,
#4473,#4474));
#679=EDGE_LOOP('',(#4475,#4476,#4477,#4478,#4479,#4480,#4481,#4482));
#680=EDGE_LOOP('',(#4483,#4484,#4485,#4486));
#681=EDGE_LOOP('',(#4487,#4488,#4489,#4490));
#682=EDGE_LOOP('',(#4491,#4492,#4493,#4494));
#683=EDGE_LOOP('',(#4495,#4496,#4497,#4498));
#684=EDGE_LOOP('',(#4499,#4500,#4501,#4502));
#685=EDGE_LOOP('',(#4503,#4504,#4505,#4506));
#686=EDGE_LOOP('',(#4507,#4508,#4509,#4510));
#687=EDGE_LOOP('',(#4511,#4512,#4513,#4514));
#688=EDGE_LOOP('',(#4515,#4516,#4517,#4518));
#689=EDGE_LOOP('',(#4519,#4520,#4521,#4522));
#690=EDGE_LOOP('',(#4523,#4524,#4525,#4526));
#691=EDGE_LOOP('',(#4527,#4528,#4529,#4530));
#692=EDGE_LOOP('',(#4531,#4532,#4533,#4534));
#693=EDGE_LOOP('',(#4535,#4536,#4537,#4538));
#694=EDGE_LOOP('',(#4539,#4540,#4541,#4542));
#695=EDGE_LOOP('',(#4543,#4544,#4545,#4546));
#696=EDGE_LOOP('',(#4547,#4548,#4549,#4550));
#697=EDGE_LOOP('',(#4551,#4552,#4553,#4554));
#698=EDGE_LOOP('',(#4555,#4556,#4557,#4558));
#699=EDGE_LOOP('',(#4559,#4560,#4561,#4562));
#700=EDGE_LOOP('',(#4563,#4564,#4565,#4566));
#701=EDGE_LOOP('',(#4567,#4568,#4569,#4570));
#702=EDGE_LOOP('',(#4571,#4572,#4573,#4574));
#703=EDGE_LOOP('',(#4575,#4576,#4577,#4578));
#704=EDGE_LOOP('',(#4579,#4580,#4581,#4582));
#705=EDGE_LOOP('',(#4583,#4584,#4585,#4586));
#706=EDGE_LOOP('',(#4587,#4588,#4589,#4590));
#707=EDGE_LOOP('',(#4591,#4592,#4593,#4594));
#708=EDGE_LOOP('',(#4595,#4596,#4597,#4598));
#709=EDGE_LOOP('',(#4599,#4600,#4601,#4602,#4603,#4604,#4605,#4606,#4607,
#4608,#4609,#4610,#4611,#4612));
#710=EDGE_LOOP('',(#4613,#4614,#4615,#4616,#4617));
#711=EDGE_LOOP('',(#4618,#4619,#4620,#4621));
#712=EDGE_LOOP('',(#4622,#4623,#4624,#4625));
#713=EDGE_LOOP('',(#4626,#4627,#4628,#4629));
#714=EDGE_LOOP('',(#4630,#4631,#4632,#4633));
#715=EDGE_LOOP('',(#4634,#4635,#4636,#4637));
#716=EDGE_LOOP('',(#4638,#4639,#4640,#4641));
#717=EDGE_LOOP('',(#4642,#4643,#4644,#4645));
#718=EDGE_LOOP('',(#4646,#4647,#4648,#4649));
#719=EDGE_LOOP('',(#4650,#4651,#4652,#4653));
#720=EDGE_LOOP('',(#4654,#4655,#4656,#4657));
#721=EDGE_LOOP('',(#4658,#4659,#4660,#4661));
#722=EDGE_LOOP('',(#4662,#4663,#4664,#4665));
#723=EDGE_LOOP('',(#4666,#4667,#4668,#4669));
#724=EDGE_LOOP('',(#4670,#4671,#4672,#4673));
#725=EDGE_LOOP('',(#4674,#4675,#4676,#4677));
#726=EDGE_LOOP('',(#4678,#4679,#4680,#4681));
#727=EDGE_LOOP('',(#4682,#4683,#4684,#4685));
#728=EDGE_LOOP('',(#4686,#4687,#4688,#4689));
#729=EDGE_LOOP('',(#4690,#4691,#4692,#4693));
#730=EDGE_LOOP('',(#4694,#4695,#4696,#4697));
#731=EDGE_LOOP('',(#4698,#4699,#4700,#4701));
#732=EDGE_LOOP('',(#4702,#4703,#4704,#4705));
#733=EDGE_LOOP('',(#4706,#4707,#4708,#4709));
#734=EDGE_LOOP('',(#4710,#4711,#4712,#4713));
#735=EDGE_LOOP('',(#4714,#4715,#4716,#4717));
#736=EDGE_LOOP('',(#4718,#4719,#4720,#4721));
#737=EDGE_LOOP('',(#4722,#4723,#4724,#4725));
#738=EDGE_LOOP('',(#4726,#4727,#4728,#4729));
#739=EDGE_LOOP('',(#4730,#4731,#4732,#4733));
#740=EDGE_LOOP('',(#4734,#4735,#4736,#4737));
#741=EDGE_LOOP('',(#4738,#4739,#4740,#4741));
#742=EDGE_LOOP('',(#4742,#4743,#4744,#4745,#4746,#4747,#4748,#4749,#4750,
#4751,#4752,#4753,#4754,#4755,#4756,#4757,#4758,#4759,#4760,#4761,#4762,
#4763,#4764));
#743=EDGE_LOOP('',(#4765,#4766,#4767,#4768,#4769,#4770,#4771,#4772));
#744=EDGE_LOOP('',(#4773,#4774,#4775,#4776));
#745=EDGE_LOOP('',(#4777,#4778,#4779,#4780));
#746=EDGE_LOOP('',(#4781,#4782,#4783,#4784));
#747=EDGE_LOOP('',(#4785,#4786,#4787,#4788));
#748=EDGE_LOOP('',(#4789,#4790,#4791,#4792));
#749=EDGE_LOOP('',(#4793,#4794,#4795,#4796));
#750=EDGE_LOOP('',(#4797,#4798,#4799,#4800));
#751=EDGE_LOOP('',(#4801,#4802,#4803,#4804));
#752=EDGE_LOOP('',(#4805,#4806,#4807,#4808));
#753=EDGE_LOOP('',(#4809,#4810,#4811,#4812));
#754=EDGE_LOOP('',(#4813,#4814,#4815,#4816));
#755=EDGE_LOOP('',(#4817,#4818,#4819,#4820));
#756=EDGE_LOOP('',(#4821,#4822,#4823,#4824));
#757=EDGE_LOOP('',(#4825,#4826,#4827,#4828));
#758=EDGE_LOOP('',(#4829,#4830,#4831,#4832));
#759=EDGE_LOOP('',(#4833,#4834,#4835,#4836));
#760=EDGE_LOOP('',(#4837,#4838,#4839,#4840));
#761=EDGE_LOOP('',(#4841,#4842,#4843,#4844));
#762=EDGE_LOOP('',(#4845,#4846,#4847,#4848,#4849,#4850,#4851,#4852,#4853,
#4854));
#763=EDGE_LOOP('',(#4855,#4856,#4857,#4858,#4859,#4860,#4861,#4862));
#764=EDGE_LOOP('',(#4863,#4864,#4865,#4866));
#765=EDGE_LOOP('',(#4867,#4868,#4869,#4870));
#766=EDGE_LOOP('',(#4871,#4872,#4873,#4874));
#767=EDGE_LOOP('',(#4875,#4876,#4877,#4878));
#768=EDGE_LOOP('',(#4879,#4880,#4881,#4882));
#769=EDGE_LOOP('',(#4883,#4884,#4885,#4886));
#770=EDGE_LOOP('',(#4887,#4888,#4889,#4890));
#771=EDGE_LOOP('',(#4891,#4892,#4893,#4894));
#772=EDGE_LOOP('',(#4895,#4896,#4897,#4898));
#773=EDGE_LOOP('',(#4899,#4900,#4901,#4902));
#774=EDGE_LOOP('',(#4903,#4904,#4905,#4906));
#775=EDGE_LOOP('',(#4907,#4908,#4909,#4910));
#776=EDGE_LOOP('',(#4911,#4912,#4913,#4914));
#777=EDGE_LOOP('',(#4915,#4916,#4917,#4918));
#778=EDGE_LOOP('',(#4919,#4920,#4921,#4922));
#779=EDGE_LOOP('',(#4923,#4924,#4925,#4926));
#780=EDGE_LOOP('',(#4927,#4928,#4929,#4930));
#781=EDGE_LOOP('',(#4931,#4932,#4933,#4934));
#782=EDGE_LOOP('',(#4935,#4936,#4937,#4938));
#783=EDGE_LOOP('',(#4939,#4940,#4941,#4942));
#784=EDGE_LOOP('',(#4943,#4944,#4945,#4946));
#785=EDGE_LOOP('',(#4947,#4948,#4949,#4950));
#786=EDGE_LOOP('',(#4951,#4952,#4953,#4954));
#787=EDGE_LOOP('',(#4955,#4956,#4957,#4958));
#788=EDGE_LOOP('',(#4959,#4960,#4961,#4962));
#789=EDGE_LOOP('',(#4963,#4964,#4965,#4966));
#790=EDGE_LOOP('',(#4967,#4968,#4969,#4970,#4971,#4972,#4973,#4974,#4975,
#4976,#4977,#4978,#4979,#4980,#4981,#4982,#4983,#4984,#4985,#4986,#4987,
#4988,#4989,#4990,#4991,#4992));
#791=EDGE_LOOP('',(#4993,#4994,#4995,#4996));
#792=EDGE_LOOP('',(#4997,#4998,#4999,#5000));
#793=EDGE_LOOP('',(#5001,#5002,#5003,#5004));
#794=EDGE_LOOP('',(#5005,#5006,#5007,#5008));
#795=EDGE_LOOP('',(#5009,#5010,#5011,#5012));
#796=EDGE_LOOP('',(#5013,#5014,#5015,#5016));
#797=EDGE_LOOP('',(#5017,#5018,#5019,#5020));
#798=EDGE_LOOP('',(#5021,#5022,#5023,#5024));
#799=EDGE_LOOP('',(#5025,#5026,#5027,#5028));
#800=EDGE_LOOP('',(#5029,#5030,#5031,#5032));
#801=EDGE_LOOP('',(#5033,#5034,#5035,#5036));
#802=EDGE_LOOP('',(#5037,#5038,#5039,#5040));
#803=EDGE_LOOP('',(#5041,#5042,#5043,#5044));
#804=EDGE_LOOP('',(#5045,#5046,#5047,#5048));
#805=EDGE_LOOP('',(#5049,#5050,#5051,#5052));
#806=EDGE_LOOP('',(#5053,#5054,#5055,#5056));
#807=EDGE_LOOP('',(#5057,#5058,#5059,#5060));
#808=EDGE_LOOP('',(#5061,#5062,#5063,#5064));
#809=EDGE_LOOP('',(#5065,#5066,#5067,#5068));
#810=EDGE_LOOP('',(#5069,#5070,#5071,#5072));
#811=EDGE_LOOP('',(#5073,#5074,#5075,#5076));
#812=EDGE_LOOP('',(#5077,#5078,#5079,#5080));
#813=EDGE_LOOP('',(#5081,#5082,#5083,#5084));
#814=EDGE_LOOP('',(#5085,#5086,#5087,#5088));
#815=EDGE_LOOP('',(#5089,#5090,#5091,#5092));
#816=EDGE_LOOP('',(#5093,#5094,#5095,#5096));
#817=EDGE_LOOP('',(#5097,#5098,#5099,#5100));
#818=EDGE_LOOP('',(#5101,#5102,#5103,#5104));
#819=EDGE_LOOP('',(#5105,#5106,#5107,#5108));
#820=EDGE_LOOP('',(#5109,#5110,#5111,#5112));
#821=EDGE_LOOP('',(#5113,#5114,#5115,#5116));
#822=EDGE_LOOP('',(#5117,#5118,#5119,#5120));
#823=EDGE_LOOP('',(#5121,#5122,#5123,#5124));
#824=EDGE_LOOP('',(#5125,#5126,#5127,#5128));
#825=EDGE_LOOP('',(#5129,#5130,#5131,#5132,#5133,#5134,#5135,#5136,#5137,
#5138,#5139,#5140,#5141,#5142,#5143,#5144,#5145,#5146,#5147,#5148,#5149,
#5150,#5151,#5152,#5153));
#826=EDGE_LOOP('',(#5154,#5155,#5156,#5157,#5158,#5159,#5160,#5161,#5162));
#827=EDGE_LOOP('',(#5163,#5164,#5165,#5166));
#828=EDGE_LOOP('',(#5167,#5168,#5169,#5170));
#829=EDGE_LOOP('',(#5171,#5172,#5173,#5174));
#830=EDGE_LOOP('',(#5175,#5176,#5177,#5178));
#831=EDGE_LOOP('',(#5179,#5180,#5181,#5182));
#832=EDGE_LOOP('',(#5183,#5184,#5185,#5186));
#833=EDGE_LOOP('',(#5187,#5188,#5189,#5190));
#834=EDGE_LOOP('',(#5191,#5192,#5193,#5194));
#835=EDGE_LOOP('',(#5195,#5196,#5197,#5198));
#836=EDGE_LOOP('',(#5199,#5200,#5201,#5202));
#837=EDGE_LOOP('',(#5203,#5204,#5205,#5206,#5207,#5208,#5209,#5210,#5211,
#5212));
#838=EDGE_LOOP('',(#5213,#5214,#5215,#5216));
#839=EDGE_LOOP('',(#5217,#5218,#5219,#5220));
#840=EDGE_LOOP('',(#5221,#5222,#5223,#5224));
#841=EDGE_LOOP('',(#5225,#5226,#5227,#5228));
#842=EDGE_LOOP('',(#5229,#5230,#5231,#5232));
#843=EDGE_LOOP('',(#5233,#5234,#5235,#5236));
#844=EDGE_LOOP('',(#5237,#5238,#5239,#5240));
#845=EDGE_LOOP('',(#5241,#5242,#5243,#5244));
#846=EDGE_LOOP('',(#5245,#5246,#5247,#5248));
#847=EDGE_LOOP('',(#5249,#5250,#5251,#5252));
#848=EDGE_LOOP('',(#5253,#5254,#5255,#5256));
#849=EDGE_LOOP('',(#5257,#5258,#5259,#5260));
#850=EDGE_LOOP('',(#5261,#5262,#5263,#5264));
#851=EDGE_LOOP('',(#5265,#5266,#5267,#5268));
#852=EDGE_LOOP('',(#5269,#5270,#5271,#5272));
#853=EDGE_LOOP('',(#5273,#5274,#5275,#5276));
#854=EDGE_LOOP('',(#5277,#5278,#5279,#5280));
#855=EDGE_LOOP('',(#5281,#5282,#5283,#5284));
#856=EDGE_LOOP('',(#5285,#5286,#5287,#5288,#5289,#5290,#5291,#5292,#5293,
#5294));
#857=EDGE_LOOP('',(#5295,#5296,#5297,#5298,#5299,#5300,#5301,#5302));
#858=EDGE_LOOP('',(#5303,#5304,#5305,#5306));
#859=EDGE_LOOP('',(#5307,#5308,#5309,#5310));
#860=EDGE_LOOP('',(#5311,#5312,#5313,#5314));
#861=EDGE_LOOP('',(#5315,#5316,#5317,#5318));
#862=EDGE_LOOP('',(#5319,#5320,#5321,#5322));
#863=EDGE_LOOP('',(#5323,#5324,#5325,#5326));
#864=EDGE_LOOP('',(#5327,#5328,#5329,#5330));
#865=EDGE_LOOP('',(#5331,#5332,#5333,#5334));
#866=EDGE_LOOP('',(#5335,#5336,#5337,#5338));
#867=EDGE_LOOP('',(#5339,#5340,#5341,#5342));
#868=EDGE_LOOP('',(#5343,#5344,#5345,#5346,#5347,#5348,#5349,#5350,#5351,
#5352));
#869=EDGE_LOOP('',(#5353,#5354,#5355,#5356,#5357,#5358,#5359,#5360));
#870=EDGE_LOOP('',(#5361,#5362,#5363,#5364,#5365,#5366,#5367,#5368,#5369));
#871=EDGE_LOOP('',(#5370,#5371,#5372,#5373,#5374,#5375,#5376,#5377));
#872=EDGE_LOOP('',(#5378,#5379,#5380,#5381,#5382,#5383,#5384,#5385));
#873=EDGE_LOOP('',(#5386,#5387,#5388,#5389,#5390));
#874=EDGE_LOOP('',(#5391,#5392,#5393,#5394,#5395,#5396,#5397,#5398));
#875=EDGE_LOOP('',(#5399,#5400,#5401,#5402,#5403,#5404,#5405,#5406));
#876=EDGE_LOOP('',(#5407,#5408,#5409,#5410));
#877=EDGE_LOOP('',(#5411,#5412,#5413,#5414,#5415,#5416,#5417,#5418));
#878=EDGE_LOOP('',(#5419));
#879=EDGE_LOOP('',(#5420));
#880=EDGE_LOOP('',(#5421));
#881=EDGE_LOOP('',(#5422));
#882=EDGE_LOOP('',(#5423,#5424,#5425,#5426));
#883=EDGE_LOOP('',(#5427,#5428,#5429,#5430));
#884=EDGE_LOOP('',(#5431,#5432,#5433,#5434,#5435,#5436,#5437,#5438,#5439,
#5440));
#885=EDGE_LOOP('',(#5441,#5442,#5443,#5444,#5445,#5446,#5447,#5448,#5449,
#5450));
#886=EDGE_LOOP('',(#5451,#5452,#5453,#5454,#5455,#5456,#5457,#5458,#5459,
#5460));
#887=EDGE_LOOP('',(#5461,#5462,#5463,#5464,#5465,#5466,#5467,#5468,#5469,
#5470,#5471,#5472,#5473,#5474,#5475,#5476,#5477,#5478,#5479,#5480,#5481,
#5482,#5483,#5484,#5485));
#888=EDGE_LOOP('',(#5486,#5487,#5488,#5489,#5490,#5491,#5492,#5493,#5494,
#5495,#5496,#5497,#5498,#5499,#5500,#5501,#5502,#5503,#5504,#5505,#5506,
#5507,#5508,#5509,#5510,#5511));
#889=EDGE_LOOP('',(#5512,#5513,#5514,#5515,#5516,#5517,#5518,#5519,#5520,
#5521));
#890=EDGE_LOOP('',(#5522,#5523,#5524,#5525,#5526,#5527,#5528,#5529,#5530,
#5531,#5532,#5533,#5534,#5535,#5536,#5537,#5538,#5539,#5540,#5541,#5542,
#5543,#5544));
#891=EDGE_LOOP('',(#5545,#5546,#5547,#5548,#5549,#5550,#5551,#5552,#5553,
#5554,#5555,#5556,#5557,#5558));
#892=EDGE_LOOP('',(#5559,#5560,#5561,#5562));
#893=EDGE_LOOP('',(#5563,#5564,#5565,#5566));
#894=EDGE_LOOP('',(#5567,#5568,#5569,#5570,#5571,#5572,#5573,#5574,#5575,
#5576,#5577,#5578,#5579,#5580,#5581,#5582,#5583,#5584,#5585,#5586,#5587,
#5588,#5589));
#895=EDGE_LOOP('',(#5590,#5591,#5592,#5593));
#896=EDGE_LOOP('',(#5594,#5595,#5596,#5597,#5598,#5599,#5600,#5601,#5602,
#5603,#5604,#5605,#5606));
#897=EDGE_LOOP('',(#5607,#5608,#5609,#5610,#5611,#5612,#5613,#5614,#5615,
#5616,#5617,#5618,#5619,#5620,#5621,#5622,#5623,#5624,#5625));
#898=EDGE_LOOP('',(#5626,#5627,#5628,#5629,#5630,#5631,#5632,#5633,#5634,
#5635,#5636,#5637));
#899=EDGE_LOOP('',(#5638,#5639,#5640,#5641,#5642,#5643,#5644,#5645,#5646,
#5647));
#900=EDGE_LOOP('',(#5648,#5649,#5650,#5651,#5652,#5653,#5654,#5655,#5656,
#5657));
#901=EDGE_LOOP('',(#5658,#5659,#5660,#5661));
#902=EDGE_LOOP('',(#5662,#5663,#5664,#5665));
#903=EDGE_LOOP('',(#5666,#5667,#5668,#5669));
#904=EDGE_LOOP('',(#5670,#5671,#5672,#5673));
#905=EDGE_LOOP('',(#5674,#5675,#5676,#5677));
#906=EDGE_LOOP('',(#5678,#5679,#5680,#5681));
#907=EDGE_LOOP('',(#5682,#5683,#5684,#5685));
#908=EDGE_LOOP('',(#5686,#5687,#5688,#5689));
#909=EDGE_LOOP('',(#5690,#5691,#5692,#5693));
#910=EDGE_LOOP('',(#5694,#5695,#5696,#5697));
#911=EDGE_LOOP('',(#5698,#5699,#5700,#5701));
#912=EDGE_LOOP('',(#5702,#5703,#5704,#5705));
#913=EDGE_LOOP('',(#5706,#5707,#5708,#5709,#5710,#5711,#5712,#5713));
#914=EDGE_LOOP('',(#5714,#5715,#5716,#5717));
#915=EDGE_LOOP('',(#5718,#5719,#5720,#5721));
#916=EDGE_LOOP('',(#5722,#5723,#5724,#5725));
#917=EDGE_LOOP('',(#5726,#5727,#5728,#5729));
#918=EDGE_LOOP('',(#5730,#5731,#5732,#5733));
#919=EDGE_LOOP('',(#5734,#5735,#5736,#5737));
#920=EDGE_LOOP('',(#5738,#5739,#5740,#5741));
#921=EDGE_LOOP('',(#5742,#5743,#5744,#5745));
#922=EDGE_LOOP('',(#5746,#5747,#5748,#5749));
#923=EDGE_LOOP('',(#5750,#5751,#5752,#5753));
#924=EDGE_LOOP('',(#5754,#5755,#5756,#5757));
#925=EDGE_LOOP('',(#5758,#5759,#5760,#5761));
#926=EDGE_LOOP('',(#5762,#5763,#5764,#5765));
#927=EDGE_LOOP('',(#5766,#5767,#5768,#5769));
#928=EDGE_LOOP('',(#5770,#5771,#5772,#5773));
#929=EDGE_LOOP('',(#5774,#5775,#5776,#5777));
#930=EDGE_LOOP('',(#5778,#5779,#5780,#5781));
#931=EDGE_LOOP('',(#5782,#5783,#5784,#5785));
#932=EDGE_LOOP('',(#5786,#5787,#5788,#5789));
#933=EDGE_LOOP('',(#5790,#5791,#5792,#5793));
#934=EDGE_LOOP('',(#5794,#5795,#5796,#5797));
#935=EDGE_LOOP('',(#5798,#5799,#5800,#5801));
#936=EDGE_LOOP('',(#5802,#5803,#5804,#5805));
#937=EDGE_LOOP('',(#5806,#5807,#5808,#5809,#5810,#5811,#5812,#5813));
#938=EDGE_LOOP('',(#5814));
#939=EDGE_LOOP('',(#5815));
#940=EDGE_LOOP('',(#5816));
#941=EDGE_LOOP('',(#5817));
#942=EDGE_LOOP('',(#5818,#5819,#5820,#5821,#5822,#5823,#5824,#5825));
#943=LINE('',#7426,#1468);
#944=LINE('',#7431,#1469);
#945=LINE('',#7443,#1470);
#946=LINE('',#7458,#1471);
#947=LINE('',#7473,#1472);
#948=LINE('',#7488,#1473);
#949=LINE('',#7503,#1474);
#950=LINE('',#7518,#1475);
#951=LINE('',#7546,#1476);
#952=LINE('',#7551,#1477);
#953=LINE('',#7563,#1478);
#954=LINE('',#7578,#1479);
#955=LINE('',#7593,#1480);
#956=LINE('',#7608,#1481);
#957=LINE('',#7623,#1482);
#958=LINE('',#7638,#1483);
#959=LINE('',#7653,#1484);
#960=LINE('',#7668,#1485);
#961=LINE('',#7688,#1486);
#962=LINE('',#7690,#1487);
#963=LINE('',#7692,#1488);
#964=LINE('',#7693,#1489);
#965=LINE('',#7696,#1490);
#966=LINE('',#7698,#1491);
#967=LINE('',#7699,#1492);
#968=LINE('',#7702,#1493);
#969=LINE('',#7704,#1494);
#970=LINE('',#7705,#1495);
#971=LINE('',#7708,#1496);
#972=LINE('',#7710,#1497);
#973=LINE('',#7711,#1498);
#974=LINE('',#7714,#1499);
#975=LINE('',#7716,#1500);
#976=LINE('',#7717,#1501);
#977=LINE('',#7720,#1502);
#978=LINE('',#7722,#1503);
#979=LINE('',#7723,#1504);
#980=LINE('',#7726,#1505);
#981=LINE('',#7728,#1506);
#982=LINE('',#7729,#1507);
#983=LINE('',#7732,#1508);
#984=LINE('',#7734,#1509);
#985=LINE('',#7735,#1510);
#986=LINE('',#7738,#1511);
#987=LINE('',#7740,#1512);
#988=LINE('',#7741,#1513);
#989=LINE('',#7743,#1514);
#990=LINE('',#7744,#1515);
#991=LINE('',#7749,#1516);
#992=LINE('',#7751,#1517);
#993=LINE('',#7753,#1518);
#994=LINE('',#7754,#1519);
#995=LINE('',#7757,#1520);
#996=LINE('',#7759,#1521);
#997=LINE('',#7760,#1522);
#998=LINE('',#7763,#1523);
#999=LINE('',#7765,#1524);
#1000=LINE('',#7766,#1525);
#1001=LINE('',#7769,#1526);
#1002=LINE('',#7771,#1527);
#1003=LINE('',#7772,#1528);
#1004=LINE('',#7775,#1529);
#1005=LINE('',#7777,#1530);
#1006=LINE('',#7778,#1531);
#1007=LINE('',#7781,#1532);
#1008=LINE('',#7783,#1533);
#1009=LINE('',#7784,#1534);
#1010=LINE('',#7787,#1535);
#1011=LINE('',#7789,#1536);
#1012=LINE('',#7790,#1537);
#1013=LINE('',#7793,#1538);
#1014=LINE('',#7795,#1539);
#1015=LINE('',#7796,#1540);
#1016=LINE('',#7799,#1541);
#1017=LINE('',#7801,#1542);
#1018=LINE('',#7802,#1543);
#1019=LINE('',#7805,#1544);
#1020=LINE('',#7807,#1545);
#1021=LINE('',#7808,#1546);
#1022=LINE('',#7811,#1547);
#1023=LINE('',#7813,#1548);
#1024=LINE('',#7814,#1549);
#1025=LINE('',#7816,#1550);
#1026=LINE('',#7817,#1551);
#1027=LINE('',#7831,#1552);
#1028=LINE('',#7836,#1553);
#1029=LINE('',#7848,#1554);
#1030=LINE('',#7863,#1555);
#1031=LINE('',#7878,#1556);
#1032=LINE('',#7893,#1557);
#1033=LINE('',#7899,#1558);
#1034=LINE('',#7901,#1559);
#1035=LINE('',#7902,#1560);
#1036=LINE('',#7905,#1561);
#1037=LINE('',#7907,#1562);
#1038=LINE('',#7908,#1563);
#1039=LINE('',#7911,#1564);
#1040=LINE('',#7913,#1565);
#1041=LINE('',#7914,#1566);
#1042=LINE('',#7917,#1567);
#1043=LINE('',#7919,#1568);
#1044=LINE('',#7920,#1569);
#1045=LINE('',#7923,#1570);
#1046=LINE('',#7925,#1571);
#1047=LINE('',#7926,#1572);
#1048=LINE('',#7938,#1573);
#1049=LINE('',#7953,#1574);
#1050=LINE('',#7968,#1575);
#1051=LINE('',#7983,#1576);
#1052=LINE('',#7998,#1577);
#1053=LINE('',#8013,#1578);
#1054=LINE('',#8019,#1579);
#1055=LINE('',#8021,#1580);
#1056=LINE('',#8022,#1581);
#1057=LINE('',#8025,#1582);
#1058=LINE('',#8027,#1583);
#1059=LINE('',#8028,#1584);
#1060=LINE('',#8030,#1585);
#1061=LINE('',#8031,#1586);
#1062=LINE('',#8045,#1587);
#1063=LINE('',#8050,#1588);
#1064=LINE('',#8062,#1589);
#1065=LINE('',#8077,#1590);
#1066=LINE('',#8092,#1591);
#1067=LINE('',#8098,#1592);
#1068=LINE('',#8100,#1593);
#1069=LINE('',#8101,#1594);
#1070=LINE('',#8113,#1595);
#1071=LINE('',#8128,#1596);
#1072=LINE('',#8143,#1597);
#1073=LINE('',#8158,#1598);
#1074=LINE('',#8173,#1599);
#1075=LINE('',#8179,#1600);
#1076=LINE('',#8181,#1601);
#1077=LINE('',#8182,#1602);
#1078=LINE('',#8185,#1603);
#1079=LINE('',#8187,#1604);
#1080=LINE('',#8188,#1605);
#1081=LINE('',#8190,#1606);
#1082=LINE('',#8191,#1607);
#1083=LINE('',#8196,#1608);
#1084=LINE('',#8198,#1609);
#1085=LINE('',#8200,#1610);
#1086=LINE('',#8201,#1611);
#1087=LINE('',#8204,#1612);
#1088=LINE('',#8206,#1613);
#1089=LINE('',#8207,#1614);
#1090=LINE('',#8210,#1615);
#1091=LINE('',#8212,#1616);
#1092=LINE('',#8213,#1617);
#1093=LINE('',#8215,#1618);
#1094=LINE('',#8216,#1619);
#1095=LINE('',#8230,#1620);
#1096=LINE('',#8235,#1621);
#1097=LINE('',#8247,#1622);
#1098=LINE('',#8262,#1623);
#1099=LINE('',#8277,#1624);
#1100=LINE('',#8292,#1625);
#1101=LINE('',#8307,#1626);
#1102=LINE('',#8322,#1627);
#1103=LINE('',#8350,#1628);
#1104=LINE('',#8355,#1629);
#1105=LINE('',#8367,#1630);
#1106=LINE('',#8382,#1631);
#1107=LINE('',#8397,#1632);
#1108=LINE('',#8412,#1633);
#1109=LINE('',#8427,#1634);
#1110=LINE('',#8433,#1635);
#1111=LINE('',#8435,#1636);
#1112=LINE('',#8436,#1637);
#1113=LINE('',#8439,#1638);
#1114=LINE('',#8441,#1639);
#1115=LINE('',#8442,#1640);
#1116=LINE('',#8445,#1641);
#1117=LINE('',#8447,#1642);
#1118=LINE('',#8448,#1643);
#1119=LINE('',#8460,#1644);
#1120=LINE('',#8475,#1645);
#1121=LINE('',#8490,#1646);
#1122=LINE('',#8505,#1647);
#1123=LINE('',#8520,#1648);
#1124=LINE('',#8535,#1649);
#1125=LINE('',#8541,#1650);
#1126=LINE('',#8543,#1651);
#1127=LINE('',#8544,#1652);
#1128=LINE('',#8556,#1653);
#1129=LINE('',#8571,#1654);
#1130=LINE('',#8586,#1655);
#1131=LINE('',#8601,#1656);
#1132=LINE('',#8616,#1657);
#1133=LINE('',#8622,#1658);
#1134=LINE('',#8624,#1659);
#1135=LINE('',#8625,#1660);
#1136=LINE('',#8642,#1661);
#1137=LINE('',#8644,#1662);
#1138=LINE('',#8646,#1663);
#1139=LINE('',#8647,#1664);
#1140=LINE('',#8650,#1665);
#1141=LINE('',#8652,#1666);
#1142=LINE('',#8653,#1667);
#1143=LINE('',#8656,#1668);
#1144=LINE('',#8658,#1669);
#1145=LINE('',#8659,#1670);
#1146=LINE('',#8661,#1671);
#1147=LINE('',#8662,#1672);
#1148=LINE('',#8667,#1673);
#1149=LINE('',#8669,#1674);
#1150=LINE('',#8671,#1675);
#1151=LINE('',#8672,#1676);
#1152=LINE('',#8675,#1677);
#1153=LINE('',#8677,#1678);
#1154=LINE('',#8678,#1679);
#1155=LINE('',#8681,#1680);
#1156=LINE('',#8683,#1681);
#1157=LINE('',#8684,#1682);
#1158=LINE('',#8686,#1683);
#1159=LINE('',#8687,#1684);
#1160=LINE('',#8701,#1685);
#1161=LINE('',#8706,#1686);
#1162=LINE('',#8718,#1687);
#1163=LINE('',#8733,#1688);
#1164=LINE('',#8748,#1689);
#1165=LINE('',#8753,#1690);
#1166=LINE('',#8754,#1691);
#1167=LINE('',#8767,#1692);
#1168=LINE('',#8772,#1693);
#1169=LINE('',#8784,#1694);
#1170=LINE('',#8799,#1695);
#1171=LINE('',#8805,#1696);
#1172=LINE('',#8807,#1697);
#1173=LINE('',#8808,#1698);
#1174=LINE('',#8820,#1699);
#1175=LINE('',#8835,#1700);
#1176=LINE('',#8850,#1701);
#1177=LINE('',#8865,#1702);
#1178=LINE('',#8880,#1703);
#1179=LINE('',#8895,#1704);
#1180=LINE('',#8910,#1705);
#1181=LINE('',#8925,#1706);
#1182=LINE('',#8931,#1707);
#1183=LINE('',#8933,#1708);
#1184=LINE('',#8934,#1709);
#1185=LINE('',#8960,#1710);
#1186=LINE('',#8965,#1711);
#1187=LINE('',#8977,#1712);
#1188=LINE('',#8992,#1713);
#1189=LINE('',#9007,#1714);
#1190=LINE('',#9022,#1715);
#1191=LINE('',#9037,#1716);
#1192=LINE('',#9052,#1717);
#1193=LINE('',#9080,#1718);
#1194=LINE('',#9085,#1719);
#1195=LINE('',#9097,#1720);
#1196=LINE('',#9112,#1721);
#1197=LINE('',#9127,#1722);
#1198=LINE('',#9142,#1723);
#1199=LINE('',#9157,#1724);
#1200=LINE('',#9163,#1725);
#1201=LINE('',#9165,#1726);
#1202=LINE('',#9166,#1727);
#1203=LINE('',#9169,#1728);
#1204=LINE('',#9171,#1729);
#1205=LINE('',#9172,#1730);
#1206=LINE('',#9175,#1731);
#1207=LINE('',#9177,#1732);
#1208=LINE('',#9178,#1733);
#1209=LINE('',#9190,#1734);
#1210=LINE('',#9205,#1735);
#1211=LINE('',#9220,#1736);
#1212=LINE('',#9235,#1737);
#1213=LINE('',#9250,#1738);
#1214=LINE('',#9265,#1739);
#1215=LINE('',#9271,#1740);
#1216=LINE('',#9273,#1741);
#1217=LINE('',#9274,#1742);
#1218=LINE('',#9286,#1743);
#1219=LINE('',#9301,#1744);
#1220=LINE('',#9316,#1745);
#1221=LINE('',#9331,#1746);
#1222=LINE('',#9346,#1747);
#1223=LINE('',#9352,#1748);
#1224=LINE('',#9354,#1749);
#1225=LINE('',#9355,#1750);
#1226=LINE('',#9381,#1751);
#1227=LINE('',#9386,#1752);
#1228=LINE('',#9398,#1753);
#1229=LINE('',#9413,#1754);
#1230=LINE('',#9428,#1755);
#1231=LINE('',#9443,#1756);
#1232=LINE('',#9458,#1757);
#1233=LINE('',#9473,#1758);
#1234=LINE('',#9501,#1759);
#1235=LINE('',#9506,#1760);
#1236=LINE('',#9518,#1761);
#1237=LINE('',#9533,#1762);
#1238=LINE('',#9548,#1763);
#1239=LINE('',#9563,#1764);
#1240=LINE('',#9578,#1765);
#1241=LINE('',#9593,#1766);
#1242=LINE('',#9608,#1767);
#1243=LINE('',#9623,#1768);
#1244=LINE('',#9652,#1769);
#1245=LINE('',#9657,#1770);
#1246=LINE('',#9669,#1771);
#1247=LINE('',#9684,#1772);
#1248=LINE('',#9699,#1773);
#1249=LINE('',#9714,#1774);
#1250=LINE('',#9729,#1775);
#1251=LINE('',#9744,#1776);
#1252=LINE('',#9759,#1777);
#1253=LINE('',#9774,#1778);
#1254=LINE('',#9789,#1779);
#1255=LINE('',#9804,#1780);
#1256=LINE('',#9810,#1781);
#1257=LINE('',#9812,#1782);
#1258=LINE('',#9813,#1783);
#1259=LINE('',#9825,#1784);
#1260=LINE('',#9840,#1785);
#1261=LINE('',#9855,#1786);
#1262=LINE('',#9870,#1787);
#1263=LINE('',#9885,#1788);
#1264=LINE('',#9900,#1789);
#1265=LINE('',#9915,#1790);
#1266=LINE('',#9930,#1791);
#1267=LINE('',#9945,#1792);
#1268=LINE('',#9960,#1793);
#1269=LINE('',#9975,#1794);
#1270=LINE('',#9990,#1795);
#1271=LINE('',#9996,#1796);
#1272=LINE('',#9998,#1797);
#1273=LINE('',#9999,#1798);
#1274=LINE('',#10025,#1799);
#1275=LINE('',#10030,#1800);
#1276=LINE('',#10042,#1801);
#1277=LINE('',#10057,#1802);
#1278=LINE('',#10072,#1803);
#1279=LINE('',#10087,#1804);
#1280=LINE('',#10102,#1805);
#1281=LINE('',#10117,#1806);
#1282=LINE('',#10132,#1807);
#1283=LINE('',#10137,#1808);
#1284=LINE('',#10138,#1809);
#1285=LINE('',#10151,#1810);
#1286=LINE('',#10156,#1811);
#1287=LINE('',#10168,#1812);
#1288=LINE('',#10183,#1813);
#1289=LINE('',#10189,#1814);
#1290=LINE('',#10191,#1815);
#1291=LINE('',#10192,#1816);
#1292=LINE('',#10204,#1817);
#1293=LINE('',#10219,#1818);
#1294=LINE('',#10234,#1819);
#1295=LINE('',#10249,#1820);
#1296=LINE('',#10264,#1821);
#1297=LINE('',#10279,#1822);
#1298=LINE('',#10294,#1823);
#1299=LINE('',#10309,#1824);
#1300=LINE('',#10324,#1825);
#1301=LINE('',#10339,#1826);
#1302=LINE('',#10345,#1827);
#1303=LINE('',#10347,#1828);
#1304=LINE('',#10348,#1829);
#1305=LINE('',#10360,#1830);
#1306=LINE('',#10375,#1831);
#1307=LINE('',#10381,#1832);
#1308=LINE('',#10383,#1833);
#1309=LINE('',#10384,#1834);
#1310=LINE('',#10396,#1835);
#1311=LINE('',#10411,#1836);
#1312=LINE('',#10426,#1837);
#1313=LINE('',#10441,#1838);
#1314=LINE('',#10456,#1839);
#1315=LINE('',#10462,#1840);
#1316=LINE('',#10464,#1841);
#1317=LINE('',#10465,#1842);
#1318=LINE('',#10482,#1843);
#1319=LINE('',#10484,#1844);
#1320=LINE('',#10486,#1845);
#1321=LINE('',#10487,#1846);
#1322=LINE('',#10490,#1847);
#1323=LINE('',#10492,#1848);
#1324=LINE('',#10493,#1849);
#1325=LINE('',#10496,#1850);
#1326=LINE('',#10498,#1851);
#1327=LINE('',#10499,#1852);
#1328=LINE('',#10502,#1853);
#1329=LINE('',#10504,#1854);
#1330=LINE('',#10505,#1855);
#1331=LINE('',#10508,#1856);
#1332=LINE('',#10510,#1857);
#1333=LINE('',#10511,#1858);
#1334=LINE('',#10514,#1859);
#1335=LINE('',#10516,#1860);
#1336=LINE('',#10517,#1861);
#1337=LINE('',#10520,#1862);
#1338=LINE('',#10522,#1863);
#1339=LINE('',#10523,#1864);
#1340=LINE('',#10526,#1865);
#1341=LINE('',#10528,#1866);
#1342=LINE('',#10529,#1867);
#1343=LINE('',#10532,#1868);
#1344=LINE('',#10534,#1869);
#1345=LINE('',#10535,#1870);
#1346=LINE('',#10537,#1871);
#1347=LINE('',#10538,#1872);
#1348=LINE('',#10552,#1873);
#1349=LINE('',#10557,#1874);
#1350=LINE('',#10569,#1875);
#1351=LINE('',#10584,#1876);
#1352=LINE('',#10599,#1877);
#1353=LINE('',#10614,#1878);
#1354=LINE('',#10629,#1879);
#1355=LINE('',#10644,#1880);
#1356=LINE('',#10672,#1881);
#1357=LINE('',#10677,#1882);
#1358=LINE('',#10689,#1883);
#1359=LINE('',#10704,#1884);
#1360=LINE('',#10719,#1885);
#1361=LINE('',#10734,#1886);
#1362=LINE('',#10749,#1887);
#1363=LINE('',#10764,#1888);
#1364=LINE('',#10779,#1889);
#1365=LINE('',#10794,#1890);
#1366=LINE('',#10814,#1891);
#1367=LINE('',#10816,#1892);
#1368=LINE('',#10818,#1893);
#1369=LINE('',#10819,#1894);
#1370=LINE('',#10822,#1895);
#1371=LINE('',#10824,#1896);
#1372=LINE('',#10825,#1897);
#1373=LINE('',#10828,#1898);
#1374=LINE('',#10830,#1899);
#1375=LINE('',#10831,#1900);
#1376=LINE('',#10834,#1901);
#1377=LINE('',#10836,#1902);
#1378=LINE('',#10837,#1903);
#1379=LINE('',#10840,#1904);
#1380=LINE('',#10842,#1905);
#1381=LINE('',#10843,#1906);
#1382=LINE('',#10846,#1907);
#1383=LINE('',#10848,#1908);
#1384=LINE('',#10849,#1909);
#1385=LINE('',#10852,#1910);
#1386=LINE('',#10854,#1911);
#1387=LINE('',#10855,#1912);
#1388=LINE('',#10858,#1913);
#1389=LINE('',#10860,#1914);
#1390=LINE('',#10861,#1915);
#1391=LINE('',#10864,#1916);
#1392=LINE('',#10866,#1917);
#1393=LINE('',#10867,#1918);
#1394=LINE('',#10869,#1919);
#1395=LINE('',#10870,#1920);
#1396=LINE('',#10884,#1921);
#1397=LINE('',#10887,#1922);
#1398=LINE('',#10890,#1923);
#1399=LINE('',#10894,#1924);
#1400=LINE('',#10898,#1925);
#1401=LINE('',#10901,#1926);
#1402=LINE('',#10912,#1927);
#1403=LINE('',#10914,#1928);
#1404=LINE('',#10916,#1929);
#1405=LINE('',#10917,#1930);
#1406=LINE('',#10920,#1931);
#1407=LINE('',#10922,#1932);
#1408=LINE('',#10924,#1933);
#1409=LINE('',#10925,#1934);
#1410=LINE('',#10928,#1935);
#1411=LINE('',#10929,#1936);
#1412=LINE('',#10933,#1937);
#1413=LINE('',#10938,#1938);
#1414=LINE('',#10939,#1939);
#1415=LINE('',#10942,#1940);
#1416=LINE('',#10943,#1941);
#1417=LINE('',#10946,#1942);
#1418=LINE('',#10949,#1943);
#1419=LINE('',#10953,#1944);
#1420=LINE('',#10955,#1945);
#1421=LINE('',#10957,#1946);
#1422=LINE('',#10958,#1947);
#1423=LINE('',#10961,#1948);
#1424=LINE('',#10963,#1949);
#1425=LINE('',#10964,#1950);
#1426=LINE('',#10967,#1951);
#1427=LINE('',#10969,#1952);
#1428=LINE('',#10970,#1953);
#1429=LINE('',#10972,#1954);
#1430=LINE('',#10973,#1955);
#1431=LINE('',#10977,#1956);
#1432=LINE('',#10979,#1957);
#1433=LINE('',#10981,#1958);
#1434=LINE('',#10982,#1959);
#1435=LINE('',#10986,#1960);
#1436=LINE('',#10990,#1961);
#1437=LINE('',#10994,#1962);
#1438=LINE('',#10998,#1963);
#1439=LINE('',#11002,#1964);
#1440=LINE('',#11004,#1965);
#1441=LINE('',#11006,#1966);
#1442=LINE('',#11007,#1967);
#1443=LINE('',#11009,#1968);
#1444=LINE('',#11010,#1969);
#1445=LINE('',#11012,#1970);
#1446=LINE('',#11014,#1971);
#1447=LINE('',#11017,#1972);
#1448=LINE('',#11018,#1973);
#1449=LINE('',#11020,#1974);
#1450=LINE('',#11022,#1975);
#1451=LINE('',#11026,#1976);
#1452=LINE('',#11028,#1977);
#1453=LINE('',#11029,#1978);
#1454=LINE('',#11033,#1979);
#1455=LINE('',#11036,#1980);
#1456=LINE('',#11037,#1981);
#1457=LINE('',#11041,#1982);
#1458=LINE('',#11044,#1983);
#1459=LINE('',#11045,#1984);
#1460=LINE('',#11049,#1985);
#1461=LINE('',#11052,#1986);
#1462=LINE('',#11053,#1987);
#1463=LINE('',#11059,#1988);
#1464=LINE('',#11063,#1989);
#1465=LINE('',#11067,#1990);
#1466=LINE('',#11071,#1991);
#1467=LINE('',#11073,#1992);
#1468=VECTOR('',#6548,10.);
#1469=VECTOR('',#6549,10.);
#1470=VECTOR('',#6550,10.);
#1471=VECTOR('',#6551,10.);
#1472=VECTOR('',#6552,10.);
#1473=VECTOR('',#6553,10.);
#1474=VECTOR('',#6554,10.);
#1475=VECTOR('',#6555,10.);
#1476=VECTOR('',#6556,10.);
#1477=VECTOR('',#6557,10.);
#1478=VECTOR('',#6558,10.);
#1479=VECTOR('',#6559,10.);
#1480=VECTOR('',#6560,10.);
#1481=VECTOR('',#6561,10.);
#1482=VECTOR('',#6562,10.);
#1483=VECTOR('',#6563,10.);
#1484=VECTOR('',#6564,10.);
#1485=VECTOR('',#6565,10.);
#1486=VECTOR('',#6570,10.);
#1487=VECTOR('',#6571,10.);
#1488=VECTOR('',#6572,10.);
#1489=VECTOR('',#6573,10.);
#1490=VECTOR('',#6576,10.);
#1491=VECTOR('',#6577,10.);
#1492=VECTOR('',#6578,10.);
#1493=VECTOR('',#6581,10.);
#1494=VECTOR('',#6582,10.);
#1495=VECTOR('',#6583,10.);
#1496=VECTOR('',#6586,10.);
#1497=VECTOR('',#6587,10.);
#1498=VECTOR('',#6588,10.);
#1499=VECTOR('',#6591,10.);
#1500=VECTOR('',#6592,10.);
#1501=VECTOR('',#6593,10.);
#1502=VECTOR('',#6596,10.);
#1503=VECTOR('',#6597,10.);
#1504=VECTOR('',#6598,10.);
#1505=VECTOR('',#6601,10.);
#1506=VECTOR('',#6602,10.);
#1507=VECTOR('',#6603,10.);
#1508=VECTOR('',#6606,10.);
#1509=VECTOR('',#6607,10.);
#1510=VECTOR('',#6608,10.);
#1511=VECTOR('',#6611,10.);
#1512=VECTOR('',#6612,10.);
#1513=VECTOR('',#6613,10.);
#1514=VECTOR('',#6616,10.);
#1515=VECTOR('',#6617,10.);
#1516=VECTOR('',#6622,10.);
#1517=VECTOR('',#6623,10.);
#1518=VECTOR('',#6624,10.);
#1519=VECTOR('',#6625,10.);
#1520=VECTOR('',#6628,10.);
#1521=VECTOR('',#6629,10.);
#1522=VECTOR('',#6630,10.);
#1523=VECTOR('',#6633,10.);
#1524=VECTOR('',#6634,10.);
#1525=VECTOR('',#6635,10.);
#1526=VECTOR('',#6638,10.);
#1527=VECTOR('',#6639,10.);
#1528=VECTOR('',#6640,10.);
#1529=VECTOR('',#6643,10.);
#1530=VECTOR('',#6644,10.);
#1531=VECTOR('',#6645,10.);
#1532=VECTOR('',#6648,10.);
#1533=VECTOR('',#6649,10.);
#1534=VECTOR('',#6650,10.);
#1535=VECTOR('',#6653,10.);
#1536=VECTOR('',#6654,10.);
#1537=VECTOR('',#6655,10.);
#1538=VECTOR('',#6658,10.);
#1539=VECTOR('',#6659,10.);
#1540=VECTOR('',#6660,10.);
#1541=VECTOR('',#6663,10.);
#1542=VECTOR('',#6664,10.);
#1543=VECTOR('',#6665,10.);
#1544=VECTOR('',#6668,10.);
#1545=VECTOR('',#6669,10.);
#1546=VECTOR('',#6670,10.);
#1547=VECTOR('',#6673,10.);
#1548=VECTOR('',#6674,10.);
#1549=VECTOR('',#6675,10.);
#1550=VECTOR('',#6678,10.);
#1551=VECTOR('',#6679,10.);
#1552=VECTOR('',#6682,10.);
#1553=VECTOR('',#6683,10.);
#1554=VECTOR('',#6684,10.);
#1555=VECTOR('',#6685,10.);
#1556=VECTOR('',#6686,10.);
#1557=VECTOR('',#6687,10.);
#1558=VECTOR('',#6690,10.);
#1559=VECTOR('',#6691,10.);
#1560=VECTOR('',#6692,10.);
#1561=VECTOR('',#6695,10.);
#1562=VECTOR('',#6696,10.);
#1563=VECTOR('',#6697,10.);
#1564=VECTOR('',#6700,10.);
#1565=VECTOR('',#6701,10.);
#1566=VECTOR('',#6702,10.);
#1567=VECTOR('',#6705,10.);
#1568=VECTOR('',#6706,10.);
#1569=VECTOR('',#6707,10.);
#1570=VECTOR('',#6710,10.);
#1571=VECTOR('',#6711,10.);
#1572=VECTOR('',#6712,10.);
#1573=VECTOR('',#6713,10.);
#1574=VECTOR('',#6714,10.);
#1575=VECTOR('',#6715,10.);
#1576=VECTOR('',#6716,10.);
#1577=VECTOR('',#6717,10.);
#1578=VECTOR('',#6718,10.);
#1579=VECTOR('',#6721,10.);
#1580=VECTOR('',#6722,10.);
#1581=VECTOR('',#6723,10.);
#1582=VECTOR('',#6726,10.);
#1583=VECTOR('',#6727,10.);
#1584=VECTOR('',#6728,10.);
#1585=VECTOR('',#6731,10.);
#1586=VECTOR('',#6732,10.);
#1587=VECTOR('',#6735,10.);
#1588=VECTOR('',#6736,10.);
#1589=VECTOR('',#6737,10.);
#1590=VECTOR('',#6738,10.);
#1591=VECTOR('',#6739,10.);
#1592=VECTOR('',#6742,10.);
#1593=VECTOR('',#6743,10.);
#1594=VECTOR('',#6744,10.);
#1595=VECTOR('',#6745,10.);
#1596=VECTOR('',#6746,10.);
#1597=VECTOR('',#6747,10.);
#1598=VECTOR('',#6748,10.);
#1599=VECTOR('',#6749,10.);
#1600=VECTOR('',#6752,10.);
#1601=VECTOR('',#6753,10.);
#1602=VECTOR('',#6754,10.);
#1603=VECTOR('',#6757,10.);
#1604=VECTOR('',#6758,10.);
#1605=VECTOR('',#6759,10.);
#1606=VECTOR('',#6762,10.);
#1607=VECTOR('',#6763,10.);
#1608=VECTOR('',#6768,10.);
#1609=VECTOR('',#6769,10.);
#1610=VECTOR('',#6770,10.);
#1611=VECTOR('',#6771,10.);
#1612=VECTOR('',#6774,10.);
#1613=VECTOR('',#6775,10.);
#1614=VECTOR('',#6776,10.);
#1615=VECTOR('',#6779,10.);
#1616=VECTOR('',#6780,10.);
#1617=VECTOR('',#6781,10.);
#1618=VECTOR('',#6784,10.);
#1619=VECTOR('',#6785,10.);
#1620=VECTOR('',#6788,10.);
#1621=VECTOR('',#6789,10.);
#1622=VECTOR('',#6790,10.);
#1623=VECTOR('',#6791,10.);
#1624=VECTOR('',#6792,10.);
#1625=VECTOR('',#6793,10.);
#1626=VECTOR('',#6794,10.);
#1627=VECTOR('',#6795,10.);
#1628=VECTOR('',#6796,10.);
#1629=VECTOR('',#6797,10.);
#1630=VECTOR('',#6798,10.);
#1631=VECTOR('',#6799,10.);
#1632=VECTOR('',#6800,10.);
#1633=VECTOR('',#6801,10.);
#1634=VECTOR('',#6802,10.);
#1635=VECTOR('',#6805,10.);
#1636=VECTOR('',#6806,10.);
#1637=VECTOR('',#6807,10.);
#1638=VECTOR('',#6810,10.);
#1639=VECTOR('',#6811,10.);
#1640=VECTOR('',#6812,10.);
#1641=VECTOR('',#6815,10.);
#1642=VECTOR('',#6816,10.);
#1643=VECTOR('',#6817,10.);
#1644=VECTOR('',#6818,10.);
#1645=VECTOR('',#6819,10.);
#1646=VECTOR('',#6820,10.);
#1647=VECTOR('',#6821,10.);
#1648=VECTOR('',#6822,10.);
#1649=VECTOR('',#6823,10.);
#1650=VECTOR('',#6826,10.);
#1651=VECTOR('',#6827,10.);
#1652=VECTOR('',#6828,10.);
#1653=VECTOR('',#6829,10.);
#1654=VECTOR('',#6830,10.);
#1655=VECTOR('',#6831,10.);
#1656=VECTOR('',#6832,10.);
#1657=VECTOR('',#6833,10.);
#1658=VECTOR('',#6836,10.);
#1659=VECTOR('',#6837,10.);
#1660=VECTOR('',#6838,10.);
#1661=VECTOR('',#6843,10.);
#1662=VECTOR('',#6844,10.);
#1663=VECTOR('',#6845,10.);
#1664=VECTOR('',#6846,10.);
#1665=VECTOR('',#6849,10.);
#1666=VECTOR('',#6850,10.);
#1667=VECTOR('',#6851,10.);
#1668=VECTOR('',#6854,10.);
#1669=VECTOR('',#6855,10.);
#1670=VECTOR('',#6856,10.);
#1671=VECTOR('',#6859,10.);
#1672=VECTOR('',#6860,10.);
#1673=VECTOR('',#6865,10.);
#1674=VECTOR('',#6866,10.);
#1675=VECTOR('',#6867,10.);
#1676=VECTOR('',#6868,10.);
#1677=VECTOR('',#6871,10.);
#1678=VECTOR('',#6872,10.);
#1679=VECTOR('',#6873,10.);
#1680=VECTOR('',#6876,10.);
#1681=VECTOR('',#6877,10.);
#1682=VECTOR('',#6878,10.);
#1683=VECTOR('',#6881,10.);
#1684=VECTOR('',#6882,10.);
#1685=VECTOR('',#6885,10.);
#1686=VECTOR('',#6886,10.);
#1687=VECTOR('',#6887,10.);
#1688=VECTOR('',#6888,10.);
#1689=VECTOR('',#6889,10.);
#1690=VECTOR('',#6892,10.);
#1691=VECTOR('',#6893,10.);
#1692=VECTOR('',#6894,10.);
#1693=VECTOR('',#6895,10.);
#1694=VECTOR('',#6896,10.);
#1695=VECTOR('',#6897,10.);
#1696=VECTOR('',#6900,10.);
#1697=VECTOR('',#6901,10.);
#1698=VECTOR('',#6902,10.);
#1699=VECTOR('',#6903,10.);
#1700=VECTOR('',#6904,10.);
#1701=VECTOR('',#6905,10.);
#1702=VECTOR('',#6906,10.);
#1703=VECTOR('',#6907,10.);
#1704=VECTOR('',#6908,10.);
#1705=VECTOR('',#6909,10.);
#1706=VECTOR('',#6910,10.);
#1707=VECTOR('',#6913,10.);
#1708=VECTOR('',#6914,10.);
#1709=VECTOR('',#6915,10.);
#1710=VECTOR('',#6918,10.);
#1711=VECTOR('',#6919,10.);
#1712=VECTOR('',#6920,10.);
#1713=VECTOR('',#6921,10.);
#1714=VECTOR('',#6922,10.);
#1715=VECTOR('',#6923,10.);
#1716=VECTOR('',#6924,10.);
#1717=VECTOR('',#6925,10.);
#1718=VECTOR('',#6926,10.);
#1719=VECTOR('',#6927,10.);
#1720=VECTOR('',#6928,10.);
#1721=VECTOR('',#6929,10.);
#1722=VECTOR('',#6930,10.);
#1723=VECTOR('',#6931,10.);
#1724=VECTOR('',#6932,10.);
#1725=VECTOR('',#6935,10.);
#1726=VECTOR('',#6936,10.);
#1727=VECTOR('',#6937,10.);
#1728=VECTOR('',#6940,10.);
#1729=VECTOR('',#6941,10.);
#1730=VECTOR('',#6942,10.);
#1731=VECTOR('',#6945,10.);
#1732=VECTOR('',#6946,10.);
#1733=VECTOR('',#6947,10.);
#1734=VECTOR('',#6948,10.);
#1735=VECTOR('',#6949,10.);
#1736=VECTOR('',#6950,10.);
#1737=VECTOR('',#6951,10.);
#1738=VECTOR('',#6952,10.);
#1739=VECTOR('',#6953,10.);
#1740=VECTOR('',#6956,10.);
#1741=VECTOR('',#6957,10.);
#1742=VECTOR('',#6958,10.);
#1743=VECTOR('',#6959,10.);
#1744=VECTOR('',#6960,10.);
#1745=VECTOR('',#6961,10.);
#1746=VECTOR('',#6962,10.);
#1747=VECTOR('',#6963,10.);
#1748=VECTOR('',#6966,10.);
#1749=VECTOR('',#6967,10.);
#1750=VECTOR('',#6968,10.);
#1751=VECTOR('',#6971,10.);
#1752=VECTOR('',#6972,10.);
#1753=VECTOR('',#6973,10.);
#1754=VECTOR('',#6974,10.);
#1755=VECTOR('',#6975,10.);
#1756=VECTOR('',#6976,10.);
#1757=VECTOR('',#6977,10.);
#1758=VECTOR('',#6978,10.);
#1759=VECTOR('',#6979,10.);
#1760=VECTOR('',#6980,10.);
#1761=VECTOR('',#6981,10.);
#1762=VECTOR('',#6982,10.);
#1763=VECTOR('',#6983,10.);
#1764=VECTOR('',#6984,10.);
#1765=VECTOR('',#6985,10.);
#1766=VECTOR('',#6986,10.);
#1767=VECTOR('',#6987,10.);
#1768=VECTOR('',#6988,10.);
#1769=VECTOR('',#6991,10.);
#1770=VECTOR('',#6992,10.);
#1771=VECTOR('',#6993,10.);
#1772=VECTOR('',#6994,10.);
#1773=VECTOR('',#6995,10.);
#1774=VECTOR('',#6996,10.);
#1775=VECTOR('',#6997,10.);
#1776=VECTOR('',#6998,10.);
#1777=VECTOR('',#6999,10.);
#1778=VECTOR('',#7000,10.);
#1779=VECTOR('',#7001,10.);
#1780=VECTOR('',#7002,10.);
#1781=VECTOR('',#7005,10.);
#1782=VECTOR('',#7006,10.);
#1783=VECTOR('',#7007,10.);
#1784=VECTOR('',#7008,10.);
#1785=VECTOR('',#7009,10.);
#1786=VECTOR('',#7010,10.);
#1787=VECTOR('',#7011,10.);
#1788=VECTOR('',#7012,10.);
#1789=VECTOR('',#7013,10.);
#1790=VECTOR('',#7014,10.);
#1791=VECTOR('',#7015,10.);
#1792=VECTOR('',#7016,10.);
#1793=VECTOR('',#7017,10.);
#1794=VECTOR('',#7018,10.);
#1795=VECTOR('',#7019,10.);
#1796=VECTOR('',#7022,10.);
#1797=VECTOR('',#7023,10.);
#1798=VECTOR('',#7024,10.);
#1799=VECTOR('',#7027,10.);
#1800=VECTOR('',#7028,10.);
#1801=VECTOR('',#7029,10.);
#1802=VECTOR('',#7030,10.);
#1803=VECTOR('',#7031,10.);
#1804=VECTOR('',#7032,10.);
#1805=VECTOR('',#7033,10.);
#1806=VECTOR('',#7034,10.);
#1807=VECTOR('',#7035,10.);
#1808=VECTOR('',#7038,10.);
#1809=VECTOR('',#7039,10.);
#1810=VECTOR('',#7040,10.);
#1811=VECTOR('',#7041,10.);
#1812=VECTOR('',#7042,10.);
#1813=VECTOR('',#7043,10.);
#1814=VECTOR('',#7046,10.);
#1815=VECTOR('',#7047,10.);
#1816=VECTOR('',#7048,10.);
#1817=VECTOR('',#7049,10.);
#1818=VECTOR('',#7050,10.);
#1819=VECTOR('',#7051,10.);
#1820=VECTOR('',#7052,10.);
#1821=VECTOR('',#7053,10.);
#1822=VECTOR('',#7054,10.);
#1823=VECTOR('',#7055,10.);
#1824=VECTOR('',#7056,10.);
#1825=VECTOR('',#7057,10.);
#1826=VECTOR('',#7058,10.);
#1827=VECTOR('',#7061,10.);
#1828=VECTOR('',#7062,10.);
#1829=VECTOR('',#7063,10.);
#1830=VECTOR('',#7064,10.);
#1831=VECTOR('',#7065,10.);
#1832=VECTOR('',#7068,10.);
#1833=VECTOR('',#7069,10.);
#1834=VECTOR('',#7070,10.);
#1835=VECTOR('',#7071,10.);
#1836=VECTOR('',#7072,10.);
#1837=VECTOR('',#7073,10.);
#1838=VECTOR('',#7074,10.);
#1839=VECTOR('',#7075,10.);
#1840=VECTOR('',#7078,10.);
#1841=VECTOR('',#7079,10.);
#1842=VECTOR('',#7080,10.);
#1843=VECTOR('',#7085,10.);
#1844=VECTOR('',#7086,10.);
#1845=VECTOR('',#7087,10.);
#1846=VECTOR('',#7088,10.);
#1847=VECTOR('',#7091,10.);
#1848=VECTOR('',#7092,10.);
#1849=VECTOR('',#7093,10.);
#1850=VECTOR('',#7096,10.);
#1851=VECTOR('',#7097,10.);
#1852=VECTOR('',#7098,10.);
#1853=VECTOR('',#7101,10.);
#1854=VECTOR('',#7102,10.);
#1855=VECTOR('',#7103,10.);
#1856=VECTOR('',#7106,10.);
#1857=VECTOR('',#7107,10.);
#1858=VECTOR('',#7108,10.);
#1859=VECTOR('',#7111,10.);
#1860=VECTOR('',#7112,10.);
#1861=VECTOR('',#7113,10.);
#1862=VECTOR('',#7116,10.);
#1863=VECTOR('',#7117,10.);
#1864=VECTOR('',#7118,10.);
#1865=VECTOR('',#7121,10.);
#1866=VECTOR('',#7122,10.);
#1867=VECTOR('',#7123,10.);
#1868=VECTOR('',#7126,10.);
#1869=VECTOR('',#7127,10.);
#1870=VECTOR('',#7128,10.);
#1871=VECTOR('',#7131,10.);
#1872=VECTOR('',#7132,10.);
#1873=VECTOR('',#7135,10.);
#1874=VECTOR('',#7136,10.);
#1875=VECTOR('',#7137,10.);
#1876=VECTOR('',#7138,10.);
#1877=VECTOR('',#7139,10.);
#1878=VECTOR('',#7140,10.);
#1879=VECTOR('',#7141,10.);
#1880=VECTOR('',#7142,10.);
#1881=VECTOR('',#7143,10.);
#1882=VECTOR('',#7144,10.);
#1883=VECTOR('',#7145,10.);
#1884=VECTOR('',#7146,10.);
#1885=VECTOR('',#7147,10.);
#1886=VECTOR('',#7148,10.);
#1887=VECTOR('',#7149,10.);
#1888=VECTOR('',#7150,10.);
#1889=VECTOR('',#7151,10.);
#1890=VECTOR('',#7152,10.);
#1891=VECTOR('',#7157,10.);
#1892=VECTOR('',#7158,10.);
#1893=VECTOR('',#7159,10.);
#1894=VECTOR('',#7160,10.);
#1895=VECTOR('',#7163,10.);
#1896=VECTOR('',#7164,10.);
#1897=VECTOR('',#7165,10.);
#1898=VECTOR('',#7168,10.);
#1899=VECTOR('',#7169,10.);
#1900=VECTOR('',#7170,10.);
#1901=VECTOR('',#7173,10.);
#1902=VECTOR('',#7174,10.);
#1903=VECTOR('',#7175,10.);
#1904=VECTOR('',#7178,10.);
#1905=VECTOR('',#7179,10.);
#1906=VECTOR('',#7180,10.);
#1907=VECTOR('',#7183,10.);
#1908=VECTOR('',#7184,10.);
#1909=VECTOR('',#7185,10.);
#1910=VECTOR('',#7188,10.);
#1911=VECTOR('',#7189,10.);
#1912=VECTOR('',#7190,10.);
#1913=VECTOR('',#7193,10.);
#1914=VECTOR('',#7194,10.);
#1915=VECTOR('',#7195,10.);
#1916=VECTOR('',#7198,10.);
#1917=VECTOR('',#7199,10.);
#1918=VECTOR('',#7200,10.);
#1919=VECTOR('',#7203,10.);
#1920=VECTOR('',#7204,10.);
#1921=VECTOR('',#7225,10.);
#1922=VECTOR('',#7228,10.);
#1923=VECTOR('',#7231,10.);
#1924=VECTOR('',#7234,10.);
#1925=VECTOR('',#7237,10.);
#1926=VECTOR('',#7240,10.);
#1927=VECTOR('',#7249,10.);
#1928=VECTOR('',#7250,10.);
#1929=VECTOR('',#7251,10.);
#1930=VECTOR('',#7252,10.);
#1931=VECTOR('',#7253,10.);
#1932=VECTOR('',#7254,10.);
#1933=VECTOR('',#7255,10.);
#1934=VECTOR('',#7256,10.);
#1935=VECTOR('',#7259,10.);
#1936=VECTOR('',#7260,10.);
#1937=VECTOR('',#7265,10.);
#1938=VECTOR('',#7270,10.);
#1939=VECTOR('',#7271,10.);
#1940=VECTOR('',#7274,10.);
#1941=VECTOR('',#7275,10.);
#1942=VECTOR('',#7278,10.);
#1943=VECTOR('',#7283,10.);
#1944=VECTOR('',#7286,10.);
#1945=VECTOR('',#7287,10.);
#1946=VECTOR('',#7288,10.);
#1947=VECTOR('',#7289,10.);
#1948=VECTOR('',#7292,10.);
#1949=VECTOR('',#7293,10.);
#1950=VECTOR('',#7294,10.);
#1951=VECTOR('',#7297,10.);
#1952=VECTOR('',#7298,10.);
#1953=VECTOR('',#7299,10.);
#1954=VECTOR('',#7302,10.);
#1955=VECTOR('',#7303,10.);
#1956=VECTOR('',#7306,10.);
#1957=VECTOR('',#7307,10.);
#1958=VECTOR('',#7308,10.);
#1959=VECTOR('',#7309,10.);
#1960=VECTOR('',#7312,10.);
#1961=VECTOR('',#7315,10.);
#1962=VECTOR('',#7318,10.);
#1963=VECTOR('',#7321,10.);
#1964=VECTOR('',#7324,10.);
#1965=VECTOR('',#7325,10.);
#1966=VECTOR('',#7326,10.);
#1967=VECTOR('',#7327,10.);
#1968=VECTOR('',#7330,10.);
#1969=VECTOR('',#7331,10.);
#1970=VECTOR('',#7334,10.);
#1971=VECTOR('',#7337,10.);
#1972=VECTOR('',#7342,10.);
#1973=VECTOR('',#7343,10.);
#1974=VECTOR('',#7346,10.);
#1975=VECTOR('',#7349,10.);
#1976=VECTOR('',#7354,10.);
#1977=VECTOR('',#7355,10.);
#1978=VECTOR('',#7356,10.);
#1979=VECTOR('',#7361,10.);
#1980=VECTOR('',#7364,10.);
#1981=VECTOR('',#7365,10.);
#1982=VECTOR('',#7370,10.);
#1983=VECTOR('',#7373,10.);
#1984=VECTOR('',#7374,10.);
#1985=VECTOR('',#7379,10.);
#1986=VECTOR('',#7382,10.);
#1987=VECTOR('',#7383,10.);
#1988=VECTOR('',#7392,1.6);
#1989=VECTOR('',#7397,1.6);
#1990=VECTOR('',#7402,1.6);
#1991=VECTOR('',#7407,1.6);
#1992=VECTOR('',#7410,10.);
#1993=B_SPLINE_CURVE_WITH_KNOTS('',2,(#7422,#7423,#7424),.UNSPECIFIED.,
 .F.,.F.,(3,3),(0.,1.),.UNSPECIFIED.);
#1994=B_SPLINE_CURVE_WITH_KNOTS('',2,(#7428,#7429,#7430),.UNSPECIFIED.,
 .F.,.F.,(3,3),(0.,1.),.UNSPECIFIED.);
#1995=B_SPLINE_CURVE_WITH_KNOTS('',2,(#7439,#7440,#7441),.UNSPECIFIED.,
 .F.,.F.,(3,3),(0.,1.),.UNSPECIFIED.);
#1996=B_SPLINE_CURVE_WITH_KNOTS('',2,(#7444,#7445,#7446),.UNSPECIFIED.,
 .F.,.F.,(3,3),(0.,1.),.UNSPECIFIED.);
#1997=B_SPLINE_CURVE_WITH_KNOTS('',2,(#7454,#7455,#7456),.UNSPECIFIED.,
 .F.,.F.,(3,3),(0.,1.),.UNSPECIFIED.);
#1998=B_SPLINE_CURVE_WITH_KNOTS('',2,(#7459,#7460,#7461),.UNSPECIFIED.,
 .F.,.F.,(3,3),(0.,1.),.UNSPECIFIED.);
#1999=B_SPLINE_CURVE_WITH_KNOTS('',2,(#7469,#7470,#7471),.UNSPECIFIED.,
 .F.,.F.,(3,3),(0.,1.),.UNSPECIFIED.);
#2000=B_SPLINE_CURVE_WITH_KNOTS('',2,(#7474,#7475,#7476),.UNSPECIFIED.,
 .F.,.F.,(3,3),(0.,1.),.UNSPECIFIED.);
#2001=B_SPLINE_CURVE_WITH_KNOTS('',2,(#7484,#7485,#7486),.UNSPECIFIED.,
 .F.,.F.,(3,3),(0.,1.),.UNSPECIFIED.);
#2002=B_SPLINE_CURVE_WITH_KNOTS('',2,(#7489,#7490,#7491),.UNSPECIFIED.,
 .F.,.F.,(3,3),(0.,1.),.UNSPECIFIED.);
#2003=B_SPLINE_CURVE_WITH_KNOTS('',2,(#7499,#7500,#7501),.UNSPECIFIED.,
 .F.,.F.,(3,3),(0.,1.),.UNSPECIFIED.);
#2004=B_SPLINE_CURVE_WITH_KNOTS('',2,(#7504,#7505,#7506),.UNSPECIFIED.,
 .F.,.F.,(3,3),(0.,1.),.UNSPECIFIED.);
#2005=B_SPLINE_CURVE_WITH_KNOTS('',2,(#7514,#7515,#7516),.UNSPECIFIED.,
 .F.,.F.,(3,3),(0.,1.),.UNSPECIFIED.);
#2006=B_SPLINE_CURVE_WITH_KNOTS('',2,(#7519,#7520,#7521),.UNSPECIFIED.,
 .F.,.F.,(3,3),(0.,1.),.UNSPECIFIED.);
#2007=B_SPLINE_CURVE_WITH_KNOTS('',2,(#7528,#7529,#7530),.UNSPECIFIED.,
 .F.,.F.,(3,3),(0.,1.),.UNSPECIFIED.);
#2008=B_SPLINE_CURVE_WITH_KNOTS('',2,(#7531,#7532,#7533),.UNSPECIFIED.,
 .F.,.F.,(3,3),(0.,1.),.UNSPECIFIED.);
#2009=B_SPLINE_CURVE_WITH_KNOTS('',2,(#7542,#7543,#7544),.UNSPECIFIED.,
 .F.,.F.,(3,3),(0.,1.),.UNSPECIFIED.);
#2010=B_SPLINE_CURVE_WITH_KNOTS('',2,(#7548,#7549,#7550),.UNSPECIFIED.,
 .F.,.F.,(3,3),(0.,1.),.UNSPECIFIED.);
#2011=B_SPLINE_CURVE_WITH_KNOTS('',2,(#7559,#7560,#7561),.UNSPECIFIED.,
 .F.,.F.,(3,3),(0.,1.),.UNSPECIFIED.);
#2012=B_SPLINE_CURVE_WITH_KNOTS('',2,(#7564,#7565,#7566),.UNSPECIFIED.,
 .F.,.F.,(3,3),(0.,1.),.UNSPECIFIED.);
#2013=B_SPLINE_CURVE_WITH_KNOTS('',2,(#7574,#7575,#7576),.UNSPECIFIED.,
 .F.,.F.,(3,3),(0.,1.),.UNSPECIFIED.);
#2014=B_SPLINE_CURVE_WITH_KNOTS('',2,(#7579,#7580,#7581),.UNSPECIFIED.,
 .F.,.F.,(3,3),(0.,1.),.UNSPECIFIED.);
#2015=B_SPLINE_CURVE_WITH_KNOTS('',2,(#7589,#7590,#7591),.UNSPECIFIED.,
 .F.,.F.,(3,3),(0.,1.),.UNSPECIFIED.);
#2016=B_SPLINE_CURVE_WITH_KNOTS('',2,(#7594,#7595,#7596),.UNSPECIFIED.,
 .F.,.F.,(3,3),(0.,1.),.UNSPECIFIED.);
#2017=B_SPLINE_CURVE_WITH_KNOTS('',2,(#7604,#7605,#7606),.UNSPECIFIED.,
 .F.,.F.,(3,3),(0.,1.),.UNSPECIFIED.);
#2018=B_SPLINE_CURVE_WITH_KNOTS('',2,(#7609,#7610,#7611),.UNSPECIFIED.,
 .F.,.F.,(3,3),(0.,1.),.UNSPECIFIED.);
#2019=B_SPLINE_CURVE_WITH_KNOTS('',2,(#7619,#7620,#7621),.UNSPECIFIED.,
 .F.,.F.,(3,3),(0.,1.),.UNSPECIFIED.);
#2020=B_SPLINE_CURVE_WITH_KNOTS('',2,(#7624,#7625,#7626),.UNSPECIFIED.,
 .F.,.F.,(3,3),(0.,1.),.UNSPECIFIED.);
#2021=B_SPLINE_CURVE_WITH_KNOTS('',2,(#7634,#7635,#7636),.UNSPECIFIED.,
 .F.,.F.,(3,3),(0.,1.),.UNSPECIFIED.);
#2022=B_SPLINE_CURVE_WITH_KNOTS('',2,(#7639,#7640,#7641),.UNSPECIFIED.,
 .F.,.F.,(3,3),(0.,1.),.UNSPECIFIED.);
#2023=B_SPLINE_CURVE_WITH_KNOTS('',2,(#7649,#7650,#7651),.UNSPECIFIED.,
 .F.,.F.,(3,3),(0.,1.),.UNSPECIFIED.);
#2024=B_SPLINE_CURVE_WITH_KNOTS('',2,(#7654,#7655,#7656),.UNSPECIFIED.,
 .F.,.F.,(3,3),(0.,1.),.UNSPECIFIED.);
#2025=B_SPLINE_CURVE_WITH_KNOTS('',2,(#7664,#7665,#7666),.UNSPECIFIED.,
 .F.,.F.,(3,3),(0.,1.),.UNSPECIFIED.);
#2026=B_SPLINE_CURVE_WITH_KNOTS('',2,(#7669,#7670,#7671),.UNSPECIFIED.,
 .F.,.F.,(3,3),(0.,1.),.UNSPECIFIED.);
#2027=B_SPLINE_CURVE_WITH_KNOTS('',2,(#7678,#7679,#7680),.UNSPECIFIED.,
 .F.,.F.,(3,3),(0.,1.),.UNSPECIFIED.);
#2028=B_SPLINE_CURVE_WITH_KNOTS('',2,(#7681,#7682,#7683),.UNSPECIFIED.,
 .F.,.F.,(3,3),(0.,1.),.UNSPECIFIED.);
#2029=B_SPLINE_CURVE_WITH_KNOTS('',2,(#7827,#7828,#7829),.UNSPECIFIED.,
 .F.,.F.,(3,3),(0.,1.),.UNSPECIFIED.);
#2030=B_SPLINE_CURVE_WITH_KNOTS('',2,(#7833,#7834,#7835),.UNSPECIFIED.,
 .F.,.F.,(3,3),(0.,1.),.UNSPECIFIED.);
#2031=B_SPLINE_CURVE_WITH_KNOTS('',2,(#7844,#7845,#7846),.UNSPECIFIED.,
 .F.,.F.,(3,3),(0.,1.),.UNSPECIFIED.);
#2032=B_SPLINE_CURVE_WITH_KNOTS('',2,(#7849,#7850,#7851),.UNSPECIFIED.,
 .F.,.F.,(3,3),(0.,1.),.UNSPECIFIED.);
#2033=B_SPLINE_CURVE_WITH_KNOTS('',2,(#7859,#7860,#7861),.UNSPECIFIED.,
 .F.,.F.,(3,3),(0.,1.),.UNSPECIFIED.);
#2034=B_SPLINE_CURVE_WITH_KNOTS('',2,(#7864,#7865,#7866),.UNSPECIFIED.,
 .F.,.F.,(3,3),(0.,1.),.UNSPECIFIED.);
#2035=B_SPLINE_CURVE_WITH_KNOTS('',2,(#7874,#7875,#7876),.UNSPECIFIED.,
 .F.,.F.,(3,3),(0.,1.),.UNSPECIFIED.);
#2036=B_SPLINE_CURVE_WITH_KNOTS('',2,(#7879,#7880,#7881),.UNSPECIFIED.,
 .F.,.F.,(3,3),(0.,1.),.UNSPECIFIED.);
#2037=B_SPLINE_CURVE_WITH_KNOTS('',2,(#7889,#7890,#7891),.UNSPECIFIED.,
 .F.,.F.,(3,3),(0.,1.),.UNSPECIFIED.);
#2038=B_SPLINE_CURVE_WITH_KNOTS('',2,(#7894,#7895,#7896),.UNSPECIFIED.,
 .F.,.F.,(3,3),(0.,1.),.UNSPECIFIED.);
#2039=B_SPLINE_CURVE_WITH_KNOTS('',2,(#7934,#7935,#7936),.UNSPECIFIED.,
 .F.,.F.,(3,3),(0.,1.),.UNSPECIFIED.);
#2040=B_SPLINE_CURVE_WITH_KNOTS('',2,(#7939,#7940,#7941),.UNSPECIFIED.,
 .F.,.F.,(3,3),(0.,1.),.UNSPECIFIED.);
#2041=B_SPLINE_CURVE_WITH_KNOTS('',2,(#7949,#7950,#7951),.UNSPECIFIED.,
 .F.,.F.,(3,3),(0.,1.),.UNSPECIFIED.);
#2042=B_SPLINE_CURVE_WITH_KNOTS('',2,(#7954,#7955,#7956),.UNSPECIFIED.,
 .F.,.F.,(3,3),(0.,1.),.UNSPECIFIED.);
#2043=B_SPLINE_CURVE_WITH_KNOTS('',2,(#7964,#7965,#7966),.UNSPECIFIED.,
 .F.,.F.,(3,3),(0.,1.),.UNSPECIFIED.);
#2044=B_SPLINE_CURVE_WITH_KNOTS('',2,(#7969,#7970,#7971),.UNSPECIFIED.,
 .F.,.F.,(3,3),(0.,1.),.UNSPECIFIED.);
#2045=B_SPLINE_CURVE_WITH_KNOTS('',2,(#7979,#7980,#7981),.UNSPECIFIED.,
 .F.,.F.,(3,3),(0.,1.),.UNSPECIFIED.);
#2046=B_SPLINE_CURVE_WITH_KNOTS('',2,(#7984,#7985,#7986),.UNSPECIFIED.,
 .F.,.F.,(3,3),(0.,1.),.UNSPECIFIED.);
#2047=B_SPLINE_CURVE_WITH_KNOTS('',2,(#7994,#7995,#7996),.UNSPECIFIED.,
 .F.,.F.,(3,3),(0.,1.),.UNSPECIFIED.);
#2048=B_SPLINE_CURVE_WITH_KNOTS('',2,(#7999,#8000,#8001),.UNSPECIFIED.,
 .F.,.F.,(3,3),(0.,1.),.UNSPECIFIED.);
#2049=B_SPLINE_CURVE_WITH_KNOTS('',2,(#8009,#8010,#8011),.UNSPECIFIED.,
 .F.,.F.,(3,3),(0.,1.),.UNSPECIFIED.);
#2050=B_SPLINE_CURVE_WITH_KNOTS('',2,(#8014,#8015,#8016),.UNSPECIFIED.,
 .F.,.F.,(3,3),(0.,1.),.UNSPECIFIED.);
#2051=B_SPLINE_CURVE_WITH_KNOTS('',2,(#8041,#8042,#8043),.UNSPECIFIED.,
 .F.,.F.,(3,3),(0.,1.),.UNSPECIFIED.);
#2052=B_SPLINE_CURVE_WITH_KNOTS('',2,(#8047,#8048,#8049),.UNSPECIFIED.,
 .F.,.F.,(3,3),(0.,1.),.UNSPECIFIED.);
#2053=B_SPLINE_CURVE_WITH_KNOTS('',2,(#8058,#8059,#8060),.UNSPECIFIED.,
 .F.,.F.,(3,3),(0.,1.),.UNSPECIFIED.);
#2054=B_SPLINE_CURVE_WITH_KNOTS('',2,(#8063,#8064,#8065),.UNSPECIFIED.,
 .F.,.F.,(3,3),(0.,1.),.UNSPECIFIED.);
#2055=B_SPLINE_CURVE_WITH_KNOTS('',2,(#8073,#8074,#8075),.UNSPECIFIED.,
 .F.,.F.,(3,3),(0.,1.),.UNSPECIFIED.);
#2056=B_SPLINE_CURVE_WITH_KNOTS('',2,(#8078,#8079,#8080),.UNSPECIFIED.,
 .F.,.F.,(3,3),(0.,1.),.UNSPECIFIED.);
#2057=B_SPLINE_CURVE_WITH_KNOTS('',2,(#8088,#8089,#8090),.UNSPECIFIED.,
 .F.,.F.,(3,3),(0.,1.),.UNSPECIFIED.);
#2058=B_SPLINE_CURVE_WITH_KNOTS('',2,(#8093,#8094,#8095),.UNSPECIFIED.,
 .F.,.F.,(3,3),(0.,1.),.UNSPECIFIED.);
#2059=B_SPLINE_CURVE_WITH_KNOTS('',2,(#8109,#8110,#8111),.UNSPECIFIED.,
 .F.,.F.,(3,3),(0.,1.),.UNSPECIFIED.);
#2060=B_SPLINE_CURVE_WITH_KNOTS('',2,(#8114,#8115,#8116),.UNSPECIFIED.,
 .F.,.F.,(3,3),(0.,1.),.UNSPECIFIED.);
#2061=B_SPLINE_CURVE_WITH_KNOTS('',2,(#8124,#8125,#8126),.UNSPECIFIED.,
 .F.,.F.,(3,3),(0.,1.),.UNSPECIFIED.);
#2062=B_SPLINE_CURVE_WITH_KNOTS('',2,(#8129,#8130,#8131),.UNSPECIFIED.,
 .F.,.F.,(3,3),(0.,1.),.UNSPECIFIED.);
#2063=B_SPLINE_CURVE_WITH_KNOTS('',2,(#8139,#8140,#8141),.UNSPECIFIED.,
 .F.,.F.,(3,3),(0.,1.),.UNSPECIFIED.);
#2064=B_SPLINE_CURVE_WITH_KNOTS('',2,(#8144,#8145,#8146),.UNSPECIFIED.,
 .F.,.F.,(3,3),(0.,1.),.UNSPECIFIED.);
#2065=B_SPLINE_CURVE_WITH_KNOTS('',2,(#8154,#8155,#8156),.UNSPECIFIED.,
 .F.,.F.,(3,3),(0.,1.),.UNSPECIFIED.);
#2066=B_SPLINE_CURVE_WITH_KNOTS('',2,(#8159,#8160,#8161),.UNSPECIFIED.,
 .F.,.F.,(3,3),(0.,1.),.UNSPECIFIED.);
#2067=B_SPLINE_CURVE_WITH_KNOTS('',2,(#8169,#8170,#8171),.UNSPECIFIED.,
 .F.,.F.,(3,3),(0.,1.),.UNSPECIFIED.);
#2068=B_SPLINE_CURVE_WITH_KNOTS('',2,(#8174,#8175,#8176),.UNSPECIFIED.,
 .F.,.F.,(3,3),(0.,1.),.UNSPECIFIED.);
#2069=B_SPLINE_CURVE_WITH_KNOTS('',2,(#8226,#8227,#8228),.UNSPECIFIED.,
 .F.,.F.,(3,3),(0.,1.),.UNSPECIFIED.);
#2070=B_SPLINE_CURVE_WITH_KNOTS('',2,(#8232,#8233,#8234),.UNSPECIFIED.,
 .F.,.F.,(3,3),(0.,1.),.UNSPECIFIED.);
#2071=B_SPLINE_CURVE_WITH_KNOTS('',2,(#8243,#8244,#8245),.UNSPECIFIED.,
 .F.,.F.,(3,3),(0.,1.),.UNSPECIFIED.);
#2072=B_SPLINE_CURVE_WITH_KNOTS('',2,(#8248,#8249,#8250),.UNSPECIFIED.,
 .F.,.F.,(3,3),(0.,1.),.UNSPECIFIED.);
#2073=B_SPLINE_CURVE_WITH_KNOTS('',2,(#8258,#8259,#8260),.UNSPECIFIED.,
 .F.,.F.,(3,3),(0.,1.),.UNSPECIFIED.);
#2074=B_SPLINE_CURVE_WITH_KNOTS('',2,(#8263,#8264,#8265),.UNSPECIFIED.,
 .F.,.F.,(3,3),(0.,1.),.UNSPECIFIED.);
#2075=B_SPLINE_CURVE_WITH_KNOTS('',2,(#8273,#8274,#8275),.UNSPECIFIED.,
 .F.,.F.,(3,3),(0.,1.),.UNSPECIFIED.);
#2076=B_SPLINE_CURVE_WITH_KNOTS('',2,(#8278,#8279,#8280),.UNSPECIFIED.,
 .F.,.F.,(3,3),(0.,1.),.UNSPECIFIED.);
#2077=B_SPLINE_CURVE_WITH_KNOTS('',2,(#8288,#8289,#8290),.UNSPECIFIED.,
 .F.,.F.,(3,3),(0.,1.),.UNSPECIFIED.);
#2078=B_SPLINE_CURVE_WITH_KNOTS('',2,(#8293,#8294,#8295),.UNSPECIFIED.,
 .F.,.F.,(3,3),(0.,1.),.UNSPECIFIED.);
#2079=B_SPLINE_CURVE_WITH_KNOTS('',2,(#8303,#8304,#8305),.UNSPECIFIED.,
 .F.,.F.,(3,3),(0.,1.),.UNSPECIFIED.);
#2080=B_SPLINE_CURVE_WITH_KNOTS('',2,(#8308,#8309,#8310),.UNSPECIFIED.,
 .F.,.F.,(3,3),(0.,1.),.UNSPECIFIED.);
#2081=B_SPLINE_CURVE_WITH_KNOTS('',2,(#8318,#8319,#8320),.UNSPECIFIED.,
 .F.,.F.,(3,3),(0.,1.),.UNSPECIFIED.);
#2082=B_SPLINE_CURVE_WITH_KNOTS('',2,(#8323,#8324,#8325),.UNSPECIFIED.,
 .F.,.F.,(3,3),(0.,1.),.UNSPECIFIED.);
#2083=B_SPLINE_CURVE_WITH_KNOTS('',2,(#8332,#8333,#8334),.UNSPECIFIED.,
 .F.,.F.,(3,3),(0.,1.),.UNSPECIFIED.);
#2084=B_SPLINE_CURVE_WITH_KNOTS('',2,(#8335,#8336,#8337),.UNSPECIFIED.,
 .F.,.F.,(3,3),(0.,1.),.UNSPECIFIED.);
#2085=B_SPLINE_CURVE_WITH_KNOTS('',2,(#8346,#8347,#8348),.UNSPECIFIED.,
 .F.,.F.,(3,3),(0.,1.),.UNSPECIFIED.);
#2086=B_SPLINE_CURVE_WITH_KNOTS('',2,(#8352,#8353,#8354),.UNSPECIFIED.,
 .F.,.F.,(3,3),(0.,1.),.UNSPECIFIED.);
#2087=B_SPLINE_CURVE_WITH_KNOTS('',2,(#8363,#8364,#8365),.UNSPECIFIED.,
 .F.,.F.,(3,3),(0.,1.),.UNSPECIFIED.);
#2088=B_SPLINE_CURVE_WITH_KNOTS('',2,(#8368,#8369,#8370),.UNSPECIFIED.,
 .F.,.F.,(3,3),(0.,1.),.UNSPECIFIED.);
#2089=B_SPLINE_CURVE_WITH_KNOTS('',2,(#8378,#8379,#8380),.UNSPECIFIED.,
 .F.,.F.,(3,3),(0.,1.),.UNSPECIFIED.);
#2090=B_SPLINE_CURVE_WITH_KNOTS('',2,(#8383,#8384,#8385),.UNSPECIFIED.,
 .F.,.F.,(3,3),(0.,1.),.UNSPECIFIED.);
#2091=B_SPLINE_CURVE_WITH_KNOTS('',2,(#8393,#8394,#8395),.UNSPECIFIED.,
 .F.,.F.,(3,3),(0.,1.),.UNSPECIFIED.);
#2092=B_SPLINE_CURVE_WITH_KNOTS('',2,(#8398,#8399,#8400),.UNSPECIFIED.,
 .F.,.F.,(3,3),(0.,1.),.UNSPECIFIED.);
#2093=B_SPLINE_CURVE_WITH_KNOTS('',2,(#8408,#8409,#8410),.UNSPECIFIED.,
 .F.,.F.,(3,3),(0.,1.),.UNSPECIFIED.);
#2094=B_SPLINE_CURVE_WITH_KNOTS('',2,(#8413,#8414,#8415),.UNSPECIFIED.,
 .F.,.F.,(3,3),(0.,1.),.UNSPECIFIED.);
#2095=B_SPLINE_CURVE_WITH_KNOTS('',2,(#8423,#8424,#8425),.UNSPECIFIED.,
 .F.,.F.,(3,3),(0.,1.),.UNSPECIFIED.);
#2096=B_SPLINE_CURVE_WITH_KNOTS('',2,(#8428,#8429,#8430),.UNSPECIFIED.,
 .F.,.F.,(3,3),(0.,1.),.UNSPECIFIED.);
#2097=B_SPLINE_CURVE_WITH_KNOTS('',2,(#8456,#8457,#8458),.UNSPECIFIED.,
 .F.,.F.,(3,3),(0.,1.),.UNSPECIFIED.);
#2098=B_SPLINE_CURVE_WITH_KNOTS('',2,(#8461,#8462,#8463),.UNSPECIFIED.,
 .F.,.F.,(3,3),(0.,1.),.UNSPECIFIED.);
#2099=B_SPLINE_CURVE_WITH_KNOTS('',2,(#8471,#8472,#8473),.UNSPECIFIED.,
 .F.,.F.,(3,3),(0.,1.),.UNSPECIFIED.);
#2100=B_SPLINE_CURVE_WITH_KNOTS('',2,(#8476,#8477,#8478),.UNSPECIFIED.,
 .F.,.F.,(3,3),(0.,1.),.UNSPECIFIED.);
#2101=B_SPLINE_CURVE_WITH_KNOTS('',2,(#8486,#8487,#8488),.UNSPECIFIED.,
 .F.,.F.,(3,3),(0.,1.),.UNSPECIFIED.);
#2102=B_SPLINE_CURVE_WITH_KNOTS('',2,(#8491,#8492,#8493),.UNSPECIFIED.,
 .F.,.F.,(3,3),(0.,1.),.UNSPECIFIED.);
#2103=B_SPLINE_CURVE_WITH_KNOTS('',2,(#8501,#8502,#8503),.UNSPECIFIED.,
 .F.,.F.,(3,3),(0.,1.),.UNSPECIFIED.);
#2104=B_SPLINE_CURVE_WITH_KNOTS('',2,(#8506,#8507,#8508),.UNSPECIFIED.,
 .F.,.F.,(3,3),(0.,1.),.UNSPECIFIED.);
#2105=B_SPLINE_CURVE_WITH_KNOTS('',2,(#8516,#8517,#8518),.UNSPECIFIED.,
 .F.,.F.,(3,3),(0.,1.),.UNSPECIFIED.);
#2106=B_SPLINE_CURVE_WITH_KNOTS('',2,(#8521,#8522,#8523),.UNSPECIFIED.,
 .F.,.F.,(3,3),(0.,1.),.UNSPECIFIED.);
#2107=B_SPLINE_CURVE_WITH_KNOTS('',2,(#8531,#8532,#8533),.UNSPECIFIED.,
 .F.,.F.,(3,3),(0.,1.),.UNSPECIFIED.);
#2108=B_SPLINE_CURVE_WITH_KNOTS('',2,(#8536,#8537,#8538),.UNSPECIFIED.,
 .F.,.F.,(3,3),(0.,1.),.UNSPECIFIED.);
#2109=B_SPLINE_CURVE_WITH_KNOTS('',2,(#8552,#8553,#8554),.UNSPECIFIED.,
 .F.,.F.,(3,3),(0.,1.),.UNSPECIFIED.);
#2110=B_SPLINE_CURVE_WITH_KNOTS('',2,(#8557,#8558,#8559),.UNSPECIFIED.,
 .F.,.F.,(3,3),(0.,1.),.UNSPECIFIED.);
#2111=B_SPLINE_CURVE_WITH_KNOTS('',2,(#8567,#8568,#8569),.UNSPECIFIED.,
 .F.,.F.,(3,3),(0.,1.),.UNSPECIFIED.);
#2112=B_SPLINE_CURVE_WITH_KNOTS('',2,(#8572,#8573,#8574),.UNSPECIFIED.,
 .F.,.F.,(3,3),(0.,1.),.UNSPECIFIED.);
#2113=B_SPLINE_CURVE_WITH_KNOTS('',2,(#8582,#8583,#8584),.UNSPECIFIED.,
 .F.,.F.,(3,3),(0.,1.),.UNSPECIFIED.);
#2114=B_SPLINE_CURVE_WITH_KNOTS('',2,(#8587,#8588,#8589),.UNSPECIFIED.,
 .F.,.F.,(3,3),(0.,1.),.UNSPECIFIED.);
#2115=B_SPLINE_CURVE_WITH_KNOTS('',2,(#8597,#8598,#8599),.UNSPECIFIED.,
 .F.,.F.,(3,3),(0.,1.),.UNSPECIFIED.);
#2116=B_SPLINE_CURVE_WITH_KNOTS('',2,(#8602,#8603,#8604),.UNSPECIFIED.,
 .F.,.F.,(3,3),(0.,1.),.UNSPECIFIED.);
#2117=B_SPLINE_CURVE_WITH_KNOTS('',2,(#8612,#8613,#8614),.UNSPECIFIED.,
 .F.,.F.,(3,3),(0.,1.),.UNSPECIFIED.);
#2118=B_SPLINE_CURVE_WITH_KNOTS('',2,(#8617,#8618,#8619),.UNSPECIFIED.,
 .F.,.F.,(3,3),(0.,1.),.UNSPECIFIED.);
#2119=B_SPLINE_CURVE_WITH_KNOTS('',2,(#8632,#8633,#8634),.UNSPECIFIED.,
 .F.,.F.,(3,3),(0.,1.),.UNSPECIFIED.);
#2120=B_SPLINE_CURVE_WITH_KNOTS('',2,(#8635,#8636,#8637),.UNSPECIFIED.,
 .F.,.F.,(3,3),(0.,1.),.UNSPECIFIED.);
#2121=B_SPLINE_CURVE_WITH_KNOTS('',2,(#8697,#8698,#8699),.UNSPECIFIED.,
 .F.,.F.,(3,3),(0.,1.),.UNSPECIFIED.);
#2122=B_SPLINE_CURVE_WITH_KNOTS('',2,(#8703,#8704,#8705),.UNSPECIFIED.,
 .F.,.F.,(3,3),(0.,1.),.UNSPECIFIED.);
#2123=B_SPLINE_CURVE_WITH_KNOTS('',2,(#8714,#8715,#8716),.UNSPECIFIED.,
 .F.,.F.,(3,3),(0.,1.),.UNSPECIFIED.);
#2124=B_SPLINE_CURVE_WITH_KNOTS('',2,(#8719,#8720,#8721),.UNSPECIFIED.,
 .F.,.F.,(3,3),(0.,1.),.UNSPECIFIED.);
#2125=B_SPLINE_CURVE_WITH_KNOTS('',2,(#8729,#8730,#8731),.UNSPECIFIED.,
 .F.,.F.,(3,3),(0.,1.),.UNSPECIFIED.);
#2126=B_SPLINE_CURVE_WITH_KNOTS('',2,(#8734,#8735,#8736),.UNSPECIFIED.,
 .F.,.F.,(3,3),(0.,1.),.UNSPECIFIED.);
#2127=B_SPLINE_CURVE_WITH_KNOTS('',2,(#8744,#8745,#8746),.UNSPECIFIED.,
 .F.,.F.,(3,3),(0.,1.),.UNSPECIFIED.);
#2128=B_SPLINE_CURVE_WITH_KNOTS('',2,(#8749,#8750,#8751),.UNSPECIFIED.,
 .F.,.F.,(3,3),(0.,1.),.UNSPECIFIED.);
#2129=B_SPLINE_CURVE_WITH_KNOTS('',2,(#8763,#8764,#8765),.UNSPECIFIED.,
 .F.,.F.,(3,3),(0.,1.),.UNSPECIFIED.);
#2130=B_SPLINE_CURVE_WITH_KNOTS('',2,(#8769,#8770,#8771),.UNSPECIFIED.,
 .F.,.F.,(3,3),(0.,1.),.UNSPECIFIED.);
#2131=B_SPLINE_CURVE_WITH_KNOTS('',2,(#8780,#8781,#8782),.UNSPECIFIED.,
 .F.,.F.,(3,3),(0.,1.),.UNSPECIFIED.);
#2132=B_SPLINE_CURVE_WITH_KNOTS('',2,(#8785,#8786,#8787),.UNSPECIFIED.,
 .F.,.F.,(3,3),(0.,1.),.UNSPECIFIED.);
#2133=B_SPLINE_CURVE_WITH_KNOTS('',2,(#8795,#8796,#8797),.UNSPECIFIED.,
 .F.,.F.,(3,3),(0.,1.),.UNSPECIFIED.);
#2134=B_SPLINE_CURVE_WITH_KNOTS('',2,(#8800,#8801,#8802),.UNSPECIFIED.,
 .F.,.F.,(3,3),(0.,1.),.UNSPECIFIED.);
#2135=B_SPLINE_CURVE_WITH_KNOTS('',2,(#8816,#8817,#8818),.UNSPECIFIED.,
 .F.,.F.,(3,3),(0.,1.),.UNSPECIFIED.);
#2136=B_SPLINE_CURVE_WITH_KNOTS('',2,(#8821,#8822,#8823),.UNSPECIFIED.,
 .F.,.F.,(3,3),(0.,1.),.UNSPECIFIED.);
#2137=B_SPLINE_CURVE_WITH_KNOTS('',2,(#8831,#8832,#8833),.UNSPECIFIED.,
 .F.,.F.,(3,3),(0.,1.),.UNSPECIFIED.);
#2138=B_SPLINE_CURVE_WITH_KNOTS('',2,(#8836,#8837,#8838),.UNSPECIFIED.,
 .F.,.F.,(3,3),(0.,1.),.UNSPECIFIED.);
#2139=B_SPLINE_CURVE_WITH_KNOTS('',2,(#8846,#8847,#8848),.UNSPECIFIED.,
 .F.,.F.,(3,3),(0.,1.),.UNSPECIFIED.);
#2140=B_SPLINE_CURVE_WITH_KNOTS('',2,(#8851,#8852,#8853),.UNSPECIFIED.,
 .F.,.F.,(3,3),(0.,1.),.UNSPECIFIED.);
#2141=B_SPLINE_CURVE_WITH_KNOTS('',2,(#8861,#8862,#8863),.UNSPECIFIED.,
 .F.,.F.,(3,3),(0.,1.),.UNSPECIFIED.);
#2142=B_SPLINE_CURVE_WITH_KNOTS('',2,(#8866,#8867,#8868),.UNSPECIFIED.,
 .F.,.F.,(3,3),(0.,1.),.UNSPECIFIED.);
#2143=B_SPLINE_CURVE_WITH_KNOTS('',2,(#8876,#8877,#8878),.UNSPECIFIED.,
 .F.,.F.,(3,3),(0.,1.),.UNSPECIFIED.);
#2144=B_SPLINE_CURVE_WITH_KNOTS('',2,(#8881,#8882,#8883),.UNSPECIFIED.,
 .F.,.F.,(3,3),(0.,1.),.UNSPECIFIED.);
#2145=B_SPLINE_CURVE_WITH_KNOTS('',2,(#8891,#8892,#8893),.UNSPECIFIED.,
 .F.,.F.,(3,3),(0.,1.),.UNSPECIFIED.);
#2146=B_SPLINE_CURVE_WITH_KNOTS('',2,(#8896,#8897,#8898),.UNSPECIFIED.,
 .F.,.F.,(3,3),(0.,1.),.UNSPECIFIED.);
#2147=B_SPLINE_CURVE_WITH_KNOTS('',2,(#8906,#8907,#8908),.UNSPECIFIED.,
 .F.,.F.,(3,3),(0.,1.),.UNSPECIFIED.);
#2148=B_SPLINE_CURVE_WITH_KNOTS('',2,(#8911,#8912,#8913),.UNSPECIFIED.,
 .F.,.F.,(3,3),(0.,1.),.UNSPECIFIED.);
#2149=B_SPLINE_CURVE_WITH_KNOTS('',2,(#8921,#8922,#8923),.UNSPECIFIED.,
 .F.,.F.,(3,3),(0.,1.),.UNSPECIFIED.);
#2150=B_SPLINE_CURVE_WITH_KNOTS('',2,(#8926,#8927,#8928),.UNSPECIFIED.,
 .F.,.F.,(3,3),(0.,1.),.UNSPECIFIED.);
#2151=B_SPLINE_CURVE_WITH_KNOTS('',2,(#8941,#8942,#8943),.UNSPECIFIED.,
 .F.,.F.,(3,3),(0.,1.),.UNSPECIFIED.);
#2152=B_SPLINE_CURVE_WITH_KNOTS('',2,(#8944,#8945,#8946),.UNSPECIFIED.,
 .F.,.F.,(3,3),(0.,1.),.UNSPECIFIED.);
#2153=B_SPLINE_CURVE_WITH_KNOTS('',2,(#8956,#8957,#8958),.UNSPECIFIED.,
 .F.,.F.,(3,3),(0.,1.),.UNSPECIFIED.);
#2154=B_SPLINE_CURVE_WITH_KNOTS('',2,(#8962,#8963,#8964),.UNSPECIFIED.,
 .F.,.F.,(3,3),(0.,1.),.UNSPECIFIED.);
#2155=B_SPLINE_CURVE_WITH_KNOTS('',2,(#8973,#8974,#8975),.UNSPECIFIED.,
 .F.,.F.,(3,3),(0.,1.),.UNSPECIFIED.);
#2156=B_SPLINE_CURVE_WITH_KNOTS('',2,(#8978,#8979,#8980),.UNSPECIFIED.,
 .F.,.F.,(3,3),(0.,1.),.UNSPECIFIED.);
#2157=B_SPLINE_CURVE_WITH_KNOTS('',2,(#8988,#8989,#8990),.UNSPECIFIED.,
 .F.,.F.,(3,3),(0.,1.),.UNSPECIFIED.);
#2158=B_SPLINE_CURVE_WITH_KNOTS('',2,(#8993,#8994,#8995),.UNSPECIFIED.,
 .F.,.F.,(3,3),(0.,1.),.UNSPECIFIED.);
#2159=B_SPLINE_CURVE_WITH_KNOTS('',2,(#9003,#9004,#9005),.UNSPECIFIED.,
 .F.,.F.,(3,3),(0.,1.),.UNSPECIFIED.);
#2160=B_SPLINE_CURVE_WITH_KNOTS('',2,(#9008,#9009,#9010),.UNSPECIFIED.,
 .F.,.F.,(3,3),(0.,1.),.UNSPECIFIED.);
#2161=B_SPLINE_CURVE_WITH_KNOTS('',2,(#9018,#9019,#9020),.UNSPECIFIED.,
 .F.,.F.,(3,3),(0.,1.),.UNSPECIFIED.);
#2162=B_SPLINE_CURVE_WITH_KNOTS('',2,(#9023,#9024,#9025),.UNSPECIFIED.,
 .F.,.F.,(3,3),(0.,1.),.UNSPECIFIED.);
#2163=B_SPLINE_CURVE_WITH_KNOTS('',2,(#9033,#9034,#9035),.UNSPECIFIED.,
 .F.,.F.,(3,3),(0.,1.),.UNSPECIFIED.);
#2164=B_SPLINE_CURVE_WITH_KNOTS('',2,(#9038,#9039,#9040),.UNSPECIFIED.,
 .F.,.F.,(3,3),(0.,1.),.UNSPECIFIED.);
#2165=B_SPLINE_CURVE_WITH_KNOTS('',2,(#9048,#9049,#9050),.UNSPECIFIED.,
 .F.,.F.,(3,3),(0.,1.),.UNSPECIFIED.);
#2166=B_SPLINE_CURVE_WITH_KNOTS('',2,(#9053,#9054,#9055),.UNSPECIFIED.,
 .F.,.F.,(3,3),(0.,1.),.UNSPECIFIED.);
#2167=B_SPLINE_CURVE_WITH_KNOTS('',2,(#9062,#9063,#9064),.UNSPECIFIED.,
 .F.,.F.,(3,3),(0.,1.),.UNSPECIFIED.);
#2168=B_SPLINE_CURVE_WITH_KNOTS('',2,(#9065,#9066,#9067),.UNSPECIFIED.,
 .F.,.F.,(3,3),(0.,1.),.UNSPECIFIED.);
#2169=B_SPLINE_CURVE_WITH_KNOTS('',2,(#9076,#9077,#9078),.UNSPECIFIED.,
 .F.,.F.,(3,3),(0.,1.),.UNSPECIFIED.);
#2170=B_SPLINE_CURVE_WITH_KNOTS('',2,(#9082,#9083,#9084),.UNSPECIFIED.,
 .F.,.F.,(3,3),(0.,1.),.UNSPECIFIED.);
#2171=B_SPLINE_CURVE_WITH_KNOTS('',2,(#9093,#9094,#9095),.UNSPECIFIED.,
 .F.,.F.,(3,3),(0.,1.),.UNSPECIFIED.);
#2172=B_SPLINE_CURVE_WITH_KNOTS('',2,(#9098,#9099,#9100),.UNSPECIFIED.,
 .F.,.F.,(3,3),(0.,1.),.UNSPECIFIED.);
#2173=B_SPLINE_CURVE_WITH_KNOTS('',2,(#9108,#9109,#9110),.UNSPECIFIED.,
 .F.,.F.,(3,3),(0.,1.),.UNSPECIFIED.);
#2174=B_SPLINE_CURVE_WITH_KNOTS('',2,(#9113,#9114,#9115),.UNSPECIFIED.,
 .F.,.F.,(3,3),(0.,1.),.UNSPECIFIED.);
#2175=B_SPLINE_CURVE_WITH_KNOTS('',2,(#9123,#9124,#9125),.UNSPECIFIED.,
 .F.,.F.,(3,3),(0.,1.),.UNSPECIFIED.);
#2176=B_SPLINE_CURVE_WITH_KNOTS('',2,(#9128,#9129,#9130),.UNSPECIFIED.,
 .F.,.F.,(3,3),(0.,1.),.UNSPECIFIED.);
#2177=B_SPLINE_CURVE_WITH_KNOTS('',2,(#9138,#9139,#9140),.UNSPECIFIED.,
 .F.,.F.,(3,3),(0.,1.),.UNSPECIFIED.);
#2178=B_SPLINE_CURVE_WITH_KNOTS('',2,(#9143,#9144,#9145),.UNSPECIFIED.,
 .F.,.F.,(3,3),(0.,1.),.UNSPECIFIED.);
#2179=B_SPLINE_CURVE_WITH_KNOTS('',2,(#9153,#9154,#9155),.UNSPECIFIED.,
 .F.,.F.,(3,3),(0.,1.),.UNSPECIFIED.);
#2180=B_SPLINE_CURVE_WITH_KNOTS('',2,(#9158,#9159,#9160),.UNSPECIFIED.,
 .F.,.F.,(3,3),(0.,1.),.UNSPECIFIED.);
#2181=B_SPLINE_CURVE_WITH_KNOTS('',2,(#9186,#9187,#9188),.UNSPECIFIED.,
 .F.,.F.,(3,3),(0.,1.),.UNSPECIFIED.);
#2182=B_SPLINE_CURVE_WITH_KNOTS('',2,(#9191,#9192,#9193),.UNSPECIFIED.,
 .F.,.F.,(3,3),(0.,1.),.UNSPECIFIED.);
#2183=B_SPLINE_CURVE_WITH_KNOTS('',2,(#9201,#9202,#9203),.UNSPECIFIED.,
 .F.,.F.,(3,3),(0.,1.),.UNSPECIFIED.);
#2184=B_SPLINE_CURVE_WITH_KNOTS('',2,(#9206,#9207,#9208),.UNSPECIFIED.,
 .F.,.F.,(3,3),(0.,1.),.UNSPECIFIED.);
#2185=B_SPLINE_CURVE_WITH_KNOTS('',2,(#9216,#9217,#9218),.UNSPECIFIED.,
 .F.,.F.,(3,3),(0.,1.),.UNSPECIFIED.);
#2186=B_SPLINE_CURVE_WITH_KNOTS('',2,(#9221,#9222,#9223),.UNSPECIFIED.,
 .F.,.F.,(3,3),(0.,1.),.UNSPECIFIED.);
#2187=B_SPLINE_CURVE_WITH_KNOTS('',2,(#9231,#9232,#9233),.UNSPECIFIED.,
 .F.,.F.,(3,3),(0.,1.),.UNSPECIFIED.);
#2188=B_SPLINE_CURVE_WITH_KNOTS('',2,(#9236,#9237,#9238),.UNSPECIFIED.,
 .F.,.F.,(3,3),(0.,1.),.UNSPECIFIED.);
#2189=B_SPLINE_CURVE_WITH_KNOTS('',2,(#9246,#9247,#9248),.UNSPECIFIED.,
 .F.,.F.,(3,3),(0.,1.),.UNSPECIFIED.);
#2190=B_SPLINE_CURVE_WITH_KNOTS('',2,(#9251,#9252,#9253),.UNSPECIFIED.,
 .F.,.F.,(3,3),(0.,1.),.UNSPECIFIED.);
#2191=B_SPLINE_CURVE_WITH_KNOTS('',2,(#9261,#9262,#9263),.UNSPECIFIED.,
 .F.,.F.,(3,3),(0.,1.),.UNSPECIFIED.);
#2192=B_SPLINE_CURVE_WITH_KNOTS('',2,(#9266,#9267,#9268),.UNSPECIFIED.,
 .F.,.F.,(3,3),(0.,1.),.UNSPECIFIED.);
#2193=B_SPLINE_CURVE_WITH_KNOTS('',2,(#9282,#9283,#9284),.UNSPECIFIED.,
 .F.,.F.,(3,3),(0.,1.),.UNSPECIFIED.);
#2194=B_SPLINE_CURVE_WITH_KNOTS('',2,(#9287,#9288,#9289),.UNSPECIFIED.,
 .F.,.F.,(3,3),(0.,1.),.UNSPECIFIED.);
#2195=B_SPLINE_CURVE_WITH_KNOTS('',2,(#9297,#9298,#9299),.UNSPECIFIED.,
 .F.,.F.,(3,3),(0.,1.),.UNSPECIFIED.);
#2196=B_SPLINE_CURVE_WITH_KNOTS('',2,(#9302,#9303,#9304),.UNSPECIFIED.,
 .F.,.F.,(3,3),(0.,1.),.UNSPECIFIED.);
#2197=B_SPLINE_CURVE_WITH_KNOTS('',2,(#9312,#9313,#9314),.UNSPECIFIED.,
 .F.,.F.,(3,3),(0.,1.),.UNSPECIFIED.);
#2198=B_SPLINE_CURVE_WITH_KNOTS('',2,(#9317,#9318,#9319),.UNSPECIFIED.,
 .F.,.F.,(3,3),(0.,1.),.UNSPECIFIED.);
#2199=B_SPLINE_CURVE_WITH_KNOTS('',2,(#9327,#9328,#9329),.UNSPECIFIED.,
 .F.,.F.,(3,3),(0.,1.),.UNSPECIFIED.);
#2200=B_SPLINE_CURVE_WITH_KNOTS('',2,(#9332,#9333,#9334),.UNSPECIFIED.,
 .F.,.F.,(3,3),(0.,1.),.UNSPECIFIED.);
#2201=B_SPLINE_CURVE_WITH_KNOTS('',2,(#9342,#9343,#9344),.UNSPECIFIED.,
 .F.,.F.,(3,3),(0.,1.),.UNSPECIFIED.);
#2202=B_SPLINE_CURVE_WITH_KNOTS('',2,(#9347,#9348,#9349),.UNSPECIFIED.,
 .F.,.F.,(3,3),(0.,1.),.UNSPECIFIED.);
#2203=B_SPLINE_CURVE_WITH_KNOTS('',2,(#9362,#9363,#9364),.UNSPECIFIED.,
 .F.,.F.,(3,3),(0.,1.),.UNSPECIFIED.);
#2204=B_SPLINE_CURVE_WITH_KNOTS('',2,(#9365,#9366,#9367),.UNSPECIFIED.,
 .F.,.F.,(3,3),(0.,1.),.UNSPECIFIED.);
#2205=B_SPLINE_CURVE_WITH_KNOTS('',2,(#9377,#9378,#9379),.UNSPECIFIED.,
 .F.,.F.,(3,3),(0.,1.),.UNSPECIFIED.);
#2206=B_SPLINE_CURVE_WITH_KNOTS('',2,(#9383,#9384,#9385),.UNSPECIFIED.,
 .F.,.F.,(3,3),(0.,1.),.UNSPECIFIED.);
#2207=B_SPLINE_CURVE_WITH_KNOTS('',2,(#9394,#9395,#9396),.UNSPECIFIED.,
 .F.,.F.,(3,3),(0.,1.),.UNSPECIFIED.);
#2208=B_SPLINE_CURVE_WITH_KNOTS('',2,(#9399,#9400,#9401),.UNSPECIFIED.,
 .F.,.F.,(3,3),(0.,1.),.UNSPECIFIED.);
#2209=B_SPLINE_CURVE_WITH_KNOTS('',2,(#9409,#9410,#9411),.UNSPECIFIED.,
 .F.,.F.,(3,3),(0.,1.),.UNSPECIFIED.);
#2210=B_SPLINE_CURVE_WITH_KNOTS('',2,(#9414,#9415,#9416),.UNSPECIFIED.,
 .F.,.F.,(3,3),(0.,1.),.UNSPECIFIED.);
#2211=B_SPLINE_CURVE_WITH_KNOTS('',2,(#9424,#9425,#9426),.UNSPECIFIED.,
 .F.,.F.,(3,3),(0.,1.),.UNSPECIFIED.);
#2212=B_SPLINE_CURVE_WITH_KNOTS('',2,(#9429,#9430,#9431),.UNSPECIFIED.,
 .F.,.F.,(3,3),(0.,1.),.UNSPECIFIED.);
#2213=B_SPLINE_CURVE_WITH_KNOTS('',2,(#9439,#9440,#9441),.UNSPECIFIED.,
 .F.,.F.,(3,3),(0.,1.),.UNSPECIFIED.);
#2214=B_SPLINE_CURVE_WITH_KNOTS('',2,(#9444,#9445,#9446),.UNSPECIFIED.,
 .F.,.F.,(3,3),(0.,1.),.UNSPECIFIED.);
#2215=B_SPLINE_CURVE_WITH_KNOTS('',2,(#9454,#9455,#9456),.UNSPECIFIED.,
 .F.,.F.,(3,3),(0.,1.),.UNSPECIFIED.);
#2216=B_SPLINE_CURVE_WITH_KNOTS('',2,(#9459,#9460,#9461),.UNSPECIFIED.,
 .F.,.F.,(3,3),(0.,1.),.UNSPECIFIED.);
#2217=B_SPLINE_CURVE_WITH_KNOTS('',2,(#9469,#9470,#9471),.UNSPECIFIED.,
 .F.,.F.,(3,3),(0.,1.),.UNSPECIFIED.);
#2218=B_SPLINE_CURVE_WITH_KNOTS('',2,(#9474,#9475,#9476),.UNSPECIFIED.,
 .F.,.F.,(3,3),(0.,1.),.UNSPECIFIED.);
#2219=B_SPLINE_CURVE_WITH_KNOTS('',2,(#9483,#9484,#9485),.UNSPECIFIED.,
 .F.,.F.,(3,3),(0.,1.),.UNSPECIFIED.);
#2220=B_SPLINE_CURVE_WITH_KNOTS('',2,(#9486,#9487,#9488),.UNSPECIFIED.,
 .F.,.F.,(3,3),(0.,1.),.UNSPECIFIED.);
#2221=B_SPLINE_CURVE_WITH_KNOTS('',2,(#9497,#9498,#9499),.UNSPECIFIED.,
 .F.,.F.,(3,3),(0.,1.),.UNSPECIFIED.);
#2222=B_SPLINE_CURVE_WITH_KNOTS('',2,(#9503,#9504,#9505),.UNSPECIFIED.,
 .F.,.F.,(3,3),(0.,1.),.UNSPECIFIED.);
#2223=B_SPLINE_CURVE_WITH_KNOTS('',2,(#9514,#9515,#9516),.UNSPECIFIED.,
 .F.,.F.,(3,3),(0.,1.),.UNSPECIFIED.);
#2224=B_SPLINE_CURVE_WITH_KNOTS('',2,(#9519,#9520,#9521),.UNSPECIFIED.,
 .F.,.F.,(3,3),(0.,1.),.UNSPECIFIED.);
#2225=B_SPLINE_CURVE_WITH_KNOTS('',2,(#9529,#9530,#9531),.UNSPECIFIED.,
 .F.,.F.,(3,3),(0.,1.),.UNSPECIFIED.);
#2226=B_SPLINE_CURVE_WITH_KNOTS('',2,(#9534,#9535,#9536),.UNSPECIFIED.,
 .F.,.F.,(3,3),(0.,1.),.UNSPECIFIED.);
#2227=B_SPLINE_CURVE_WITH_KNOTS('',2,(#9544,#9545,#9546),.UNSPECIFIED.,
 .F.,.F.,(3,3),(0.,1.),.UNSPECIFIED.);
#2228=B_SPLINE_CURVE_WITH_KNOTS('',2,(#9549,#9550,#9551),.UNSPECIFIED.,
 .F.,.F.,(3,3),(0.,1.),.UNSPECIFIED.);
#2229=B_SPLINE_CURVE_WITH_KNOTS('',2,(#9559,#9560,#9561),.UNSPECIFIED.,
 .F.,.F.,(3,3),(0.,1.),.UNSPECIFIED.);
#2230=B_SPLINE_CURVE_WITH_KNOTS('',2,(#9564,#9565,#9566),.UNSPECIFIED.,
 .F.,.F.,(3,3),(0.,1.),.UNSPECIFIED.);
#2231=B_SPLINE_CURVE_WITH_KNOTS('',2,(#9574,#9575,#9576),.UNSPECIFIED.,
 .F.,.F.,(3,3),(0.,1.),.UNSPECIFIED.);
#2232=B_SPLINE_CURVE_WITH_KNOTS('',2,(#9579,#9580,#9581),.UNSPECIFIED.,
 .F.,.F.,(3,3),(0.,1.),.UNSPECIFIED.);
#2233=B_SPLINE_CURVE_WITH_KNOTS('',2,(#9589,#9590,#9591),.UNSPECIFIED.,
 .F.,.F.,(3,3),(0.,1.),.UNSPECIFIED.);
#2234=B_SPLINE_CURVE_WITH_KNOTS('',2,(#9594,#9595,#9596),.UNSPECIFIED.,
 .F.,.F.,(3,3),(0.,1.),.UNSPECIFIED.);
#2235=B_SPLINE_CURVE_WITH_KNOTS('',2,(#9604,#9605,#9606),.UNSPECIFIED.,
 .F.,.F.,(3,3),(0.,1.),.UNSPECIFIED.);
#2236=B_SPLINE_CURVE_WITH_KNOTS('',2,(#9609,#9610,#9611),.UNSPECIFIED.,
 .F.,.F.,(3,3),(0.,1.),.UNSPECIFIED.);
#2237=B_SPLINE_CURVE_WITH_KNOTS('',2,(#9619,#9620,#9621),.UNSPECIFIED.,
 .F.,.F.,(3,3),(0.,1.),.UNSPECIFIED.);
#2238=B_SPLINE_CURVE_WITH_KNOTS('',2,(#9624,#9625,#9626),.UNSPECIFIED.,
 .F.,.F.,(3,3),(0.,1.),.UNSPECIFIED.);
#2239=B_SPLINE_CURVE_WITH_KNOTS('',2,(#9633,#9634,#9635),.UNSPECIFIED.,
 .F.,.F.,(3,3),(0.,1.),.UNSPECIFIED.);
#2240=B_SPLINE_CURVE_WITH_KNOTS('',2,(#9636,#9637,#9638),.UNSPECIFIED.,
 .F.,.F.,(3,3),(0.,1.),.UNSPECIFIED.);
#2241=B_SPLINE_CURVE_WITH_KNOTS('',2,(#9648,#9649,#9650),.UNSPECIFIED.,
 .F.,.F.,(3,3),(0.,1.),.UNSPECIFIED.);
#2242=B_SPLINE_CURVE_WITH_KNOTS('',2,(#9654,#9655,#9656),.UNSPECIFIED.,
 .F.,.F.,(3,3),(0.,1.),.UNSPECIFIED.);
#2243=B_SPLINE_CURVE_WITH_KNOTS('',2,(#9665,#9666,#9667),.UNSPECIFIED.,
 .F.,.F.,(3,3),(0.,1.),.UNSPECIFIED.);
#2244=B_SPLINE_CURVE_WITH_KNOTS('',2,(#9670,#9671,#9672),.UNSPECIFIED.,
 .F.,.F.,(3,3),(0.,1.),.UNSPECIFIED.);
#2245=B_SPLINE_CURVE_WITH_KNOTS('',2,(#9680,#9681,#9682),.UNSPECIFIED.,
 .F.,.F.,(3,3),(0.,1.),.UNSPECIFIED.);
#2246=B_SPLINE_CURVE_WITH_KNOTS('',2,(#9685,#9686,#9687),.UNSPECIFIED.,
 .F.,.F.,(3,3),(0.,1.),.UNSPECIFIED.);
#2247=B_SPLINE_CURVE_WITH_KNOTS('',2,(#9695,#9696,#9697),.UNSPECIFIED.,
 .F.,.F.,(3,3),(0.,1.),.UNSPECIFIED.);
#2248=B_SPLINE_CURVE_WITH_KNOTS('',2,(#9700,#9701,#9702),.UNSPECIFIED.,
 .F.,.F.,(3,3),(0.,1.),.UNSPECIFIED.);
#2249=B_SPLINE_CURVE_WITH_KNOTS('',2,(#9710,#9711,#9712),.UNSPECIFIED.,
 .F.,.F.,(3,3),(0.,1.),.UNSPECIFIED.);
#2250=B_SPLINE_CURVE_WITH_KNOTS('',2,(#9715,#9716,#9717),.UNSPECIFIED.,
 .F.,.F.,(3,3),(0.,1.),.UNSPECIFIED.);
#2251=B_SPLINE_CURVE_WITH_KNOTS('',2,(#9725,#9726,#9727),.UNSPECIFIED.,
 .F.,.F.,(3,3),(0.,1.),.UNSPECIFIED.);
#2252=B_SPLINE_CURVE_WITH_KNOTS('',2,(#9730,#9731,#9732),.UNSPECIFIED.,
 .F.,.F.,(3,3),(0.,1.),.UNSPECIFIED.);
#2253=B_SPLINE_CURVE_WITH_KNOTS('',2,(#9740,#9741,#9742),.UNSPECIFIED.,
 .F.,.F.,(3,3),(0.,1.),.UNSPECIFIED.);
#2254=B_SPLINE_CURVE_WITH_KNOTS('',2,(#9745,#9746,#9747),.UNSPECIFIED.,
 .F.,.F.,(3,3),(0.,1.),.UNSPECIFIED.);
#2255=B_SPLINE_CURVE_WITH_KNOTS('',2,(#9755,#9756,#9757),.UNSPECIFIED.,
 .F.,.F.,(3,3),(0.,1.),.UNSPECIFIED.);
#2256=B_SPLINE_CURVE_WITH_KNOTS('',2,(#9760,#9761,#9762),.UNSPECIFIED.,
 .F.,.F.,(3,3),(0.,1.),.UNSPECIFIED.);
#2257=B_SPLINE_CURVE_WITH_KNOTS('',2,(#9770,#9771,#9772),.UNSPECIFIED.,
 .F.,.F.,(3,3),(0.,1.),.UNSPECIFIED.);
#2258=B_SPLINE_CURVE_WITH_KNOTS('',2,(#9775,#9776,#9777),.UNSPECIFIED.,
 .F.,.F.,(3,3),(0.,1.),.UNSPECIFIED.);
#2259=B_SPLINE_CURVE_WITH_KNOTS('',2,(#9785,#9786,#9787),.UNSPECIFIED.,
 .F.,.F.,(3,3),(0.,1.),.UNSPECIFIED.);
#2260=B_SPLINE_CURVE_WITH_KNOTS('',2,(#9790,#9791,#9792),.UNSPECIFIED.,
 .F.,.F.,(3,3),(0.,1.),.UNSPECIFIED.);
#2261=B_SPLINE_CURVE_WITH_KNOTS('',2,(#9800,#9801,#9802),.UNSPECIFIED.,
 .F.,.F.,(3,3),(0.,1.),.UNSPECIFIED.);
#2262=B_SPLINE_CURVE_WITH_KNOTS('',2,(#9805,#9806,#9807),.UNSPECIFIED.,
 .F.,.F.,(3,3),(0.,1.),.UNSPECIFIED.);
#2263=B_SPLINE_CURVE_WITH_KNOTS('',2,(#9821,#9822,#9823),.UNSPECIFIED.,
 .F.,.F.,(3,3),(0.,1.),.UNSPECIFIED.);
#2264=B_SPLINE_CURVE_WITH_KNOTS('',2,(#9826,#9827,#9828),.UNSPECIFIED.,
 .F.,.F.,(3,3),(0.,1.),.UNSPECIFIED.);
#2265=B_SPLINE_CURVE_WITH_KNOTS('',2,(#9836,#9837,#9838),.UNSPECIFIED.,
 .F.,.F.,(3,3),(0.,1.),.UNSPECIFIED.);
#2266=B_SPLINE_CURVE_WITH_KNOTS('',2,(#9841,#9842,#9843),.UNSPECIFIED.,
 .F.,.F.,(3,3),(0.,1.),.UNSPECIFIED.);
#2267=B_SPLINE_CURVE_WITH_KNOTS('',2,(#9851,#9852,#9853),.UNSPECIFIED.,
 .F.,.F.,(3,3),(0.,1.),.UNSPECIFIED.);
#2268=B_SPLINE_CURVE_WITH_KNOTS('',2,(#9856,#9857,#9858),.UNSPECIFIED.,
 .F.,.F.,(3,3),(0.,1.),.UNSPECIFIED.);
#2269=B_SPLINE_CURVE_WITH_KNOTS('',2,(#9866,#9867,#9868),.UNSPECIFIED.,
 .F.,.F.,(3,3),(0.,1.),.UNSPECIFIED.);
#2270=B_SPLINE_CURVE_WITH_KNOTS('',2,(#9871,#9872,#9873),.UNSPECIFIED.,
 .F.,.F.,(3,3),(0.,1.),.UNSPECIFIED.);
#2271=B_SPLINE_CURVE_WITH_KNOTS('',2,(#9881,#9882,#9883),.UNSPECIFIED.,
 .F.,.F.,(3,3),(0.,1.),.UNSPECIFIED.);
#2272=B_SPLINE_CURVE_WITH_KNOTS('',2,(#9886,#9887,#9888),.UNSPECIFIED.,
 .F.,.F.,(3,3),(0.,1.),.UNSPECIFIED.);
#2273=B_SPLINE_CURVE_WITH_KNOTS('',2,(#9896,#9897,#9898),.UNSPECIFIED.,
 .F.,.F.,(3,3),(0.,1.),.UNSPECIFIED.);
#2274=B_SPLINE_CURVE_WITH_KNOTS('',2,(#9901,#9902,#9903),.UNSPECIFIED.,
 .F.,.F.,(3,3),(0.,1.),.UNSPECIFIED.);
#2275=B_SPLINE_CURVE_WITH_KNOTS('',2,(#9911,#9912,#9913),.UNSPECIFIED.,
 .F.,.F.,(3,3),(0.,1.),.UNSPECIFIED.);
#2276=B_SPLINE_CURVE_WITH_KNOTS('',2,(#9916,#9917,#9918),.UNSPECIFIED.,
 .F.,.F.,(3,3),(0.,1.),.UNSPECIFIED.);
#2277=B_SPLINE_CURVE_WITH_KNOTS('',2,(#9926,#9927,#9928),.UNSPECIFIED.,
 .F.,.F.,(3,3),(0.,1.),.UNSPECIFIED.);
#2278=B_SPLINE_CURVE_WITH_KNOTS('',2,(#9931,#9932,#9933),.UNSPECIFIED.,
 .F.,.F.,(3,3),(0.,1.),.UNSPECIFIED.);
#2279=B_SPLINE_CURVE_WITH_KNOTS('',2,(#9941,#9942,#9943),.UNSPECIFIED.,
 .F.,.F.,(3,3),(0.,1.),.UNSPECIFIED.);
#2280=B_SPLINE_CURVE_WITH_KNOTS('',2,(#9946,#9947,#9948),.UNSPECIFIED.,
 .F.,.F.,(3,3),(0.,1.),.UNSPECIFIED.);
#2281=B_SPLINE_CURVE_WITH_KNOTS('',2,(#9956,#9957,#9958),.UNSPECIFIED.,
 .F.,.F.,(3,3),(0.,1.),.UNSPECIFIED.);
#2282=B_SPLINE_CURVE_WITH_KNOTS('',2,(#9961,#9962,#9963),.UNSPECIFIED.,
 .F.,.F.,(3,3),(0.,1.),.UNSPECIFIED.);
#2283=B_SPLINE_CURVE_WITH_KNOTS('',2,(#9971,#9972,#9973),.UNSPECIFIED.,
 .F.,.F.,(3,3),(0.,1.),.UNSPECIFIED.);
#2284=B_SPLINE_CURVE_WITH_KNOTS('',2,(#9976,#9977,#9978),.UNSPECIFIED.,
 .F.,.F.,(3,3),(0.,1.),.UNSPECIFIED.);
#2285=B_SPLINE_CURVE_WITH_KNOTS('',2,(#9986,#9987,#9988),.UNSPECIFIED.,
 .F.,.F.,(3,3),(0.,1.),.UNSPECIFIED.);
#2286=B_SPLINE_CURVE_WITH_KNOTS('',2,(#9991,#9992,#9993),.UNSPECIFIED.,
 .F.,.F.,(3,3),(0.,1.),.UNSPECIFIED.);
#2287=B_SPLINE_CURVE_WITH_KNOTS('',2,(#10006,#10007,#10008),
 .UNSPECIFIED.,.F.,.F.,(3,3),(0.,1.),.UNSPECIFIED.);
#2288=B_SPLINE_CURVE_WITH_KNOTS('',2,(#10009,#10010,#10011),
 .UNSPECIFIED.,.F.,.F.,(3,3),(0.,1.),.UNSPECIFIED.);
#2289=B_SPLINE_CURVE_WITH_KNOTS('',2,(#10021,#10022,#10023),
 .UNSPECIFIED.,.F.,.F.,(3,3),(0.,1.),.UNSPECIFIED.);
#2290=B_SPLINE_CURVE_WITH_KNOTS('',2,(#10027,#10028,#10029),
 .UNSPECIFIED.,.F.,.F.,(3,3),(0.,1.),.UNSPECIFIED.);
#2291=B_SPLINE_CURVE_WITH_KNOTS('',2,(#10038,#10039,#10040),
 .UNSPECIFIED.,.F.,.F.,(3,3),(0.,1.),.UNSPECIFIED.);
#2292=B_SPLINE_CURVE_WITH_KNOTS('',2,(#10043,#10044,#10045),
 .UNSPECIFIED.,.F.,.F.,(3,3),(0.,1.),.UNSPECIFIED.);
#2293=B_SPLINE_CURVE_WITH_KNOTS('',2,(#10053,#10054,#10055),
 .UNSPECIFIED.,.F.,.F.,(3,3),(0.,1.),.UNSPECIFIED.);
#2294=B_SPLINE_CURVE_WITH_KNOTS('',2,(#10058,#10059,#10060),
 .UNSPECIFIED.,.F.,.F.,(3,3),(0.,1.),.UNSPECIFIED.);
#2295=B_SPLINE_CURVE_WITH_KNOTS('',2,(#10068,#10069,#10070),
 .UNSPECIFIED.,.F.,.F.,(3,3),(0.,1.),.UNSPECIFIED.);
#2296=B_SPLINE_CURVE_WITH_KNOTS('',2,(#10073,#10074,#10075),
 .UNSPECIFIED.,.F.,.F.,(3,3),(0.,1.),.UNSPECIFIED.);
#2297=B_SPLINE_CURVE_WITH_KNOTS('',2,(#10083,#10084,#10085),
 .UNSPECIFIED.,.F.,.F.,(3,3),(0.,1.),.UNSPECIFIED.);
#2298=B_SPLINE_CURVE_WITH_KNOTS('',2,(#10088,#10089,#10090),
 .UNSPECIFIED.,.F.,.F.,(3,3),(0.,1.),.UNSPECIFIED.);
#2299=B_SPLINE_CURVE_WITH_KNOTS('',2,(#10098,#10099,#10100),
 .UNSPECIFIED.,.F.,.F.,(3,3),(0.,1.),.UNSPECIFIED.);
#2300=B_SPLINE_CURVE_WITH_KNOTS('',2,(#10103,#10104,#10105),
 .UNSPECIFIED.,.F.,.F.,(3,3),(0.,1.),.UNSPECIFIED.);
#2301=B_SPLINE_CURVE_WITH_KNOTS('',2,(#10113,#10114,#10115),
 .UNSPECIFIED.,.F.,.F.,(3,3),(0.,1.),.UNSPECIFIED.);
#2302=B_SPLINE_CURVE_WITH_KNOTS('',2,(#10118,#10119,#10120),
 .UNSPECIFIED.,.F.,.F.,(3,3),(0.,1.),.UNSPECIFIED.);
#2303=B_SPLINE_CURVE_WITH_KNOTS('',2,(#10128,#10129,#10130),
 .UNSPECIFIED.,.F.,.F.,(3,3),(0.,1.),.UNSPECIFIED.);
#2304=B_SPLINE_CURVE_WITH_KNOTS('',2,(#10133,#10134,#10135),
 .UNSPECIFIED.,.F.,.F.,(3,3),(0.,1.),.UNSPECIFIED.);
#2305=B_SPLINE_CURVE_WITH_KNOTS('',2,(#10147,#10148,#10149),
 .UNSPECIFIED.,.F.,.F.,(3,3),(0.,1.),.UNSPECIFIED.);
#2306=B_SPLINE_CURVE_WITH_KNOTS('',2,(#10153,#10154,#10155),
 .UNSPECIFIED.,.F.,.F.,(3,3),(0.,1.),.UNSPECIFIED.);
#2307=B_SPLINE_CURVE_WITH_KNOTS('',2,(#10164,#10165,#10166),
 .UNSPECIFIED.,.F.,.F.,(3,3),(0.,1.),.UNSPECIFIED.);
#2308=B_SPLINE_CURVE_WITH_KNOTS('',2,(#10169,#10170,#10171),
 .UNSPECIFIED.,.F.,.F.,(3,3),(0.,1.),.UNSPECIFIED.);
#2309=B_SPLINE_CURVE_WITH_KNOTS('',2,(#10179,#10180,#10181),
 .UNSPECIFIED.,.F.,.F.,(3,3),(0.,1.),.UNSPECIFIED.);
#2310=B_SPLINE_CURVE_WITH_KNOTS('',2,(#10184,#10185,#10186),
 .UNSPECIFIED.,.F.,.F.,(3,3),(0.,1.),.UNSPECIFIED.);
#2311=B_SPLINE_CURVE_WITH_KNOTS('',2,(#10200,#10201,#10202),
 .UNSPECIFIED.,.F.,.F.,(3,3),(0.,1.),.UNSPECIFIED.);
#2312=B_SPLINE_CURVE_WITH_KNOTS('',2,(#10205,#10206,#10207),
 .UNSPECIFIED.,.F.,.F.,(3,3),(0.,1.),.UNSPECIFIED.);
#2313=B_SPLINE_CURVE_WITH_KNOTS('',2,(#10215,#10216,#10217),
 .UNSPECIFIED.,.F.,.F.,(3,3),(0.,1.),.UNSPECIFIED.);
#2314=B_SPLINE_CURVE_WITH_KNOTS('',2,(#10220,#10221,#10222),
 .UNSPECIFIED.,.F.,.F.,(3,3),(0.,1.),.UNSPECIFIED.);
#2315=B_SPLINE_CURVE_WITH_KNOTS('',2,(#10230,#10231,#10232),
 .UNSPECIFIED.,.F.,.F.,(3,3),(0.,1.),.UNSPECIFIED.);
#2316=B_SPLINE_CURVE_WITH_KNOTS('',2,(#10235,#10236,#10237),
 .UNSPECIFIED.,.F.,.F.,(3,3),(0.,1.),.UNSPECIFIED.);
#2317=B_SPLINE_CURVE_WITH_KNOTS('',2,(#10245,#10246,#10247),
 .UNSPECIFIED.,.F.,.F.,(3,3),(0.,1.),.UNSPECIFIED.);
#2318=B_SPLINE_CURVE_WITH_KNOTS('',2,(#10250,#10251,#10252),
 .UNSPECIFIED.,.F.,.F.,(3,3),(0.,1.),.UNSPECIFIED.);
#2319=B_SPLINE_CURVE_WITH_KNOTS('',2,(#10260,#10261,#10262),
 .UNSPECIFIED.,.F.,.F.,(3,3),(0.,1.),.UNSPECIFIED.);
#2320=B_SPLINE_CURVE_WITH_KNOTS('',2,(#10265,#10266,#10267),
 .UNSPECIFIED.,.F.,.F.,(3,3),(0.,1.),.UNSPECIFIED.);
#2321=B_SPLINE_CURVE_WITH_KNOTS('',2,(#10275,#10276,#10277),
 .UNSPECIFIED.,.F.,.F.,(3,3),(0.,1.),.UNSPECIFIED.);
#2322=B_SPLINE_CURVE_WITH_KNOTS('',2,(#10280,#10281,#10282),
 .UNSPECIFIED.,.F.,.F.,(3,3),(0.,1.),.UNSPECIFIED.);
#2323=B_SPLINE_CURVE_WITH_KNOTS('',2,(#10290,#10291,#10292),
 .UNSPECIFIED.,.F.,.F.,(3,3),(0.,1.),.UNSPECIFIED.);
#2324=B_SPLINE_CURVE_WITH_KNOTS('',2,(#10295,#10296,#10297),
 .UNSPECIFIED.,.F.,.F.,(3,3),(0.,1.),.UNSPECIFIED.);
#2325=B_SPLINE_CURVE_WITH_KNOTS('',2,(#10305,#10306,#10307),
 .UNSPECIFIED.,.F.,.F.,(3,3),(0.,1.),.UNSPECIFIED.);
#2326=B_SPLINE_CURVE_WITH_KNOTS('',2,(#10310,#10311,#10312),
 .UNSPECIFIED.,.F.,.F.,(3,3),(0.,1.),.UNSPECIFIED.);
#2327=B_SPLINE_CURVE_WITH_KNOTS('',2,(#10320,#10321,#10322),
 .UNSPECIFIED.,.F.,.F.,(3,3),(0.,1.),.UNSPECIFIED.);
#2328=B_SPLINE_CURVE_WITH_KNOTS('',2,(#10325,#10326,#10327),
 .UNSPECIFIED.,.F.,.F.,(3,3),(0.,1.),.UNSPECIFIED.);
#2329=B_SPLINE_CURVE_WITH_KNOTS('',2,(#10335,#10336,#10337),
 .UNSPECIFIED.,.F.,.F.,(3,3),(0.,1.),.UNSPECIFIED.);
#2330=B_SPLINE_CURVE_WITH_KNOTS('',2,(#10340,#10341,#10342),
 .UNSPECIFIED.,.F.,.F.,(3,3),(0.,1.),.UNSPECIFIED.);
#2331=B_SPLINE_CURVE_WITH_KNOTS('',2,(#10356,#10357,#10358),
 .UNSPECIFIED.,.F.,.F.,(3,3),(0.,1.),.UNSPECIFIED.);
#2332=B_SPLINE_CURVE_WITH_KNOTS('',2,(#10361,#10362,#10363),
 .UNSPECIFIED.,.F.,.F.,(3,3),(0.,1.),.UNSPECIFIED.);
#2333=B_SPLINE_CURVE_WITH_KNOTS('',2,(#10371,#10372,#10373),
 .UNSPECIFIED.,.F.,.F.,(3,3),(0.,1.),.UNSPECIFIED.);
#2334=B_SPLINE_CURVE_WITH_KNOTS('',2,(#10376,#10377,#10378),
 .UNSPECIFIED.,.F.,.F.,(3,3),(0.,1.),.UNSPECIFIED.);
#2335=B_SPLINE_CURVE_WITH_KNOTS('',2,(#10392,#10393,#10394),
 .UNSPECIFIED.,.F.,.F.,(3,3),(0.,1.),.UNSPECIFIED.);
#2336=B_SPLINE_CURVE_WITH_KNOTS('',2,(#10397,#10398,#10399),
 .UNSPECIFIED.,.F.,.F.,(3,3),(0.,1.),.UNSPECIFIED.);
#2337=B_SPLINE_CURVE_WITH_KNOTS('',2,(#10407,#10408,#10409),
 .UNSPECIFIED.,.F.,.F.,(3,3),(0.,1.),.UNSPECIFIED.);
#2338=B_SPLINE_CURVE_WITH_KNOTS('',2,(#10412,#10413,#10414),
 .UNSPECIFIED.,.F.,.F.,(3,3),(0.,1.),.UNSPECIFIED.);
#2339=B_SPLINE_CURVE_WITH_KNOTS('',2,(#10422,#10423,#10424),
 .UNSPECIFIED.,.F.,.F.,(3,3),(0.,1.),.UNSPECIFIED.);
#2340=B_SPLINE_CURVE_WITH_KNOTS('',2,(#10427,#10428,#10429),
 .UNSPECIFIED.,.F.,.F.,(3,3),(0.,1.),.UNSPECIFIED.);
#2341=B_SPLINE_CURVE_WITH_KNOTS('',2,(#10437,#10438,#10439),
 .UNSPECIFIED.,.F.,.F.,(3,3),(0.,1.),.UNSPECIFIED.);
#2342=B_SPLINE_CURVE_WITH_KNOTS('',2,(#10442,#10443,#10444),
 .UNSPECIFIED.,.F.,.F.,(3,3),(0.,1.),.UNSPECIFIED.);
#2343=B_SPLINE_CURVE_WITH_KNOTS('',2,(#10452,#10453,#10454),
 .UNSPECIFIED.,.F.,.F.,(3,3),(0.,1.),.UNSPECIFIED.);
#2344=B_SPLINE_CURVE_WITH_KNOTS('',2,(#10457,#10458,#10459),
 .UNSPECIFIED.,.F.,.F.,(3,3),(0.,1.),.UNSPECIFIED.);
#2345=B_SPLINE_CURVE_WITH_KNOTS('',2,(#10472,#10473,#10474),
 .UNSPECIFIED.,.F.,.F.,(3,3),(0.,1.),.UNSPECIFIED.);
#2346=B_SPLINE_CURVE_WITH_KNOTS('',2,(#10475,#10476,#10477),
 .UNSPECIFIED.,.F.,.F.,(3,3),(0.,1.),.UNSPECIFIED.);
#2347=B_SPLINE_CURVE_WITH_KNOTS('',2,(#10548,#10549,#10550),
 .UNSPECIFIED.,.F.,.F.,(3,3),(0.,1.),.UNSPECIFIED.);
#2348=B_SPLINE_CURVE_WITH_KNOTS('',2,(#10554,#10555,#10556),
 .UNSPECIFIED.,.F.,.F.,(3,3),(0.,1.),.UNSPECIFIED.);
#2349=B_SPLINE_CURVE_WITH_KNOTS('',2,(#10565,#10566,#10567),
 .UNSPECIFIED.,.F.,.F.,(3,3),(0.,1.),.UNSPECIFIED.);
#2350=B_SPLINE_CURVE_WITH_KNOTS('',2,(#10570,#10571,#10572),
 .UNSPECIFIED.,.F.,.F.,(3,3),(0.,1.),.UNSPECIFIED.);
#2351=B_SPLINE_CURVE_WITH_KNOTS('',2,(#10580,#10581,#10582),
 .UNSPECIFIED.,.F.,.F.,(3,3),(0.,1.),.UNSPECIFIED.);
#2352=B_SPLINE_CURVE_WITH_KNOTS('',2,(#10585,#10586,#10587),
 .UNSPECIFIED.,.F.,.F.,(3,3),(0.,1.),.UNSPECIFIED.);
#2353=B_SPLINE_CURVE_WITH_KNOTS('',2,(#10595,#10596,#10597),
 .UNSPECIFIED.,.F.,.F.,(3,3),(0.,1.),.UNSPECIFIED.);
#2354=B_SPLINE_CURVE_WITH_KNOTS('',2,(#10600,#10601,#10602),
 .UNSPECIFIED.,.F.,.F.,(3,3),(0.,1.),.UNSPECIFIED.);
#2355=B_SPLINE_CURVE_WITH_KNOTS('',2,(#10610,#10611,#10612),
 .UNSPECIFIED.,.F.,.F.,(3,3),(0.,1.),.UNSPECIFIED.);
#2356=B_SPLINE_CURVE_WITH_KNOTS('',2,(#10615,#10616,#10617),
 .UNSPECIFIED.,.F.,.F.,(3,3),(0.,1.),.UNSPECIFIED.);
#2357=B_SPLINE_CURVE_WITH_KNOTS('',2,(#10625,#10626,#10627),
 .UNSPECIFIED.,.F.,.F.,(3,3),(0.,1.),.UNSPECIFIED.);
#2358=B_SPLINE_CURVE_WITH_KNOTS('',2,(#10630,#10631,#10632),
 .UNSPECIFIED.,.F.,.F.,(3,3),(0.,1.),.UNSPECIFIED.);
#2359=B_SPLINE_CURVE_WITH_KNOTS('',2,(#10640,#10641,#10642),
 .UNSPECIFIED.,.F.,.F.,(3,3),(0.,1.),.UNSPECIFIED.);
#2360=B_SPLINE_CURVE_WITH_KNOTS('',2,(#10645,#10646,#10647),
 .UNSPECIFIED.,.F.,.F.,(3,3),(0.,1.),.UNSPECIFIED.);
#2361=B_SPLINE_CURVE_WITH_KNOTS('',2,(#10654,#10655,#10656),
 .UNSPECIFIED.,.F.,.F.,(3,3),(0.,1.),.UNSPECIFIED.);
#2362=B_SPLINE_CURVE_WITH_KNOTS('',2,(#10657,#10658,#10659),
 .UNSPECIFIED.,.F.,.F.,(3,3),(0.,1.),.UNSPECIFIED.);
#2363=B_SPLINE_CURVE_WITH_KNOTS('',2,(#10668,#10669,#10670),
 .UNSPECIFIED.,.F.,.F.,(3,3),(0.,1.),.UNSPECIFIED.);
#2364=B_SPLINE_CURVE_WITH_KNOTS('',2,(#10674,#10675,#10676),
 .UNSPECIFIED.,.F.,.F.,(3,3),(0.,1.),.UNSPECIFIED.);
#2365=B_SPLINE_CURVE_WITH_KNOTS('',2,(#10685,#10686,#10687),
 .UNSPECIFIED.,.F.,.F.,(3,3),(0.,1.),.UNSPECIFIED.);
#2366=B_SPLINE_CURVE_WITH_KNOTS('',2,(#10690,#10691,#10692),
 .UNSPECIFIED.,.F.,.F.,(3,3),(0.,1.),.UNSPECIFIED.);
#2367=B_SPLINE_CURVE_WITH_KNOTS('',2,(#10700,#10701,#10702),
 .UNSPECIFIED.,.F.,.F.,(3,3),(0.,1.),.UNSPECIFIED.);
#2368=B_SPLINE_CURVE_WITH_KNOTS('',2,(#10705,#10706,#10707),
 .UNSPECIFIED.,.F.,.F.,(3,3),(0.,1.),.UNSPECIFIED.);
#2369=B_SPLINE_CURVE_WITH_KNOTS('',2,(#10715,#10716,#10717),
 .UNSPECIFIED.,.F.,.F.,(3,3),(0.,1.),.UNSPECIFIED.);
#2370=B_SPLINE_CURVE_WITH_KNOTS('',2,(#10720,#10721,#10722),
 .UNSPECIFIED.,.F.,.F.,(3,3),(0.,1.),.UNSPECIFIED.);
#2371=B_SPLINE_CURVE_WITH_KNOTS('',2,(#10730,#10731,#10732),
 .UNSPECIFIED.,.F.,.F.,(3,3),(0.,1.),.UNSPECIFIED.);
#2372=B_SPLINE_CURVE_WITH_KNOTS('',2,(#10735,#10736,#10737),
 .UNSPECIFIED.,.F.,.F.,(3,3),(0.,1.),.UNSPECIFIED.);
#2373=B_SPLINE_CURVE_WITH_KNOTS('',2,(#10745,#10746,#10747),
 .UNSPECIFIED.,.F.,.F.,(3,3),(0.,1.),.UNSPECIFIED.);
#2374=B_SPLINE_CURVE_WITH_KNOTS('',2,(#10750,#10751,#10752),
 .UNSPECIFIED.,.F.,.F.,(3,3),(0.,1.),.UNSPECIFIED.);
#2375=B_SPLINE_CURVE_WITH_KNOTS('',2,(#10760,#10761,#10762),
 .UNSPECIFIED.,.F.,.F.,(3,3),(0.,1.),.UNSPECIFIED.);
#2376=B_SPLINE_CURVE_WITH_KNOTS('',2,(#10765,#10766,#10767),
 .UNSPECIFIED.,.F.,.F.,(3,3),(0.,1.),.UNSPECIFIED.);
#2377=B_SPLINE_CURVE_WITH_KNOTS('',2,(#10775,#10776,#10777),
 .UNSPECIFIED.,.F.,.F.,(3,3),(0.,1.),.UNSPECIFIED.);
#2378=B_SPLINE_CURVE_WITH_KNOTS('',2,(#10780,#10781,#10782),
 .UNSPECIFIED.,.F.,.F.,(3,3),(0.,1.),.UNSPECIFIED.);
#2379=B_SPLINE_CURVE_WITH_KNOTS('',2,(#10790,#10791,#10792),
 .UNSPECIFIED.,.F.,.F.,(3,3),(0.,1.),.UNSPECIFIED.);
#2380=B_SPLINE_CURVE_WITH_KNOTS('',2,(#10795,#10796,#10797),
 .UNSPECIFIED.,.F.,.F.,(3,3),(0.,1.),.UNSPECIFIED.);
#2381=B_SPLINE_CURVE_WITH_KNOTS('',2,(#10804,#10805,#10806),
 .UNSPECIFIED.,.F.,.F.,(3,3),(0.,1.),.UNSPECIFIED.);
#2382=B_SPLINE_CURVE_WITH_KNOTS('',2,(#10807,#10808,#10809),
 .UNSPECIFIED.,.F.,.F.,(3,3),(0.,1.),.UNSPECIFIED.);
#2383=VERTEX_POINT('',#7420);
#2384=VERTEX_POINT('',#7421);
#2385=VERTEX_POINT('',#7425);
#2386=VERTEX_POINT('',#7427);
#2387=VERTEX_POINT('',#7438);
#2388=VERTEX_POINT('',#7442);
#2389=VERTEX_POINT('',#7453);
#2390=VERTEX_POINT('',#7457);
#2391=VERTEX_POINT('',#7468);
#2392=VERTEX_POINT('',#7472);
#2393=VERTEX_POINT('',#7483);
#2394=VERTEX_POINT('',#7487);
#2395=VERTEX_POINT('',#7498);
#2396=VERTEX_POINT('',#7502);
#2397=VERTEX_POINT('',#7513);
#2398=VERTEX_POINT('',#7517);
#2399=VERTEX_POINT('',#7540);
#2400=VERTEX_POINT('',#7541);
#2401=VERTEX_POINT('',#7545);
#2402=VERTEX_POINT('',#7547);
#2403=VERTEX_POINT('',#7558);
#2404=VERTEX_POINT('',#7562);
#2405=VERTEX_POINT('',#7573);
#2406=VERTEX_POINT('',#7577);
#2407=VERTEX_POINT('',#7588);
#2408=VERTEX_POINT('',#7592);
#2409=VERTEX_POINT('',#7603);
#2410=VERTEX_POINT('',#7607);
#2411=VERTEX_POINT('',#7618);
#2412=VERTEX_POINT('',#7622);
#2413=VERTEX_POINT('',#7633);
#2414=VERTEX_POINT('',#7637);
#2415=VERTEX_POINT('',#7648);
#2416=VERTEX_POINT('',#7652);
#2417=VERTEX_POINT('',#7663);
#2418=VERTEX_POINT('',#7667);
#2419=VERTEX_POINT('',#7686);
#2420=VERTEX_POINT('',#7687);
#2421=VERTEX_POINT('',#7689);
#2422=VERTEX_POINT('',#7691);
#2423=VERTEX_POINT('',#7695);
#2424=VERTEX_POINT('',#7697);
#2425=VERTEX_POINT('',#7701);
#2426=VERTEX_POINT('',#7703);
#2427=VERTEX_POINT('',#7707);
#2428=VERTEX_POINT('',#7709);
#2429=VERTEX_POINT('',#7713);
#2430=VERTEX_POINT('',#7715);
#2431=VERTEX_POINT('',#7719);
#2432=VERTEX_POINT('',#7721);
#2433=VERTEX_POINT('',#7725);
#2434=VERTEX_POINT('',#7727);
#2435=VERTEX_POINT('',#7731);
#2436=VERTEX_POINT('',#7733);
#2437=VERTEX_POINT('',#7737);
#2438=VERTEX_POINT('',#7739);
#2439=VERTEX_POINT('',#7747);
#2440=VERTEX_POINT('',#7748);
#2441=VERTEX_POINT('',#7750);
#2442=VERTEX_POINT('',#7752);
#2443=VERTEX_POINT('',#7756);
#2444=VERTEX_POINT('',#7758);
#2445=VERTEX_POINT('',#7762);
#2446=VERTEX_POINT('',#7764);
#2447=VERTEX_POINT('',#7768);
#2448=VERTEX_POINT('',#7770);
#2449=VERTEX_POINT('',#7774);
#2450=VERTEX_POINT('',#7776);
#2451=VERTEX_POINT('',#7780);
#2452=VERTEX_POINT('',#7782);
#2453=VERTEX_POINT('',#7786);
#2454=VERTEX_POINT('',#7788);
#2455=VERTEX_POINT('',#7792);
#2456=VERTEX_POINT('',#7794);
#2457=VERTEX_POINT('',#7798);
#2458=VERTEX_POINT('',#7800);
#2459=VERTEX_POINT('',#7804);
#2460=VERTEX_POINT('',#7806);
#2461=VERTEX_POINT('',#7810);
#2462=VERTEX_POINT('',#7812);
#2463=VERTEX_POINT('',#7825);
#2464=VERTEX_POINT('',#7826);
#2465=VERTEX_POINT('',#7830);
#2466=VERTEX_POINT('',#7832);
#2467=VERTEX_POINT('',#7843);
#2468=VERTEX_POINT('',#7847);
#2469=VERTEX_POINT('',#7858);
#2470=VERTEX_POINT('',#7862);
#2471=VERTEX_POINT('',#7873);
#2472=VERTEX_POINT('',#7877);
#2473=VERTEX_POINT('',#7888);
#2474=VERTEX_POINT('',#7892);
#2475=VERTEX_POINT('',#7898);
#2476=VERTEX_POINT('',#7900);
#2477=VERTEX_POINT('',#7904);
#2478=VERTEX_POINT('',#7906);
#2479=VERTEX_POINT('',#7910);
#2480=VERTEX_POINT('',#7912);
#2481=VERTEX_POINT('',#7916);
#2482=VERTEX_POINT('',#7918);
#2483=VERTEX_POINT('',#7922);
#2484=VERTEX_POINT('',#7924);
#2485=VERTEX_POINT('',#7933);
#2486=VERTEX_POINT('',#7937);
#2487=VERTEX_POINT('',#7948);
#2488=VERTEX_POINT('',#7952);
#2489=VERTEX_POINT('',#7963);
#2490=VERTEX_POINT('',#7967);
#2491=VERTEX_POINT('',#7978);
#2492=VERTEX_POINT('',#7982);
#2493=VERTEX_POINT('',#7993);
#2494=VERTEX_POINT('',#7997);
#2495=VERTEX_POINT('',#8008);
#2496=VERTEX_POINT('',#8012);
#2497=VERTEX_POINT('',#8018);
#2498=VERTEX_POINT('',#8020);
#2499=VERTEX_POINT('',#8024);
#2500=VERTEX_POINT('',#8026);
#2501=VERTEX_POINT('',#8039);
#2502=VERTEX_POINT('',#8040);
#2503=VERTEX_POINT('',#8044);
#2504=VERTEX_POINT('',#8046);
#2505=VERTEX_POINT('',#8057);
#2506=VERTEX_POINT('',#8061);
#2507=VERTEX_POINT('',#8072);
#2508=VERTEX_POINT('',#8076);
#2509=VERTEX_POINT('',#8087);
#2510=VERTEX_POINT('',#8091);
#2511=VERTEX_POINT('',#8097);
#2512=VERTEX_POINT('',#8099);
#2513=VERTEX_POINT('',#8108);
#2514=VERTEX_POINT('',#8112);
#2515=VERTEX_POINT('',#8123);
#2516=VERTEX_POINT('',#8127);
#2517=VERTEX_POINT('',#8138);
#2518=VERTEX_POINT('',#8142);
#2519=VERTEX_POINT('',#8153);
#2520=VERTEX_POINT('',#8157);
#2521=VERTEX_POINT('',#8168);
#2522=VERTEX_POINT('',#8172);
#2523=VERTEX_POINT('',#8178);
#2524=VERTEX_POINT('',#8180);
#2525=VERTEX_POINT('',#8184);
#2526=VERTEX_POINT('',#8186);
#2527=VERTEX_POINT('',#8194);
#2528=VERTEX_POINT('',#8195);
#2529=VERTEX_POINT('',#8197);
#2530=VERTEX_POINT('',#8199);
#2531=VERTEX_POINT('',#8203);
#2532=VERTEX_POINT('',#8205);
#2533=VERTEX_POINT('',#8209);
#2534=VERTEX_POINT('',#8211);
#2535=VERTEX_POINT('',#8224);
#2536=VERTEX_POINT('',#8225);
#2537=VERTEX_POINT('',#8229);
#2538=VERTEX_POINT('',#8231);
#2539=VERTEX_POINT('',#8242);
#2540=VERTEX_POINT('',#8246);
#2541=VERTEX_POINT('',#8257);
#2542=VERTEX_POINT('',#8261);
#2543=VERTEX_POINT('',#8272);
#2544=VERTEX_POINT('',#8276);
#2545=VERTEX_POINT('',#8287);
#2546=VERTEX_POINT('',#8291);
#2547=VERTEX_POINT('',#8302);
#2548=VERTEX_POINT('',#8306);
#2549=VERTEX_POINT('',#8317);
#2550=VERTEX_POINT('',#8321);
#2551=VERTEX_POINT('',#8344);
#2552=VERTEX_POINT('',#8345);
#2553=VERTEX_POINT('',#8349);
#2554=VERTEX_POINT('',#8351);
#2555=VERTEX_POINT('',#8362);
#2556=VERTEX_POINT('',#8366);
#2557=VERTEX_POINT('',#8377);
#2558=VERTEX_POINT('',#8381);
#2559=VERTEX_POINT('',#8392);
#2560=VERTEX_POINT('',#8396);
#2561=VERTEX_POINT('',#8407);
#2562=VERTEX_POINT('',#8411);
#2563=VERTEX_POINT('',#8422);
#2564=VERTEX_POINT('',#8426);
#2565=VERTEX_POINT('',#8432);
#2566=VERTEX_POINT('',#8434);
#2567=VERTEX_POINT('',#8438);
#2568=VERTEX_POINT('',#8440);
#2569=VERTEX_POINT('',#8444);
#2570=VERTEX_POINT('',#8446);
#2571=VERTEX_POINT('',#8455);
#2572=VERTEX_POINT('',#8459);
#2573=VERTEX_POINT('',#8470);
#2574=VERTEX_POINT('',#8474);
#2575=VERTEX_POINT('',#8485);
#2576=VERTEX_POINT('',#8489);
#2577=VERTEX_POINT('',#8500);
#2578=VERTEX_POINT('',#8504);
#2579=VERTEX_POINT('',#8515);
#2580=VERTEX_POINT('',#8519);
#2581=VERTEX_POINT('',#8530);
#2582=VERTEX_POINT('',#8534);
#2583=VERTEX_POINT('',#8540);
#2584=VERTEX_POINT('',#8542);
#2585=VERTEX_POINT('',#8551);
#2586=VERTEX_POINT('',#8555);
#2587=VERTEX_POINT('',#8566);
#2588=VERTEX_POINT('',#8570);
#2589=VERTEX_POINT('',#8581);
#2590=VERTEX_POINT('',#8585);
#2591=VERTEX_POINT('',#8596);
#2592=VERTEX_POINT('',#8600);
#2593=VERTEX_POINT('',#8611);
#2594=VERTEX_POINT('',#8615);
#2595=VERTEX_POINT('',#8621);
#2596=VERTEX_POINT('',#8623);
#2597=VERTEX_POINT('',#8640);
#2598=VERTEX_POINT('',#8641);
#2599=VERTEX_POINT('',#8643);
#2600=VERTEX_POINT('',#8645);
#2601=VERTEX_POINT('',#8649);
#2602=VERTEX_POINT('',#8651);
#2603=VERTEX_POINT('',#8655);
#2604=VERTEX_POINT('',#8657);
#2605=VERTEX_POINT('',#8665);
#2606=VERTEX_POINT('',#8666);
#2607=VERTEX_POINT('',#8668);
#2608=VERTEX_POINT('',#8670);
#2609=VERTEX_POINT('',#8674);
#2610=VERTEX_POINT('',#8676);
#2611=VERTEX_POINT('',#8680);
#2612=VERTEX_POINT('',#8682);
#2613=VERTEX_POINT('',#8695);
#2614=VERTEX_POINT('',#8696);
#2615=VERTEX_POINT('',#8700);
#2616=VERTEX_POINT('',#8702);
#2617=VERTEX_POINT('',#8713);
#2618=VERTEX_POINT('',#8717);
#2619=VERTEX_POINT('',#8728);
#2620=VERTEX_POINT('',#8732);
#2621=VERTEX_POINT('',#8743);
#2622=VERTEX_POINT('',#8747);
#2623=VERTEX_POINT('',#8761);
#2624=VERTEX_POINT('',#8762);
#2625=VERTEX_POINT('',#8766);
#2626=VERTEX_POINT('',#8768);
#2627=VERTEX_POINT('',#8779);
#2628=VERTEX_POINT('',#8783);
#2629=VERTEX_POINT('',#8794);
#2630=VERTEX_POINT('',#8798);
#2631=VERTEX_POINT('',#8804);
#2632=VERTEX_POINT('',#8806);
#2633=VERTEX_POINT('',#8815);
#2634=VERTEX_POINT('',#8819);
#2635=VERTEX_POINT('',#8830);
#2636=VERTEX_POINT('',#8834);
#2637=VERTEX_POINT('',#8845);
#2638=VERTEX_POINT('',#8849);
#2639=VERTEX_POINT('',#8860);
#2640=VERTEX_POINT('',#8864);
#2641=VERTEX_POINT('',#8875);
#2642=VERTEX_POINT('',#8879);
#2643=VERTEX_POINT('',#8890);
#2644=VERTEX_POINT('',#8894);
#2645=VERTEX_POINT('',#8905);
#2646=VERTEX_POINT('',#8909);
#2647=VERTEX_POINT('',#8920);
#2648=VERTEX_POINT('',#8924);
#2649=VERTEX_POINT('',#8930);
#2650=VERTEX_POINT('',#8932);
#2651=VERTEX_POINT('',#8954);
#2652=VERTEX_POINT('',#8955);
#2653=VERTEX_POINT('',#8959);
#2654=VERTEX_POINT('',#8961);
#2655=VERTEX_POINT('',#8972);
#2656=VERTEX_POINT('',#8976);
#2657=VERTEX_POINT('',#8987);
#2658=VERTEX_POINT('',#8991);
#2659=VERTEX_POINT('',#9002);
#2660=VERTEX_POINT('',#9006);
#2661=VERTEX_POINT('',#9017);
#2662=VERTEX_POINT('',#9021);
#2663=VERTEX_POINT('',#9032);
#2664=VERTEX_POINT('',#9036);
#2665=VERTEX_POINT('',#9047);
#2666=VERTEX_POINT('',#9051);
#2667=VERTEX_POINT('',#9074);
#2668=VERTEX_POINT('',#9075);
#2669=VERTEX_POINT('',#9079);
#2670=VERTEX_POINT('',#9081);
#2671=VERTEX_POINT('',#9092);
#2672=VERTEX_POINT('',#9096);
#2673=VERTEX_POINT('',#9107);
#2674=VERTEX_POINT('',#9111);
#2675=VERTEX_POINT('',#9122);
#2676=VERTEX_POINT('',#9126);
#2677=VERTEX_POINT('',#9137);
#2678=VERTEX_POINT('',#9141);
#2679=VERTEX_POINT('',#9152);
#2680=VERTEX_POINT('',#9156);
#2681=VERTEX_POINT('',#9162);
#2682=VERTEX_POINT('',#9164);
#2683=VERTEX_POINT('',#9168);
#2684=VERTEX_POINT('',#9170);
#2685=VERTEX_POINT('',#9174);
#2686=VERTEX_POINT('',#9176);
#2687=VERTEX_POINT('',#9185);
#2688=VERTEX_POINT('',#9189);
#2689=VERTEX_POINT('',#9200);
#2690=VERTEX_POINT('',#9204);
#2691=VERTEX_POINT('',#9215);
#2692=VERTEX_POINT('',#9219);
#2693=VERTEX_POINT('',#9230);
#2694=VERTEX_POINT('',#9234);
#2695=VERTEX_POINT('',#9245);
#2696=VERTEX_POINT('',#9249);
#2697=VERTEX_POINT('',#9260);
#2698=VERTEX_POINT('',#9264);
#2699=VERTEX_POINT('',#9270);
#2700=VERTEX_POINT('',#9272);
#2701=VERTEX_POINT('',#9281);
#2702=VERTEX_POINT('',#9285);
#2703=VERTEX_POINT('',#9296);
#2704=VERTEX_POINT('',#9300);
#2705=VERTEX_POINT('',#9311);
#2706=VERTEX_POINT('',#9315);
#2707=VERTEX_POINT('',#9326);
#2708=VERTEX_POINT('',#9330);
#2709=VERTEX_POINT('',#9341);
#2710=VERTEX_POINT('',#9345);
#2711=VERTEX_POINT('',#9351);
#2712=VERTEX_POINT('',#9353);
#2713=VERTEX_POINT('',#9375);
#2714=VERTEX_POINT('',#9376);
#2715=VERTEX_POINT('',#9380);
#2716=VERTEX_POINT('',#9382);
#2717=VERTEX_POINT('',#9393);
#2718=VERTEX_POINT('',#9397);
#2719=VERTEX_POINT('',#9408);
#2720=VERTEX_POINT('',#9412);
#2721=VERTEX_POINT('',#9423);
#2722=VERTEX_POINT('',#9427);
#2723=VERTEX_POINT('',#9438);
#2724=VERTEX_POINT('',#9442);
#2725=VERTEX_POINT('',#9453);
#2726=VERTEX_POINT('',#9457);
#2727=VERTEX_POINT('',#9468);
#2728=VERTEX_POINT('',#9472);
#2729=VERTEX_POINT('',#9495);
#2730=VERTEX_POINT('',#9496);
#2731=VERTEX_POINT('',#9500);
#2732=VERTEX_POINT('',#9502);
#2733=VERTEX_POINT('',#9513);
#2734=VERTEX_POINT('',#9517);
#2735=VERTEX_POINT('',#9528);
#2736=VERTEX_POINT('',#9532);
#2737=VERTEX_POINT('',#9543);
#2738=VERTEX_POINT('',#9547);
#2739=VERTEX_POINT('',#9558);
#2740=VERTEX_POINT('',#9562);
#2741=VERTEX_POINT('',#9573);
#2742=VERTEX_POINT('',#9577);
#2743=VERTEX_POINT('',#9588);
#2744=VERTEX_POINT('',#9592);
#2745=VERTEX_POINT('',#9603);
#2746=VERTEX_POINT('',#9607);
#2747=VERTEX_POINT('',#9618);
#2748=VERTEX_POINT('',#9622);
#2749=VERTEX_POINT('',#9646);
#2750=VERTEX_POINT('',#9647);
#2751=VERTEX_POINT('',#9651);
#2752=VERTEX_POINT('',#9653);
#2753=VERTEX_POINT('',#9664);
#2754=VERTEX_POINT('',#9668);
#2755=VERTEX_POINT('',#9679);
#2756=VERTEX_POINT('',#9683);
#2757=VERTEX_POINT('',#9694);
#2758=VERTEX_POINT('',#9698);
#2759=VERTEX_POINT('',#9709);
#2760=VERTEX_POINT('',#9713);
#2761=VERTEX_POINT('',#9724);
#2762=VERTEX_POINT('',#9728);
#2763=VERTEX_POINT('',#9739);
#2764=VERTEX_POINT('',#9743);
#2765=VERTEX_POINT('',#9754);
#2766=VERTEX_POINT('',#9758);
#2767=VERTEX_POINT('',#9769);
#2768=VERTEX_POINT('',#9773);
#2769=VERTEX_POINT('',#9784);
#2770=VERTEX_POINT('',#9788);
#2771=VERTEX_POINT('',#9799);
#2772=VERTEX_POINT('',#9803);
#2773=VERTEX_POINT('',#9809);
#2774=VERTEX_POINT('',#9811);
#2775=VERTEX_POINT('',#9820);
#2776=VERTEX_POINT('',#9824);
#2777=VERTEX_POINT('',#9835);
#2778=VERTEX_POINT('',#9839);
#2779=VERTEX_POINT('',#9850);
#2780=VERTEX_POINT('',#9854);
#2781=VERTEX_POINT('',#9865);
#2782=VERTEX_POINT('',#9869);
#2783=VERTEX_POINT('',#9880);
#2784=VERTEX_POINT('',#9884);
#2785=VERTEX_POINT('',#9895);
#2786=VERTEX_POINT('',#9899);
#2787=VERTEX_POINT('',#9910);
#2788=VERTEX_POINT('',#9914);
#2789=VERTEX_POINT('',#9925);
#2790=VERTEX_POINT('',#9929);
#2791=VERTEX_POINT('',#9940);
#2792=VERTEX_POINT('',#9944);
#2793=VERTEX_POINT('',#9955);
#2794=VERTEX_POINT('',#9959);
#2795=VERTEX_POINT('',#9970);
#2796=VERTEX_POINT('',#9974);
#2797=VERTEX_POINT('',#9985);
#2798=VERTEX_POINT('',#9989);
#2799=VERTEX_POINT('',#9995);
#2800=VERTEX_POINT('',#9997);
#2801=VERTEX_POINT('',#10019);
#2802=VERTEX_POINT('',#10020);
#2803=VERTEX_POINT('',#10024);
#2804=VERTEX_POINT('',#10026);
#2805=VERTEX_POINT('',#10037);
#2806=VERTEX_POINT('',#10041);
#2807=VERTEX_POINT('',#10052);
#2808=VERTEX_POINT('',#10056);
#2809=VERTEX_POINT('',#10067);
#2810=VERTEX_POINT('',#10071);
#2811=VERTEX_POINT('',#10082);
#2812=VERTEX_POINT('',#10086);
#2813=VERTEX_POINT('',#10097);
#2814=VERTEX_POINT('',#10101);
#2815=VERTEX_POINT('',#10112);
#2816=VERTEX_POINT('',#10116);
#2817=VERTEX_POINT('',#10127);
#2818=VERTEX_POINT('',#10131);
#2819=VERTEX_POINT('',#10145);
#2820=VERTEX_POINT('',#10146);
#2821=VERTEX_POINT('',#10150);
#2822=VERTEX_POINT('',#10152);
#2823=VERTEX_POINT('',#10163);
#2824=VERTEX_POINT('',#10167);
#2825=VERTEX_POINT('',#10178);
#2826=VERTEX_POINT('',#10182);
#2827=VERTEX_POINT('',#10188);
#2828=VERTEX_POINT('',#10190);
#2829=VERTEX_POINT('',#10199);
#2830=VERTEX_POINT('',#10203);
#2831=VERTEX_POINT('',#10214);
#2832=VERTEX_POINT('',#10218);
#2833=VERTEX_POINT('',#10229);
#2834=VERTEX_POINT('',#10233);
#2835=VERTEX_POINT('',#10244);
#2836=VERTEX_POINT('',#10248);
#2837=VERTEX_POINT('',#10259);
#2838=VERTEX_POINT('',#10263);
#2839=VERTEX_POINT('',#10274);
#2840=VERTEX_POINT('',#10278);
#2841=VERTEX_POINT('',#10289);
#2842=VERTEX_POINT('',#10293);
#2843=VERTEX_POINT('',#10304);
#2844=VERTEX_POINT('',#10308);
#2845=VERTEX_POINT('',#10319);
#2846=VERTEX_POINT('',#10323);
#2847=VERTEX_POINT('',#10334);
#2848=VERTEX_POINT('',#10338);
#2849=VERTEX_POINT('',#10344);
#2850=VERTEX_POINT('',#10346);
#2851=VERTEX_POINT('',#10355);
#2852=VERTEX_POINT('',#10359);
#2853=VERTEX_POINT('',#10370);
#2854=VERTEX_POINT('',#10374);
#2855=VERTEX_POINT('',#10380);
#2856=VERTEX_POINT('',#10382);
#2857=VERTEX_POINT('',#10391);
#2858=VERTEX_POINT('',#10395);
#2859=VERTEX_POINT('',#10406);
#2860=VERTEX_POINT('',#10410);
#2861=VERTEX_POINT('',#10421);
#2862=VERTEX_POINT('',#10425);
#2863=VERTEX_POINT('',#10436);
#2864=VERTEX_POINT('',#10440);
#2865=VERTEX_POINT('',#10451);
#2866=VERTEX_POINT('',#10455);
#2867=VERTEX_POINT('',#10461);
#2868=VERTEX_POINT('',#10463);
#2869=VERTEX_POINT('',#10480);
#2870=VERTEX_POINT('',#10481);
#2871=VERTEX_POINT('',#10483);
#2872=VERTEX_POINT('',#10485);
#2873=VERTEX_POINT('',#10489);
#2874=VERTEX_POINT('',#10491);
#2875=VERTEX_POINT('',#10495);
#2876=VERTEX_POINT('',#10497);
#2877=VERTEX_POINT('',#10501);
#2878=VERTEX_POINT('',#10503);
#2879=VERTEX_POINT('',#10507);
#2880=VERTEX_POINT('',#10509);
#2881=VERTEX_POINT('',#10513);
#2882=VERTEX_POINT('',#10515);
#2883=VERTEX_POINT('',#10519);
#2884=VERTEX_POINT('',#10521);
#2885=VERTEX_POINT('',#10525);
#2886=VERTEX_POINT('',#10527);
#2887=VERTEX_POINT('',#10531);
#2888=VERTEX_POINT('',#10533);
#2889=VERTEX_POINT('',#10546);
#2890=VERTEX_POINT('',#10547);
#2891=VERTEX_POINT('',#10551);
#2892=VERTEX_POINT('',#10553);
#2893=VERTEX_POINT('',#10564);
#2894=VERTEX_POINT('',#10568);
#2895=VERTEX_POINT('',#10579);
#2896=VERTEX_POINT('',#10583);
#2897=VERTEX_POINT('',#10594);
#2898=VERTEX_POINT('',#10598);
#2899=VERTEX_POINT('',#10609);
#2900=VERTEX_POINT('',#10613);
#2901=VERTEX_POINT('',#10624);
#2902=VERTEX_POINT('',#10628);
#2903=VERTEX_POINT('',#10639);
#2904=VERTEX_POINT('',#10643);
#2905=VERTEX_POINT('',#10666);
#2906=VERTEX_POINT('',#10667);
#2907=VERTEX_POINT('',#10671);
#2908=VERTEX_POINT('',#10673);
#2909=VERTEX_POINT('',#10684);
#2910=VERTEX_POINT('',#10688);
#2911=VERTEX_POINT('',#10699);
#2912=VERTEX_POINT('',#10703);
#2913=VERTEX_POINT('',#10714);
#2914=VERTEX_POINT('',#10718);
#2915=VERTEX_POINT('',#10729);
#2916=VERTEX_POINT('',#10733);
#2917=VERTEX_POINT('',#10744);
#2918=VERTEX_POINT('',#10748);
#2919=VERTEX_POINT('',#10759);
#2920=VERTEX_POINT('',#10763);
#2921=VERTEX_POINT('',#10774);
#2922=VERTEX_POINT('',#10778);
#2923=VERTEX_POINT('',#10789);
#2924=VERTEX_POINT('',#10793);
#2925=VERTEX_POINT('',#10812);
#2926=VERTEX_POINT('',#10813);
#2927=VERTEX_POINT('',#10815);
#2928=VERTEX_POINT('',#10817);
#2929=VERTEX_POINT('',#10821);
#2930=VERTEX_POINT('',#10823);
#2931=VERTEX_POINT('',#10827);
#2932=VERTEX_POINT('',#10829);
#2933=VERTEX_POINT('',#10833);
#2934=VERTEX_POINT('',#10835);
#2935=VERTEX_POINT('',#10839);
#2936=VERTEX_POINT('',#10841);
#2937=VERTEX_POINT('',#10845);
#2938=VERTEX_POINT('',#10847);
#2939=VERTEX_POINT('',#10851);
#2940=VERTEX_POINT('',#10853);
#2941=VERTEX_POINT('',#10857);
#2942=VERTEX_POINT('',#10859);
#2943=VERTEX_POINT('',#10863);
#2944=VERTEX_POINT('',#10865);
#2945=VERTEX_POINT('',#10880);
#2946=VERTEX_POINT('',#10881);
#2947=VERTEX_POINT('',#10883);
#2948=VERTEX_POINT('',#10885);
#2949=VERTEX_POINT('',#10889);
#2950=VERTEX_POINT('',#10891);
#2951=VERTEX_POINT('',#10893);
#2952=VERTEX_POINT('',#10895);
#2953=VERTEX_POINT('',#10897);
#2954=VERTEX_POINT('',#10899);
#2955=VERTEX_POINT('',#10902);
#2956=VERTEX_POINT('',#10904);
#2957=VERTEX_POINT('',#10906);
#2958=VERTEX_POINT('',#10908);
#2959=VERTEX_POINT('',#10910);
#2960=VERTEX_POINT('',#10911);
#2961=VERTEX_POINT('',#10913);
#2962=VERTEX_POINT('',#10915);
#2963=VERTEX_POINT('',#10918);
#2964=VERTEX_POINT('',#10919);
#2965=VERTEX_POINT('',#10921);
#2966=VERTEX_POINT('',#10923);
#2967=VERTEX_POINT('',#10927);
#2968=VERTEX_POINT('',#10931);
#2969=VERTEX_POINT('',#10935);
#2970=VERTEX_POINT('',#10936);
#2971=VERTEX_POINT('',#10941);
#2972=VERTEX_POINT('',#10945);
#2973=VERTEX_POINT('',#10951);
#2974=VERTEX_POINT('',#10952);
#2975=VERTEX_POINT('',#10954);
#2976=VERTEX_POINT('',#10956);
#2977=VERTEX_POINT('',#10960);
#2978=VERTEX_POINT('',#10962);
#2979=VERTEX_POINT('',#10966);
#2980=VERTEX_POINT('',#10968);
#2981=VERTEX_POINT('',#10975);
#2982=VERTEX_POINT('',#10976);
#2983=VERTEX_POINT('',#10978);
#2984=VERTEX_POINT('',#10980);
#2985=VERTEX_POINT('',#10984);
#2986=VERTEX_POINT('',#10985);
#2987=VERTEX_POINT('',#10987);
#2988=VERTEX_POINT('',#10989);
#2989=VERTEX_POINT('',#10991);
#2990=VERTEX_POINT('',#10993);
#2991=VERTEX_POINT('',#10995);
#2992=VERTEX_POINT('',#10997);
#2993=VERTEX_POINT('',#11000);
#2994=VERTEX_POINT('',#11001);
#2995=VERTEX_POINT('',#11003);
#2996=VERTEX_POINT('',#11005);
#2997=VERTEX_POINT('',#11025);
#2998=VERTEX_POINT('',#11027);
#2999=VERTEX_POINT('',#11031);
#3000=VERTEX_POINT('',#11035);
#3001=VERTEX_POINT('',#11039);
#3002=VERTEX_POINT('',#11043);
#3003=VERTEX_POINT('',#11047);
#3004=VERTEX_POINT('',#11051);
#3005=VERTEX_POINT('',#11057);
#3006=VERTEX_POINT('',#11061);
#3007=VERTEX_POINT('',#11065);
#3008=VERTEX_POINT('',#11069);
#3009=EDGE_CURVE('',#2383,#2384,#1993,.T.);
#3010=EDGE_CURVE('',#2383,#2385,#943,.T.);
#3011=EDGE_CURVE('',#2385,#2386,#1994,.T.);
#3012=EDGE_CURVE('',#2384,#2386,#944,.T.);
#3013=EDGE_CURVE('',#2387,#2383,#1995,.T.);
#3014=EDGE_CURVE('',#2387,#2388,#945,.T.);
#3015=EDGE_CURVE('',#2388,#2385,#1996,.T.);
#3016=EDGE_CURVE('',#2389,#2387,#1997,.T.);
#3017=EDGE_CURVE('',#2389,#2390,#946,.T.);
#3018=EDGE_CURVE('',#2390,#2388,#1998,.T.);
#3019=EDGE_CURVE('',#2391,#2389,#1999,.T.);
#3020=EDGE_CURVE('',#2391,#2392,#947,.T.);
#3021=EDGE_CURVE('',#2392,#2390,#2000,.T.);
#3022=EDGE_CURVE('',#2393,#2391,#2001,.T.);
#3023=EDGE_CURVE('',#2393,#2394,#948,.T.);
#3024=EDGE_CURVE('',#2394,#2392,#2002,.T.);
#3025=EDGE_CURVE('',#2395,#2393,#2003,.T.);
#3026=EDGE_CURVE('',#2395,#2396,#949,.T.);
#3027=EDGE_CURVE('',#2396,#2394,#2004,.T.);
#3028=EDGE_CURVE('',#2397,#2395,#2005,.T.);
#3029=EDGE_CURVE('',#2397,#2398,#950,.T.);
#3030=EDGE_CURVE('',#2398,#2396,#2006,.T.);
#3031=EDGE_CURVE('',#2384,#2397,#2007,.T.);
#3032=EDGE_CURVE('',#2386,#2398,#2008,.T.);
#3033=EDGE_CURVE('',#2399,#2400,#2009,.T.);
#3034=EDGE_CURVE('',#2399,#2401,#951,.T.);
#3035=EDGE_CURVE('',#2401,#2402,#2010,.T.);
#3036=EDGE_CURVE('',#2400,#2402,#952,.T.);
#3037=EDGE_CURVE('',#2403,#2399,#2011,.T.);
#3038=EDGE_CURVE('',#2403,#2404,#953,.T.);
#3039=EDGE_CURVE('',#2404,#2401,#2012,.T.);
#3040=EDGE_CURVE('',#2405,#2403,#2013,.T.);
#3041=EDGE_CURVE('',#2405,#2406,#954,.T.);
#3042=EDGE_CURVE('',#2406,#2404,#2014,.T.);
#3043=EDGE_CURVE('',#2407,#2405,#2015,.T.);
#3044=EDGE_CURVE('',#2407,#2408,#955,.T.);
#3045=EDGE_CURVE('',#2408,#2406,#2016,.T.);
#3046=EDGE_CURVE('',#2409,#2407,#2017,.T.);
#3047=EDGE_CURVE('',#2409,#2410,#956,.T.);
#3048=EDGE_CURVE('',#2410,#2408,#2018,.T.);
#3049=EDGE_CURVE('',#2411,#2409,#2019,.T.);
#3050=EDGE_CURVE('',#2411,#2412,#957,.T.);
#3051=EDGE_CURVE('',#2412,#2410,#2020,.T.);
#3052=EDGE_CURVE('',#2413,#2411,#2021,.T.);
#3053=EDGE_CURVE('',#2413,#2414,#958,.T.);
#3054=EDGE_CURVE('',#2414,#2412,#2022,.T.);
#3055=EDGE_CURVE('',#2415,#2413,#2023,.T.);
#3056=EDGE_CURVE('',#2415,#2416,#959,.T.);
#3057=EDGE_CURVE('',#2416,#2414,#2024,.T.);
#3058=EDGE_CURVE('',#2417,#2415,#2025,.T.);
#3059=EDGE_CURVE('',#2417,#2418,#960,.T.);
#3060=EDGE_CURVE('',#2418,#2416,#2026,.T.);
#3061=EDGE_CURVE('',#2400,#2417,#2027,.T.);
#3062=EDGE_CURVE('',#2402,#2418,#2028,.T.);
#3063=EDGE_CURVE('',#2419,#2420,#961,.T.);
#3064=EDGE_CURVE('',#2419,#2421,#962,.T.);
#3065=EDGE_CURVE('',#2421,#2422,#963,.T.);
#3066=EDGE_CURVE('',#2420,#2422,#964,.T.);
#3067=EDGE_CURVE('',#2423,#2419,#965,.T.);
#3068=EDGE_CURVE('',#2423,#2424,#966,.T.);
#3069=EDGE_CURVE('',#2424,#2421,#967,.T.);
#3070=EDGE_CURVE('',#2425,#2423,#968,.T.);
#3071=EDGE_CURVE('',#2425,#2426,#969,.T.);
#3072=EDGE_CURVE('',#2426,#2424,#970,.T.);
#3073=EDGE_CURVE('',#2427,#2425,#971,.T.);
#3074=EDGE_CURVE('',#2427,#2428,#972,.T.);
#3075=EDGE_CURVE('',#2428,#2426,#973,.T.);
#3076=EDGE_CURVE('',#2429,#2427,#974,.T.);
#3077=EDGE_CURVE('',#2429,#2430,#975,.T.);
#3078=EDGE_CURVE('',#2430,#2428,#976,.T.);
#3079=EDGE_CURVE('',#2431,#2429,#977,.T.);
#3080=EDGE_CURVE('',#2431,#2432,#978,.T.);
#3081=EDGE_CURVE('',#2432,#2430,#979,.T.);
#3082=EDGE_CURVE('',#2433,#2431,#980,.T.);
#3083=EDGE_CURVE('',#2433,#2434,#981,.T.);
#3084=EDGE_CURVE('',#2434,#2432,#982,.T.);
#3085=EDGE_CURVE('',#2435,#2433,#983,.T.);
#3086=EDGE_CURVE('',#2435,#2436,#984,.T.);
#3087=EDGE_CURVE('',#2436,#2434,#985,.T.);
#3088=EDGE_CURVE('',#2437,#2435,#986,.T.);
#3089=EDGE_CURVE('',#2437,#2438,#987,.T.);
#3090=EDGE_CURVE('',#2438,#2436,#988,.T.);
#3091=EDGE_CURVE('',#2420,#2437,#989,.T.);
#3092=EDGE_CURVE('',#2422,#2438,#990,.T.);
#3093=EDGE_CURVE('',#2439,#2440,#991,.T.);
#3094=EDGE_CURVE('',#2439,#2441,#992,.T.);
#3095=EDGE_CURVE('',#2441,#2442,#993,.T.);
#3096=EDGE_CURVE('',#2440,#2442,#994,.T.);
#3097=EDGE_CURVE('',#2443,#2439,#995,.T.);
#3098=EDGE_CURVE('',#2443,#2444,#996,.T.);
#3099=EDGE_CURVE('',#2444,#2441,#997,.T.);
#3100=EDGE_CURVE('',#2445,#2443,#998,.T.);
#3101=EDGE_CURVE('',#2445,#2446,#999,.T.);
#3102=EDGE_CURVE('',#2446,#2444,#1000,.T.);
#3103=EDGE_CURVE('',#2447,#2445,#1001,.T.);
#3104=EDGE_CURVE('',#2447,#2448,#1002,.T.);
#3105=EDGE_CURVE('',#2448,#2446,#1003,.T.);
#3106=EDGE_CURVE('',#2449,#2447,#1004,.T.);
#3107=EDGE_CURVE('',#2449,#2450,#1005,.T.);
#3108=EDGE_CURVE('',#2450,#2448,#1006,.T.);
#3109=EDGE_CURVE('',#2451,#2449,#1007,.T.);
#3110=EDGE_CURVE('',#2451,#2452,#1008,.T.);
#3111=EDGE_CURVE('',#2452,#2450,#1009,.T.);
#3112=EDGE_CURVE('',#2453,#2451,#1010,.T.);
#3113=EDGE_CURVE('',#2453,#2454,#1011,.T.);
#3114=EDGE_CURVE('',#2454,#2452,#1012,.T.);
#3115=EDGE_CURVE('',#2455,#2453,#1013,.T.);
#3116=EDGE_CURVE('',#2455,#2456,#1014,.T.);
#3117=EDGE_CURVE('',#2456,#2454,#1015,.T.);
#3118=EDGE_CURVE('',#2457,#2455,#1016,.T.);
#3119=EDGE_CURVE('',#2457,#2458,#1017,.T.);
#3120=EDGE_CURVE('',#2458,#2456,#1018,.T.);
#3121=EDGE_CURVE('',#2459,#2457,#1019,.T.);
#3122=EDGE_CURVE('',#2459,#2460,#1020,.T.);
#3123=EDGE_CURVE('',#2460,#2458,#1021,.T.);
#3124=EDGE_CURVE('',#2461,#2459,#1022,.T.);
#3125=EDGE_CURVE('',#2461,#2462,#1023,.T.);
#3126=EDGE_CURVE('',#2462,#2460,#1024,.T.);
#3127=EDGE_CURVE('',#2440,#2461,#1025,.T.);
#3128=EDGE_CURVE('',#2442,#2462,#1026,.T.);
#3129=EDGE_CURVE('',#2463,#2464,#2029,.T.);
#3130=EDGE_CURVE('',#2463,#2465,#1027,.T.);
#3131=EDGE_CURVE('',#2465,#2466,#2030,.T.);
#3132=EDGE_CURVE('',#2464,#2466,#1028,.T.);
#3133=EDGE_CURVE('',#2467,#2463,#2031,.T.);
#3134=EDGE_CURVE('',#2467,#2468,#1029,.T.);
#3135=EDGE_CURVE('',#2468,#2465,#2032,.T.);
#3136=EDGE_CURVE('',#2469,#2467,#2033,.T.);
#3137=EDGE_CURVE('',#2469,#2470,#1030,.T.);
#3138=EDGE_CURVE('',#2470,#2468,#2034,.T.);
#3139=EDGE_CURVE('',#2471,#2469,#2035,.T.);
#3140=EDGE_CURVE('',#2471,#2472,#1031,.T.);
#3141=EDGE_CURVE('',#2472,#2470,#2036,.T.);
#3142=EDGE_CURVE('',#2473,#2471,#2037,.T.);
#3143=EDGE_CURVE('',#2473,#2474,#1032,.T.);
#3144=EDGE_CURVE('',#2474,#2472,#2038,.T.);
#3145=EDGE_CURVE('',#2475,#2473,#1033,.T.);
#3146=EDGE_CURVE('',#2475,#2476,#1034,.T.);
#3147=EDGE_CURVE('',#2476,#2474,#1035,.T.);
#3148=EDGE_CURVE('',#2477,#2475,#1036,.T.);
#3149=EDGE_CURVE('',#2477,#2478,#1037,.T.);
#3150=EDGE_CURVE('',#2478,#2476,#1038,.T.);
#3151=EDGE_CURVE('',#2479,#2477,#1039,.T.);
#3152=EDGE_CURVE('',#2479,#2480,#1040,.T.);
#3153=EDGE_CURVE('',#2480,#2478,#1041,.T.);
#3154=EDGE_CURVE('',#2481,#2479,#1042,.T.);
#3155=EDGE_CURVE('',#2481,#2482,#1043,.T.);
#3156=EDGE_CURVE('',#2482,#2480,#1044,.T.);
#3157=EDGE_CURVE('',#2483,#2481,#1045,.T.);
#3158=EDGE_CURVE('',#2483,#2484,#1046,.T.);
#3159=EDGE_CURVE('',#2484,#2482,#1047,.T.);
#3160=EDGE_CURVE('',#2485,#2483,#2039,.T.);
#3161=EDGE_CURVE('',#2485,#2486,#1048,.T.);
#3162=EDGE_CURVE('',#2486,#2484,#2040,.T.);
#3163=EDGE_CURVE('',#2487,#2485,#2041,.T.);
#3164=EDGE_CURVE('',#2487,#2488,#1049,.T.);
#3165=EDGE_CURVE('',#2488,#2486,#2042,.T.);
#3166=EDGE_CURVE('',#2489,#2487,#2043,.T.);
#3167=EDGE_CURVE('',#2489,#2490,#1050,.T.);
#3168=EDGE_CURVE('',#2490,#2488,#2044,.T.);
#3169=EDGE_CURVE('',#2491,#2489,#2045,.T.);
#3170=EDGE_CURVE('',#2491,#2492,#1051,.T.);
#3171=EDGE_CURVE('',#2492,#2490,#2046,.T.);
#3172=EDGE_CURVE('',#2493,#2491,#2047,.T.);
#3173=EDGE_CURVE('',#2493,#2494,#1052,.T.);
#3174=EDGE_CURVE('',#2494,#2492,#2048,.T.);
#3175=EDGE_CURVE('',#2495,#2493,#2049,.T.);
#3176=EDGE_CURVE('',#2495,#2496,#1053,.T.);
#3177=EDGE_CURVE('',#2496,#2494,#2050,.T.);
#3178=EDGE_CURVE('',#2497,#2495,#1054,.T.);
#3179=EDGE_CURVE('',#2497,#2498,#1055,.T.);
#3180=EDGE_CURVE('',#2498,#2496,#1056,.T.);
#3181=EDGE_CURVE('',#2499,#2497,#1057,.T.);
#3182=EDGE_CURVE('',#2499,#2500,#1058,.T.);
#3183=EDGE_CURVE('',#2500,#2498,#1059,.T.);
#3184=EDGE_CURVE('',#2464,#2499,#1060,.T.);
#3185=EDGE_CURVE('',#2466,#2500,#1061,.T.);
#3186=EDGE_CURVE('',#2501,#2502,#2051,.T.);
#3187=EDGE_CURVE('',#2501,#2503,#1062,.T.);
#3188=EDGE_CURVE('',#2503,#2504,#2052,.T.);
#3189=EDGE_CURVE('',#2502,#2504,#1063,.T.);
#3190=EDGE_CURVE('',#2505,#2501,#2053,.T.);
#3191=EDGE_CURVE('',#2505,#2506,#1064,.T.);
#3192=EDGE_CURVE('',#2506,#2503,#2054,.T.);
#3193=EDGE_CURVE('',#2507,#2505,#2055,.T.);
#3194=EDGE_CURVE('',#2507,#2508,#1065,.T.);
#3195=EDGE_CURVE('',#2508,#2506,#2056,.T.);
#3196=EDGE_CURVE('',#2509,#2507,#2057,.T.);
#3197=EDGE_CURVE('',#2509,#2510,#1066,.T.);
#3198=EDGE_CURVE('',#2510,#2508,#2058,.T.);
#3199=EDGE_CURVE('',#2511,#2509,#1067,.T.);
#3200=EDGE_CURVE('',#2511,#2512,#1068,.T.);
#3201=EDGE_CURVE('',#2512,#2510,#1069,.T.);
#3202=EDGE_CURVE('',#2513,#2511,#2059,.T.);
#3203=EDGE_CURVE('',#2513,#2514,#1070,.T.);
#3204=EDGE_CURVE('',#2514,#2512,#2060,.T.);
#3205=EDGE_CURVE('',#2515,#2513,#2061,.T.);
#3206=EDGE_CURVE('',#2515,#2516,#1071,.T.);
#3207=EDGE_CURVE('',#2516,#2514,#2062,.T.);
#3208=EDGE_CURVE('',#2517,#2515,#2063,.T.);
#3209=EDGE_CURVE('',#2517,#2518,#1072,.T.);
#3210=EDGE_CURVE('',#2518,#2516,#2064,.T.);
#3211=EDGE_CURVE('',#2519,#2517,#2065,.T.);
#3212=EDGE_CURVE('',#2519,#2520,#1073,.T.);
#3213=EDGE_CURVE('',#2520,#2518,#2066,.T.);
#3214=EDGE_CURVE('',#2521,#2519,#2067,.T.);
#3215=EDGE_CURVE('',#2521,#2522,#1074,.T.);
#3216=EDGE_CURVE('',#2522,#2520,#2068,.T.);
#3217=EDGE_CURVE('',#2523,#2521,#1075,.T.);
#3218=EDGE_CURVE('',#2523,#2524,#1076,.T.);
#3219=EDGE_CURVE('',#2524,#2522,#1077,.T.);
#3220=EDGE_CURVE('',#2525,#2523,#1078,.T.);
#3221=EDGE_CURVE('',#2525,#2526,#1079,.T.);
#3222=EDGE_CURVE('',#2526,#2524,#1080,.T.);
#3223=EDGE_CURVE('',#2502,#2525,#1081,.T.);
#3224=EDGE_CURVE('',#2504,#2526,#1082,.T.);
#3225=EDGE_CURVE('',#2527,#2528,#1083,.T.);
#3226=EDGE_CURVE('',#2527,#2529,#1084,.T.);
#3227=EDGE_CURVE('',#2529,#2530,#1085,.T.);
#3228=EDGE_CURVE('',#2528,#2530,#1086,.T.);
#3229=EDGE_CURVE('',#2531,#2527,#1087,.T.);
#3230=EDGE_CURVE('',#2531,#2532,#1088,.T.);
#3231=EDGE_CURVE('',#2532,#2529,#1089,.T.);
#3232=EDGE_CURVE('',#2533,#2531,#1090,.T.);
#3233=EDGE_CURVE('',#2533,#2534,#1091,.T.);
#3234=EDGE_CURVE('',#2534,#2532,#1092,.T.);
#3235=EDGE_CURVE('',#2528,#2533,#1093,.T.);
#3236=EDGE_CURVE('',#2530,#2534,#1094,.T.);
#3237=EDGE_CURVE('',#2535,#2536,#2069,.T.);
#3238=EDGE_CURVE('',#2535,#2537,#1095,.T.);
#3239=EDGE_CURVE('',#2537,#2538,#2070,.T.);
#3240=EDGE_CURVE('',#2536,#2538,#1096,.T.);
#3241=EDGE_CURVE('',#2539,#2535,#2071,.T.);
#3242=EDGE_CURVE('',#2539,#2540,#1097,.T.);
#3243=EDGE_CURVE('',#2540,#2537,#2072,.T.);
#3244=EDGE_CURVE('',#2541,#2539,#2073,.T.);
#3245=EDGE_CURVE('',#2541,#2542,#1098,.T.);
#3246=EDGE_CURVE('',#2542,#2540,#2074,.T.);
#3247=EDGE_CURVE('',#2543,#2541,#2075,.T.);
#3248=EDGE_CURVE('',#2543,#2544,#1099,.T.);
#3249=EDGE_CURVE('',#2544,#2542,#2076,.T.);
#3250=EDGE_CURVE('',#2545,#2543,#2077,.T.);
#3251=EDGE_CURVE('',#2545,#2546,#1100,.T.);
#3252=EDGE_CURVE('',#2546,#2544,#2078,.T.);
#3253=EDGE_CURVE('',#2547,#2545,#2079,.T.);
#3254=EDGE_CURVE('',#2547,#2548,#1101,.T.);
#3255=EDGE_CURVE('',#2548,#2546,#2080,.T.);
#3256=EDGE_CURVE('',#2549,#2547,#2081,.T.);
#3257=EDGE_CURVE('',#2549,#2550,#1102,.T.);
#3258=EDGE_CURVE('',#2550,#2548,#2082,.T.);
#3259=EDGE_CURVE('',#2536,#2549,#2083,.T.);
#3260=EDGE_CURVE('',#2538,#2550,#2084,.T.);
#3261=EDGE_CURVE('',#2551,#2552,#2085,.T.);
#3262=EDGE_CURVE('',#2551,#2553,#1103,.T.);
#3263=EDGE_CURVE('',#2553,#2554,#2086,.T.);
#3264=EDGE_CURVE('',#2552,#2554,#1104,.T.);
#3265=EDGE_CURVE('',#2555,#2551,#2087,.T.);
#3266=EDGE_CURVE('',#2555,#2556,#1105,.T.);
#3267=EDGE_CURVE('',#2556,#2553,#2088,.T.);
#3268=EDGE_CURVE('',#2557,#2555,#2089,.T.);
#3269=EDGE_CURVE('',#2557,#2558,#1106,.T.);
#3270=EDGE_CURVE('',#2558,#2556,#2090,.T.);
#3271=EDGE_CURVE('',#2559,#2557,#2091,.T.);
#3272=EDGE_CURVE('',#2559,#2560,#1107,.T.);
#3273=EDGE_CURVE('',#2560,#2558,#2092,.T.);
#3274=EDGE_CURVE('',#2561,#2559,#2093,.T.);
#3275=EDGE_CURVE('',#2561,#2562,#1108,.T.);
#3276=EDGE_CURVE('',#2562,#2560,#2094,.T.);
#3277=EDGE_CURVE('',#2563,#2561,#2095,.T.);
#3278=EDGE_CURVE('',#2563,#2564,#1109,.T.);
#3279=EDGE_CURVE('',#2564,#2562,#2096,.T.);
#3280=EDGE_CURVE('',#2565,#2563,#1110,.T.);
#3281=EDGE_CURVE('',#2565,#2566,#1111,.T.);
#3282=EDGE_CURVE('',#2566,#2564,#1112,.T.);
#3283=EDGE_CURVE('',#2567,#2565,#1113,.T.);
#3284=EDGE_CURVE('',#2567,#2568,#1114,.T.);
#3285=EDGE_CURVE('',#2568,#2566,#1115,.T.);
#3286=EDGE_CURVE('',#2569,#2567,#1116,.T.);
#3287=EDGE_CURVE('',#2569,#2570,#1117,.T.);
#3288=EDGE_CURVE('',#2570,#2568,#1118,.T.);
#3289=EDGE_CURVE('',#2571,#2569,#2097,.T.);
#3290=EDGE_CURVE('',#2571,#2572,#1119,.T.);
#3291=EDGE_CURVE('',#2572,#2570,#2098,.T.);
#3292=EDGE_CURVE('',#2573,#2571,#2099,.T.);
#3293=EDGE_CURVE('',#2573,#2574,#1120,.T.);
#3294=EDGE_CURVE('',#2574,#2572,#2100,.T.);
#3295=EDGE_CURVE('',#2575,#2573,#2101,.T.);
#3296=EDGE_CURVE('',#2575,#2576,#1121,.T.);
#3297=EDGE_CURVE('',#2576,#2574,#2102,.T.);
#3298=EDGE_CURVE('',#2577,#2575,#2103,.T.);
#3299=EDGE_CURVE('',#2577,#2578,#1122,.T.);
#3300=EDGE_CURVE('',#2578,#2576,#2104,.T.);
#3301=EDGE_CURVE('',#2579,#2577,#2105,.T.);
#3302=EDGE_CURVE('',#2579,#2580,#1123,.T.);
#3303=EDGE_CURVE('',#2580,#2578,#2106,.T.);
#3304=EDGE_CURVE('',#2581,#2579,#2107,.T.);
#3305=EDGE_CURVE('',#2581,#2582,#1124,.T.);
#3306=EDGE_CURVE('',#2582,#2580,#2108,.T.);
#3307=EDGE_CURVE('',#2583,#2581,#1125,.T.);
#3308=EDGE_CURVE('',#2583,#2584,#1126,.T.);
#3309=EDGE_CURVE('',#2584,#2582,#1127,.T.);
#3310=EDGE_CURVE('',#2585,#2583,#2109,.T.);
#3311=EDGE_CURVE('',#2585,#2586,#1128,.T.);
#3312=EDGE_CURVE('',#2586,#2584,#2110,.T.);
#3313=EDGE_CURVE('',#2587,#2585,#2111,.T.);
#3314=EDGE_CURVE('',#2587,#2588,#1129,.T.);
#3315=EDGE_CURVE('',#2588,#2586,#2112,.T.);
#3316=EDGE_CURVE('',#2589,#2587,#2113,.T.);
#3317=EDGE_CURVE('',#2589,#2590,#1130,.T.);
#3318=EDGE_CURVE('',#2590,#2588,#2114,.T.);
#3319=EDGE_CURVE('',#2591,#2589,#2115,.T.);
#3320=EDGE_CURVE('',#2591,#2592,#1131,.T.);
#3321=EDGE_CURVE('',#2592,#2590,#2116,.T.);
#3322=EDGE_CURVE('',#2593,#2591,#2117,.T.);
#3323=EDGE_CURVE('',#2593,#2594,#1132,.T.);
#3324=EDGE_CURVE('',#2594,#2592,#2118,.T.);
#3325=EDGE_CURVE('',#2595,#2593,#1133,.T.);
#3326=EDGE_CURVE('',#2595,#2596,#1134,.T.);
#3327=EDGE_CURVE('',#2596,#2594,#1135,.T.);
#3328=EDGE_CURVE('',#2552,#2595,#2119,.T.);
#3329=EDGE_CURVE('',#2554,#2596,#2120,.T.);
#3330=EDGE_CURVE('',#2597,#2598,#1136,.T.);
#3331=EDGE_CURVE('',#2597,#2599,#1137,.T.);
#3332=EDGE_CURVE('',#2599,#2600,#1138,.T.);
#3333=EDGE_CURVE('',#2598,#2600,#1139,.T.);
#3334=EDGE_CURVE('',#2601,#2597,#1140,.T.);
#3335=EDGE_CURVE('',#2601,#2602,#1141,.T.);
#3336=EDGE_CURVE('',#2602,#2599,#1142,.T.);
#3337=EDGE_CURVE('',#2603,#2601,#1143,.T.);
#3338=EDGE_CURVE('',#2603,#2604,#1144,.T.);
#3339=EDGE_CURVE('',#2604,#2602,#1145,.T.);
#3340=EDGE_CURVE('',#2598,#2603,#1146,.T.);
#3341=EDGE_CURVE('',#2600,#2604,#1147,.T.);
#3342=EDGE_CURVE('',#2605,#2606,#1148,.T.);
#3343=EDGE_CURVE('',#2605,#2607,#1149,.T.);
#3344=EDGE_CURVE('',#2607,#2608,#1150,.T.);
#3345=EDGE_CURVE('',#2606,#2608,#1151,.T.);
#3346=EDGE_CURVE('',#2609,#2605,#1152,.T.);
#3347=EDGE_CURVE('',#2609,#2610,#1153,.T.);
#3348=EDGE_CURVE('',#2610,#2607,#1154,.T.);
#3349=EDGE_CURVE('',#2611,#2609,#1155,.T.);
#3350=EDGE_CURVE('',#2611,#2612,#1156,.T.);
#3351=EDGE_CURVE('',#2612,#2610,#1157,.T.);
#3352=EDGE_CURVE('',#2606,#2611,#1158,.T.);
#3353=EDGE_CURVE('',#2608,#2612,#1159,.T.);
#3354=EDGE_CURVE('',#2613,#2614,#2121,.T.);
#3355=EDGE_CURVE('',#2613,#2615,#1160,.T.);
#3356=EDGE_CURVE('',#2615,#2616,#2122,.T.);
#3357=EDGE_CURVE('',#2614,#2616,#1161,.T.);
#3358=EDGE_CURVE('',#2617,#2613,#2123,.T.);
#3359=EDGE_CURVE('',#2617,#2618,#1162,.T.);
#3360=EDGE_CURVE('',#2618,#2615,#2124,.T.);
#3361=EDGE_CURVE('',#2619,#2617,#2125,.T.);
#3362=EDGE_CURVE('',#2619,#2620,#1163,.T.);
#3363=EDGE_CURVE('',#2620,#2618,#2126,.T.);
#3364=EDGE_CURVE('',#2621,#2619,#2127,.T.);
#3365=EDGE_CURVE('',#2621,#2622,#1164,.T.);
#3366=EDGE_CURVE('',#2622,#2620,#2128,.T.);
#3367=EDGE_CURVE('',#2614,#2621,#1165,.T.);
#3368=EDGE_CURVE('',#2616,#2622,#1166,.T.);
#3369=EDGE_CURVE('',#2623,#2624,#2129,.T.);
#3370=EDGE_CURVE('',#2623,#2625,#1167,.T.);
#3371=EDGE_CURVE('',#2625,#2626,#2130,.T.);
#3372=EDGE_CURVE('',#2624,#2626,#1168,.T.);
#3373=EDGE_CURVE('',#2627,#2623,#2131,.T.);
#3374=EDGE_CURVE('',#2627,#2628,#1169,.T.);
#3375=EDGE_CURVE('',#2628,#2625,#2132,.T.);
#3376=EDGE_CURVE('',#2629,#2627,#2133,.T.);
#3377=EDGE_CURVE('',#2629,#2630,#1170,.T.);
#3378=EDGE_CURVE('',#2630,#2628,#2134,.T.);
#3379=EDGE_CURVE('',#2631,#2629,#1171,.T.);
#3380=EDGE_CURVE('',#2631,#2632,#1172,.T.);
#3381=EDGE_CURVE('',#2632,#2630,#1173,.T.);
#3382=EDGE_CURVE('',#2633,#2631,#2135,.T.);
#3383=EDGE_CURVE('',#2633,#2634,#1174,.T.);
#3384=EDGE_CURVE('',#2634,#2632,#2136,.T.);
#3385=EDGE_CURVE('',#2635,#2633,#2137,.T.);
#3386=EDGE_CURVE('',#2635,#2636,#1175,.T.);
#3387=EDGE_CURVE('',#2636,#2634,#2138,.T.);
#3388=EDGE_CURVE('',#2637,#2635,#2139,.T.);
#3389=EDGE_CURVE('',#2637,#2638,#1176,.T.);
#3390=EDGE_CURVE('',#2638,#2636,#2140,.T.);
#3391=EDGE_CURVE('',#2639,#2637,#2141,.T.);
#3392=EDGE_CURVE('',#2639,#2640,#1177,.T.);
#3393=EDGE_CURVE('',#2640,#2638,#2142,.T.);
#3394=EDGE_CURVE('',#2641,#2639,#2143,.T.);
#3395=EDGE_CURVE('',#2641,#2642,#1178,.T.);
#3396=EDGE_CURVE('',#2642,#2640,#2144,.T.);
#3397=EDGE_CURVE('',#2643,#2641,#2145,.T.);
#3398=EDGE_CURVE('',#2643,#2644,#1179,.T.);
#3399=EDGE_CURVE('',#2644,#2642,#2146,.T.);
#3400=EDGE_CURVE('',#2645,#2643,#2147,.T.);
#3401=EDGE_CURVE('',#2645,#2646,#1180,.T.);
#3402=EDGE_CURVE('',#2646,#2644,#2148,.T.);
#3403=EDGE_CURVE('',#2647,#2645,#2149,.T.);
#3404=EDGE_CURVE('',#2647,#2648,#1181,.T.);
#3405=EDGE_CURVE('',#2648,#2646,#2150,.T.);
#3406=EDGE_CURVE('',#2649,#2647,#1182,.T.);
#3407=EDGE_CURVE('',#2649,#2650,#1183,.T.);
#3408=EDGE_CURVE('',#2650,#2648,#1184,.T.);
#3409=EDGE_CURVE('',#2624,#2649,#2151,.T.);
#3410=EDGE_CURVE('',#2626,#2650,#2152,.T.);
#3411=EDGE_CURVE('',#2651,#2652,#2153,.T.);
#3412=EDGE_CURVE('',#2651,#2653,#1185,.T.);
#3413=EDGE_CURVE('',#2653,#2654,#2154,.T.);
#3414=EDGE_CURVE('',#2652,#2654,#1186,.T.);
#3415=EDGE_CURVE('',#2655,#2651,#2155,.T.);
#3416=EDGE_CURVE('',#2655,#2656,#1187,.T.);
#3417=EDGE_CURVE('',#2656,#2653,#2156,.T.);
#3418=EDGE_CURVE('',#2657,#2655,#2157,.T.);
#3419=EDGE_CURVE('',#2657,#2658,#1188,.T.);
#3420=EDGE_CURVE('',#2658,#2656,#2158,.T.);
#3421=EDGE_CURVE('',#2659,#2657,#2159,.T.);
#3422=EDGE_CURVE('',#2659,#2660,#1189,.T.);
#3423=EDGE_CURVE('',#2660,#2658,#2160,.T.);
#3424=EDGE_CURVE('',#2661,#2659,#2161,.T.);
#3425=EDGE_CURVE('',#2661,#2662,#1190,.T.);
#3426=EDGE_CURVE('',#2662,#2660,#2162,.T.);
#3427=EDGE_CURVE('',#2663,#2661,#2163,.T.);
#3428=EDGE_CURVE('',#2663,#2664,#1191,.T.);
#3429=EDGE_CURVE('',#2664,#2662,#2164,.T.);
#3430=EDGE_CURVE('',#2665,#2663,#2165,.T.);
#3431=EDGE_CURVE('',#2665,#2666,#1192,.T.);
#3432=EDGE_CURVE('',#2666,#2664,#2166,.T.);
#3433=EDGE_CURVE('',#2652,#2665,#2167,.T.);
#3434=EDGE_CURVE('',#2654,#2666,#2168,.T.);
#3435=EDGE_CURVE('',#2667,#2668,#2169,.T.);
#3436=EDGE_CURVE('',#2667,#2669,#1193,.T.);
#3437=EDGE_CURVE('',#2669,#2670,#2170,.T.);
#3438=EDGE_CURVE('',#2668,#2670,#1194,.T.);
#3439=EDGE_CURVE('',#2671,#2667,#2171,.T.);
#3440=EDGE_CURVE('',#2671,#2672,#1195,.T.);
#3441=EDGE_CURVE('',#2672,#2669,#2172,.T.);
#3442=EDGE_CURVE('',#2673,#2671,#2173,.T.);
#3443=EDGE_CURVE('',#2673,#2674,#1196,.T.);
#3444=EDGE_CURVE('',#2674,#2672,#2174,.T.);
#3445=EDGE_CURVE('',#2675,#2673,#2175,.T.);
#3446=EDGE_CURVE('',#2675,#2676,#1197,.T.);
#3447=EDGE_CURVE('',#2676,#2674,#2176,.T.);
#3448=EDGE_CURVE('',#2677,#2675,#2177,.T.);
#3449=EDGE_CURVE('',#2677,#2678,#1198,.T.);
#3450=EDGE_CURVE('',#2678,#2676,#2178,.T.);
#3451=EDGE_CURVE('',#2679,#2677,#2179,.T.);
#3452=EDGE_CURVE('',#2679,#2680,#1199,.T.);
#3453=EDGE_CURVE('',#2680,#2678,#2180,.T.);
#3454=EDGE_CURVE('',#2681,#2679,#1200,.T.);
#3455=EDGE_CURVE('',#2681,#2682,#1201,.T.);
#3456=EDGE_CURVE('',#2682,#2680,#1202,.T.);
#3457=EDGE_CURVE('',#2683,#2681,#1203,.T.);
#3458=EDGE_CURVE('',#2683,#2684,#1204,.T.);
#3459=EDGE_CURVE('',#2684,#2682,#1205,.T.);
#3460=EDGE_CURVE('',#2685,#2683,#1206,.T.);
#3461=EDGE_CURVE('',#2685,#2686,#1207,.T.);
#3462=EDGE_CURVE('',#2686,#2684,#1208,.T.);
#3463=EDGE_CURVE('',#2687,#2685,#2181,.T.);
#3464=EDGE_CURVE('',#2687,#2688,#1209,.T.);
#3465=EDGE_CURVE('',#2688,#2686,#2182,.T.);
#3466=EDGE_CURVE('',#2689,#2687,#2183,.T.);
#3467=EDGE_CURVE('',#2689,#2690,#1210,.T.);
#3468=EDGE_CURVE('',#2690,#2688,#2184,.T.);
#3469=EDGE_CURVE('',#2691,#2689,#2185,.T.);
#3470=EDGE_CURVE('',#2691,#2692,#1211,.T.);
#3471=EDGE_CURVE('',#2692,#2690,#2186,.T.);
#3472=EDGE_CURVE('',#2693,#2691,#2187,.T.);
#3473=EDGE_CURVE('',#2693,#2694,#1212,.T.);
#3474=EDGE_CURVE('',#2694,#2692,#2188,.T.);
#3475=EDGE_CURVE('',#2695,#2693,#2189,.T.);
#3476=EDGE_CURVE('',#2695,#2696,#1213,.T.);
#3477=EDGE_CURVE('',#2696,#2694,#2190,.T.);
#3478=EDGE_CURVE('',#2697,#2695,#2191,.T.);
#3479=EDGE_CURVE('',#2697,#2698,#1214,.T.);
#3480=EDGE_CURVE('',#2698,#2696,#2192,.T.);
#3481=EDGE_CURVE('',#2699,#2697,#1215,.T.);
#3482=EDGE_CURVE('',#2699,#2700,#1216,.T.);
#3483=EDGE_CURVE('',#2700,#2698,#1217,.T.);
#3484=EDGE_CURVE('',#2701,#2699,#2193,.T.);
#3485=EDGE_CURVE('',#2701,#2702,#1218,.T.);
#3486=EDGE_CURVE('',#2702,#2700,#2194,.T.);
#3487=EDGE_CURVE('',#2703,#2701,#2195,.T.);
#3488=EDGE_CURVE('',#2703,#2704,#1219,.T.);
#3489=EDGE_CURVE('',#2704,#2702,#2196,.T.);
#3490=EDGE_CURVE('',#2705,#2703,#2197,.T.);
#3491=EDGE_CURVE('',#2705,#2706,#1220,.T.);
#3492=EDGE_CURVE('',#2706,#2704,#2198,.T.);
#3493=EDGE_CURVE('',#2707,#2705,#2199,.T.);
#3494=EDGE_CURVE('',#2707,#2708,#1221,.T.);
#3495=EDGE_CURVE('',#2708,#2706,#2200,.T.);
#3496=EDGE_CURVE('',#2709,#2707,#2201,.T.);
#3497=EDGE_CURVE('',#2709,#2710,#1222,.T.);
#3498=EDGE_CURVE('',#2710,#2708,#2202,.T.);
#3499=EDGE_CURVE('',#2711,#2709,#1223,.T.);
#3500=EDGE_CURVE('',#2711,#2712,#1224,.T.);
#3501=EDGE_CURVE('',#2712,#2710,#1225,.T.);
#3502=EDGE_CURVE('',#2668,#2711,#2203,.T.);
#3503=EDGE_CURVE('',#2670,#2712,#2204,.T.);
#3504=EDGE_CURVE('',#2713,#2714,#2205,.T.);
#3505=EDGE_CURVE('',#2713,#2715,#1226,.T.);
#3506=EDGE_CURVE('',#2715,#2716,#2206,.T.);
#3507=EDGE_CURVE('',#2714,#2716,#1227,.T.);
#3508=EDGE_CURVE('',#2717,#2713,#2207,.T.);
#3509=EDGE_CURVE('',#2717,#2718,#1228,.T.);
#3510=EDGE_CURVE('',#2718,#2715,#2208,.T.);
#3511=EDGE_CURVE('',#2719,#2717,#2209,.T.);
#3512=EDGE_CURVE('',#2719,#2720,#1229,.T.);
#3513=EDGE_CURVE('',#2720,#2718,#2210,.T.);
#3514=EDGE_CURVE('',#2721,#2719,#2211,.T.);
#3515=EDGE_CURVE('',#2721,#2722,#1230,.T.);
#3516=EDGE_CURVE('',#2722,#2720,#2212,.T.);
#3517=EDGE_CURVE('',#2723,#2721,#2213,.T.);
#3518=EDGE_CURVE('',#2723,#2724,#1231,.T.);
#3519=EDGE_CURVE('',#2724,#2722,#2214,.T.);
#3520=EDGE_CURVE('',#2725,#2723,#2215,.T.);
#3521=EDGE_CURVE('',#2725,#2726,#1232,.T.);
#3522=EDGE_CURVE('',#2726,#2724,#2216,.T.);
#3523=EDGE_CURVE('',#2727,#2725,#2217,.T.);
#3524=EDGE_CURVE('',#2727,#2728,#1233,.T.);
#3525=EDGE_CURVE('',#2728,#2726,#2218,.T.);
#3526=EDGE_CURVE('',#2714,#2727,#2219,.T.);
#3527=EDGE_CURVE('',#2716,#2728,#2220,.T.);
#3528=EDGE_CURVE('',#2729,#2730,#2221,.T.);
#3529=EDGE_CURVE('',#2729,#2731,#1234,.T.);
#3530=EDGE_CURVE('',#2731,#2732,#2222,.T.);
#3531=EDGE_CURVE('',#2730,#2732,#1235,.T.);
#3532=EDGE_CURVE('',#2733,#2729,#2223,.T.);
#3533=EDGE_CURVE('',#2733,#2734,#1236,.T.);
#3534=EDGE_CURVE('',#2734,#2731,#2224,.T.);
#3535=EDGE_CURVE('',#2735,#2733,#2225,.T.);
#3536=EDGE_CURVE('',#2735,#2736,#1237,.T.);
#3537=EDGE_CURVE('',#2736,#2734,#2226,.T.);
#3538=EDGE_CURVE('',#2737,#2735,#2227,.T.);
#3539=EDGE_CURVE('',#2737,#2738,#1238,.T.);
#3540=EDGE_CURVE('',#2738,#2736,#2228,.T.);
#3541=EDGE_CURVE('',#2739,#2737,#2229,.T.);
#3542=EDGE_CURVE('',#2739,#2740,#1239,.T.);
#3543=EDGE_CURVE('',#2740,#2738,#2230,.T.);
#3544=EDGE_CURVE('',#2741,#2739,#2231,.T.);
#3545=EDGE_CURVE('',#2741,#2742,#1240,.T.);
#3546=EDGE_CURVE('',#2742,#2740,#2232,.T.);
#3547=EDGE_CURVE('',#2743,#2741,#2233,.T.);
#3548=EDGE_CURVE('',#2743,#2744,#1241,.T.);
#3549=EDGE_CURVE('',#2744,#2742,#2234,.T.);
#3550=EDGE_CURVE('',#2745,#2743,#2235,.T.);
#3551=EDGE_CURVE('',#2745,#2746,#1242,.T.);
#3552=EDGE_CURVE('',#2746,#2744,#2236,.T.);
#3553=EDGE_CURVE('',#2747,#2745,#2237,.T.);
#3554=EDGE_CURVE('',#2747,#2748,#1243,.T.);
#3555=EDGE_CURVE('',#2748,#2746,#2238,.T.);
#3556=EDGE_CURVE('',#2730,#2747,#2239,.T.);
#3557=EDGE_CURVE('',#2732,#2748,#2240,.T.);
#3558=EDGE_CURVE('',#2749,#2750,#2241,.T.);
#3559=EDGE_CURVE('',#2749,#2751,#1244,.T.);
#3560=EDGE_CURVE('',#2751,#2752,#2242,.T.);
#3561=EDGE_CURVE('',#2750,#2752,#1245,.T.);
#3562=EDGE_CURVE('',#2753,#2749,#2243,.T.);
#3563=EDGE_CURVE('',#2753,#2754,#1246,.T.);
#3564=EDGE_CURVE('',#2754,#2751,#2244,.T.);
#3565=EDGE_CURVE('',#2755,#2753,#2245,.T.);
#3566=EDGE_CURVE('',#2755,#2756,#1247,.T.);
#3567=EDGE_CURVE('',#2756,#2754,#2246,.T.);
#3568=EDGE_CURVE('',#2757,#2755,#2247,.T.);
#3569=EDGE_CURVE('',#2757,#2758,#1248,.T.);
#3570=EDGE_CURVE('',#2758,#2756,#2248,.T.);
#3571=EDGE_CURVE('',#2759,#2757,#2249,.T.);
#3572=EDGE_CURVE('',#2759,#2760,#1249,.T.);
#3573=EDGE_CURVE('',#2760,#2758,#2250,.T.);
#3574=EDGE_CURVE('',#2761,#2759,#2251,.T.);
#3575=EDGE_CURVE('',#2761,#2762,#1250,.T.);
#3576=EDGE_CURVE('',#2762,#2760,#2252,.T.);
#3577=EDGE_CURVE('',#2763,#2761,#2253,.T.);
#3578=EDGE_CURVE('',#2763,#2764,#1251,.T.);
#3579=EDGE_CURVE('',#2764,#2762,#2254,.T.);
#3580=EDGE_CURVE('',#2765,#2763,#2255,.T.);
#3581=EDGE_CURVE('',#2765,#2766,#1252,.T.);
#3582=EDGE_CURVE('',#2766,#2764,#2256,.T.);
#3583=EDGE_CURVE('',#2767,#2765,#2257,.T.);
#3584=EDGE_CURVE('',#2767,#2768,#1253,.T.);
#3585=EDGE_CURVE('',#2768,#2766,#2258,.T.);
#3586=EDGE_CURVE('',#2769,#2767,#2259,.T.);
#3587=EDGE_CURVE('',#2769,#2770,#1254,.T.);
#3588=EDGE_CURVE('',#2770,#2768,#2260,.T.);
#3589=EDGE_CURVE('',#2771,#2769,#2261,.T.);
#3590=EDGE_CURVE('',#2771,#2772,#1255,.T.);
#3591=EDGE_CURVE('',#2772,#2770,#2262,.T.);
#3592=EDGE_CURVE('',#2773,#2771,#1256,.T.);
#3593=EDGE_CURVE('',#2773,#2774,#1257,.T.);
#3594=EDGE_CURVE('',#2774,#2772,#1258,.T.);
#3595=EDGE_CURVE('',#2775,#2773,#2263,.T.);
#3596=EDGE_CURVE('',#2775,#2776,#1259,.T.);
#3597=EDGE_CURVE('',#2776,#2774,#2264,.T.);
#3598=EDGE_CURVE('',#2777,#2775,#2265,.T.);
#3599=EDGE_CURVE('',#2777,#2778,#1260,.T.);
#3600=EDGE_CURVE('',#2778,#2776,#2266,.T.);
#3601=EDGE_CURVE('',#2779,#2777,#2267,.T.);
#3602=EDGE_CURVE('',#2779,#2780,#1261,.T.);
#3603=EDGE_CURVE('',#2780,#2778,#2268,.T.);
#3604=EDGE_CURVE('',#2781,#2779,#2269,.T.);
#3605=EDGE_CURVE('',#2781,#2782,#1262,.T.);
#3606=EDGE_CURVE('',#2782,#2780,#2270,.T.);
#3607=EDGE_CURVE('',#2783,#2781,#2271,.T.);
#3608=EDGE_CURVE('',#2783,#2784,#1263,.T.);
#3609=EDGE_CURVE('',#2784,#2782,#2272,.T.);
#3610=EDGE_CURVE('',#2785,#2783,#2273,.T.);
#3611=EDGE_CURVE('',#2785,#2786,#1264,.T.);
#3612=EDGE_CURVE('',#2786,#2784,#2274,.T.);
#3613=EDGE_CURVE('',#2787,#2785,#2275,.T.);
#3614=EDGE_CURVE('',#2787,#2788,#1265,.T.);
#3615=EDGE_CURVE('',#2788,#2786,#2276,.T.);
#3616=EDGE_CURVE('',#2789,#2787,#2277,.T.);
#3617=EDGE_CURVE('',#2789,#2790,#1266,.T.);
#3618=EDGE_CURVE('',#2790,#2788,#2278,.T.);
#3619=EDGE_CURVE('',#2791,#2789,#2279,.T.);
#3620=EDGE_CURVE('',#2791,#2792,#1267,.T.);
#3621=EDGE_CURVE('',#2792,#2790,#2280,.T.);
#3622=EDGE_CURVE('',#2793,#2791,#2281,.T.);
#3623=EDGE_CURVE('',#2793,#2794,#1268,.T.);
#3624=EDGE_CURVE('',#2794,#2792,#2282,.T.);
#3625=EDGE_CURVE('',#2795,#2793,#2283,.T.);
#3626=EDGE_CURVE('',#2795,#2796,#1269,.T.);
#3627=EDGE_CURVE('',#2796,#2794,#2284,.T.);
#3628=EDGE_CURVE('',#2797,#2795,#2285,.T.);
#3629=EDGE_CURVE('',#2797,#2798,#1270,.T.);
#3630=EDGE_CURVE('',#2798,#2796,#2286,.T.);
#3631=EDGE_CURVE('',#2799,#2797,#1271,.T.);
#3632=EDGE_CURVE('',#2799,#2800,#1272,.T.);
#3633=EDGE_CURVE('',#2800,#2798,#1273,.T.);
#3634=EDGE_CURVE('',#2750,#2799,#2287,.T.);
#3635=EDGE_CURVE('',#2752,#2800,#2288,.T.);
#3636=EDGE_CURVE('',#2801,#2802,#2289,.T.);
#3637=EDGE_CURVE('',#2801,#2803,#1274,.T.);
#3638=EDGE_CURVE('',#2803,#2804,#2290,.T.);
#3639=EDGE_CURVE('',#2802,#2804,#1275,.T.);
#3640=EDGE_CURVE('',#2805,#2801,#2291,.T.);
#3641=EDGE_CURVE('',#2805,#2806,#1276,.T.);
#3642=EDGE_CURVE('',#2806,#2803,#2292,.T.);
#3643=EDGE_CURVE('',#2807,#2805,#2293,.T.);
#3644=EDGE_CURVE('',#2807,#2808,#1277,.T.);
#3645=EDGE_CURVE('',#2808,#2806,#2294,.T.);
#3646=EDGE_CURVE('',#2809,#2807,#2295,.T.);
#3647=EDGE_CURVE('',#2809,#2810,#1278,.T.);
#3648=EDGE_CURVE('',#2810,#2808,#2296,.T.);
#3649=EDGE_CURVE('',#2811,#2809,#2297,.T.);
#3650=EDGE_CURVE('',#2811,#2812,#1279,.T.);
#3651=EDGE_CURVE('',#2812,#2810,#2298,.T.);
#3652=EDGE_CURVE('',#2813,#2811,#2299,.T.);
#3653=EDGE_CURVE('',#2813,#2814,#1280,.T.);
#3654=EDGE_CURVE('',#2814,#2812,#2300,.T.);
#3655=EDGE_CURVE('',#2815,#2813,#2301,.T.);
#3656=EDGE_CURVE('',#2815,#2816,#1281,.T.);
#3657=EDGE_CURVE('',#2816,#2814,#2302,.T.);
#3658=EDGE_CURVE('',#2817,#2815,#2303,.T.);
#3659=EDGE_CURVE('',#2817,#2818,#1282,.T.);
#3660=EDGE_CURVE('',#2818,#2816,#2304,.T.);
#3661=EDGE_CURVE('',#2802,#2817,#1283,.T.);
#3662=EDGE_CURVE('',#2804,#2818,#1284,.T.);
#3663=EDGE_CURVE('',#2819,#2820,#2305,.T.);
#3664=EDGE_CURVE('',#2819,#2821,#1285,.T.);
#3665=EDGE_CURVE('',#2821,#2822,#2306,.T.);
#3666=EDGE_CURVE('',#2820,#2822,#1286,.T.);
#3667=EDGE_CURVE('',#2823,#2819,#2307,.T.);
#3668=EDGE_CURVE('',#2823,#2824,#1287,.T.);
#3669=EDGE_CURVE('',#2824,#2821,#2308,.T.);
#3670=EDGE_CURVE('',#2825,#2823,#2309,.T.);
#3671=EDGE_CURVE('',#2825,#2826,#1288,.T.);
#3672=EDGE_CURVE('',#2826,#2824,#2310,.T.);
#3673=EDGE_CURVE('',#2827,#2825,#1289,.T.);
#3674=EDGE_CURVE('',#2827,#2828,#1290,.T.);
#3675=EDGE_CURVE('',#2828,#2826,#1291,.T.);
#3676=EDGE_CURVE('',#2829,#2827,#2311,.T.);
#3677=EDGE_CURVE('',#2829,#2830,#1292,.T.);
#3678=EDGE_CURVE('',#2830,#2828,#2312,.T.);
#3679=EDGE_CURVE('',#2831,#2829,#2313,.T.);
#3680=EDGE_CURVE('',#2831,#2832,#1293,.T.);
#3681=EDGE_CURVE('',#2832,#2830,#2314,.T.);
#3682=EDGE_CURVE('',#2833,#2831,#2315,.T.);
#3683=EDGE_CURVE('',#2833,#2834,#1294,.T.);
#3684=EDGE_CURVE('',#2834,#2832,#2316,.T.);
#3685=EDGE_CURVE('',#2835,#2833,#2317,.T.);
#3686=EDGE_CURVE('',#2835,#2836,#1295,.T.);
#3687=EDGE_CURVE('',#2836,#2834,#2318,.T.);
#3688=EDGE_CURVE('',#2837,#2835,#2319,.T.);
#3689=EDGE_CURVE('',#2837,#2838,#1296,.T.);
#3690=EDGE_CURVE('',#2838,#2836,#2320,.T.);
#3691=EDGE_CURVE('',#2839,#2837,#2321,.T.);
#3692=EDGE_CURVE('',#2839,#2840,#1297,.T.);
#3693=EDGE_CURVE('',#2840,#2838,#2322,.T.);
#3694=EDGE_CURVE('',#2841,#2839,#2323,.T.);
#3695=EDGE_CURVE('',#2841,#2842,#1298,.T.);
#3696=EDGE_CURVE('',#2842,#2840,#2324,.T.);
#3697=EDGE_CURVE('',#2843,#2841,#2325,.T.);
#3698=EDGE_CURVE('',#2843,#2844,#1299,.T.);
#3699=EDGE_CURVE('',#2844,#2842,#2326,.T.);
#3700=EDGE_CURVE('',#2845,#2843,#2327,.T.);
#3701=EDGE_CURVE('',#2845,#2846,#1300,.T.);
#3702=EDGE_CURVE('',#2846,#2844,#2328,.T.);
#3703=EDGE_CURVE('',#2847,#2845,#2329,.T.);
#3704=EDGE_CURVE('',#2847,#2848,#1301,.T.);
#3705=EDGE_CURVE('',#2848,#2846,#2330,.T.);
#3706=EDGE_CURVE('',#2849,#2847,#1302,.T.);
#3707=EDGE_CURVE('',#2849,#2850,#1303,.T.);
#3708=EDGE_CURVE('',#2850,#2848,#1304,.T.);
#3709=EDGE_CURVE('',#2851,#2849,#2331,.T.);
#3710=EDGE_CURVE('',#2851,#2852,#1305,.T.);
#3711=EDGE_CURVE('',#2852,#2850,#2332,.T.);
#3712=EDGE_CURVE('',#2853,#2851,#2333,.T.);
#3713=EDGE_CURVE('',#2853,#2854,#1306,.T.);
#3714=EDGE_CURVE('',#2854,#2852,#2334,.T.);
#3715=EDGE_CURVE('',#2855,#2853,#1307,.T.);
#3716=EDGE_CURVE('',#2855,#2856,#1308,.T.);
#3717=EDGE_CURVE('',#2856,#2854,#1309,.T.);
#3718=EDGE_CURVE('',#2857,#2855,#2335,.T.);
#3719=EDGE_CURVE('',#2857,#2858,#1310,.T.);
#3720=EDGE_CURVE('',#2858,#2856,#2336,.T.);
#3721=EDGE_CURVE('',#2859,#2857,#2337,.T.);
#3722=EDGE_CURVE('',#2859,#2860,#1311,.T.);
#3723=EDGE_CURVE('',#2860,#2858,#2338,.T.);
#3724=EDGE_CURVE('',#2861,#2859,#2339,.T.);
#3725=EDGE_CURVE('',#2861,#2862,#1312,.T.);
#3726=EDGE_CURVE('',#2862,#2860,#2340,.T.);
#3727=EDGE_CURVE('',#2863,#2861,#2341,.T.);
#3728=EDGE_CURVE('',#2863,#2864,#1313,.T.);
#3729=EDGE_CURVE('',#2864,#2862,#2342,.T.);
#3730=EDGE_CURVE('',#2865,#2863,#2343,.T.);
#3731=EDGE_CURVE('',#2865,#2866,#1314,.T.);
#3732=EDGE_CURVE('',#2866,#2864,#2344,.T.);
#3733=EDGE_CURVE('',#2867,#2865,#1315,.T.);
#3734=EDGE_CURVE('',#2867,#2868,#1316,.T.);
#3735=EDGE_CURVE('',#2868,#2866,#1317,.T.);
#3736=EDGE_CURVE('',#2820,#2867,#2345,.T.);
#3737=EDGE_CURVE('',#2822,#2868,#2346,.T.);
#3738=EDGE_CURVE('',#2869,#2870,#1318,.T.);
#3739=EDGE_CURVE('',#2869,#2871,#1319,.T.);
#3740=EDGE_CURVE('',#2871,#2872,#1320,.T.);
#3741=EDGE_CURVE('',#2870,#2872,#1321,.T.);
#3742=EDGE_CURVE('',#2873,#2869,#1322,.T.);
#3743=EDGE_CURVE('',#2873,#2874,#1323,.T.);
#3744=EDGE_CURVE('',#2874,#2871,#1324,.T.);
#3745=EDGE_CURVE('',#2875,#2873,#1325,.T.);
#3746=EDGE_CURVE('',#2875,#2876,#1326,.T.);
#3747=EDGE_CURVE('',#2876,#2874,#1327,.T.);
#3748=EDGE_CURVE('',#2877,#2875,#1328,.T.);
#3749=EDGE_CURVE('',#2877,#2878,#1329,.T.);
#3750=EDGE_CURVE('',#2878,#2876,#1330,.T.);
#3751=EDGE_CURVE('',#2879,#2877,#1331,.T.);
#3752=EDGE_CURVE('',#2879,#2880,#1332,.T.);
#3753=EDGE_CURVE('',#2880,#2878,#1333,.T.);
#3754=EDGE_CURVE('',#2881,#2879,#1334,.T.);
#3755=EDGE_CURVE('',#2881,#2882,#1335,.T.);
#3756=EDGE_CURVE('',#2882,#2880,#1336,.T.);
#3757=EDGE_CURVE('',#2883,#2881,#1337,.T.);
#3758=EDGE_CURVE('',#2883,#2884,#1338,.T.);
#3759=EDGE_CURVE('',#2884,#2882,#1339,.T.);
#3760=EDGE_CURVE('',#2885,#2883,#1340,.T.);
#3761=EDGE_CURVE('',#2885,#2886,#1341,.T.);
#3762=EDGE_CURVE('',#2886,#2884,#1342,.T.);
#3763=EDGE_CURVE('',#2887,#2885,#1343,.T.);
#3764=EDGE_CURVE('',#2887,#2888,#1344,.T.);
#3765=EDGE_CURVE('',#2888,#2886,#1345,.T.);
#3766=EDGE_CURVE('',#2870,#2887,#1346,.T.);
#3767=EDGE_CURVE('',#2872,#2888,#1347,.T.);
#3768=EDGE_CURVE('',#2889,#2890,#2347,.T.);
#3769=EDGE_CURVE('',#2889,#2891,#1348,.T.);
#3770=EDGE_CURVE('',#2891,#2892,#2348,.T.);
#3771=EDGE_CURVE('',#2890,#2892,#1349,.T.);
#3772=EDGE_CURVE('',#2893,#2889,#2349,.T.);
#3773=EDGE_CURVE('',#2893,#2894,#1350,.T.);
#3774=EDGE_CURVE('',#2894,#2891,#2350,.T.);
#3775=EDGE_CURVE('',#2895,#2893,#2351,.T.);
#3776=EDGE_CURVE('',#2895,#2896,#1351,.T.);
#3777=EDGE_CURVE('',#2896,#2894,#2352,.T.);
#3778=EDGE_CURVE('',#2897,#2895,#2353,.T.);
#3779=EDGE_CURVE('',#2897,#2898,#1352,.T.);
#3780=EDGE_CURVE('',#2898,#2896,#2354,.T.);
#3781=EDGE_CURVE('',#2899,#2897,#2355,.T.);
#3782=EDGE_CURVE('',#2899,#2900,#1353,.T.);
#3783=EDGE_CURVE('',#2900,#2898,#2356,.T.);
#3784=EDGE_CURVE('',#2901,#2899,#2357,.T.);
#3785=EDGE_CURVE('',#2901,#2902,#1354,.T.);
#3786=EDGE_CURVE('',#2902,#2900,#2358,.T.);
#3787=EDGE_CURVE('',#2903,#2901,#2359,.T.);
#3788=EDGE_CURVE('',#2903,#2904,#1355,.T.);
#3789=EDGE_CURVE('',#2904,#2902,#2360,.T.);
#3790=EDGE_CURVE('',#2890,#2903,#2361,.T.);
#3791=EDGE_CURVE('',#2892,#2904,#2362,.T.);
#3792=EDGE_CURVE('',#2905,#2906,#2363,.T.);
#3793=EDGE_CURVE('',#2905,#2907,#1356,.T.);
#3794=EDGE_CURVE('',#2907,#2908,#2364,.T.);
#3795=EDGE_CURVE('',#2906,#2908,#1357,.T.);
#3796=EDGE_CURVE('',#2909,#2905,#2365,.T.);
#3797=EDGE_CURVE('',#2909,#2910,#1358,.T.);
#3798=EDGE_CURVE('',#2910,#2907,#2366,.T.);
#3799=EDGE_CURVE('',#2911,#2909,#2367,.T.);
#3800=EDGE_CURVE('',#2911,#2912,#1359,.T.);
#3801=EDGE_CURVE('',#2912,#2910,#2368,.T.);
#3802=EDGE_CURVE('',#2913,#2911,#2369,.T.);
#3803=EDGE_CURVE('',#2913,#2914,#1360,.T.);
#3804=EDGE_CURVE('',#2914,#2912,#2370,.T.);
#3805=EDGE_CURVE('',#2915,#2913,#2371,.T.);
#3806=EDGE_CURVE('',#2915,#2916,#1361,.T.);
#3807=EDGE_CURVE('',#2916,#2914,#2372,.T.);
#3808=EDGE_CURVE('',#2917,#2915,#2373,.T.);
#3809=EDGE_CURVE('',#2917,#2918,#1362,.T.);
#3810=EDGE_CURVE('',#2918,#2916,#2374,.T.);
#3811=EDGE_CURVE('',#2919,#2917,#2375,.T.);
#3812=EDGE_CURVE('',#2919,#2920,#1363,.T.);
#3813=EDGE_CURVE('',#2920,#2918,#2376,.T.);
#3814=EDGE_CURVE('',#2921,#2919,#2377,.T.);
#3815=EDGE_CURVE('',#2921,#2922,#1364,.T.);
#3816=EDGE_CURVE('',#2922,#2920,#2378,.T.);
#3817=EDGE_CURVE('',#2923,#2921,#2379,.T.);
#3818=EDGE_CURVE('',#2923,#2924,#1365,.T.);
#3819=EDGE_CURVE('',#2924,#2922,#2380,.T.);
#3820=EDGE_CURVE('',#2906,#2923,#2381,.T.);
#3821=EDGE_CURVE('',#2908,#2924,#2382,.T.);
#3822=EDGE_CURVE('',#2925,#2926,#1366,.T.);
#3823=EDGE_CURVE('',#2925,#2927,#1367,.T.);
#3824=EDGE_CURVE('',#2927,#2928,#1368,.T.);
#3825=EDGE_CURVE('',#2926,#2928,#1369,.T.);
#3826=EDGE_CURVE('',#2929,#2925,#1370,.T.);
#3827=EDGE_CURVE('',#2929,#2930,#1371,.T.);
#3828=EDGE_CURVE('',#2930,#2927,#1372,.T.);
#3829=EDGE_CURVE('',#2931,#2929,#1373,.T.);
#3830=EDGE_CURVE('',#2931,#2932,#1374,.T.);
#3831=EDGE_CURVE('',#2932,#2930,#1375,.T.);
#3832=EDGE_CURVE('',#2933,#2931,#1376,.T.);
#3833=EDGE_CURVE('',#2933,#2934,#1377,.T.);
#3834=EDGE_CURVE('',#2934,#2932,#1378,.T.);
#3835=EDGE_CURVE('',#2935,#2933,#1379,.T.);
#3836=EDGE_CURVE('',#2935,#2936,#1380,.T.);
#3837=EDGE_CURVE('',#2936,#2934,#1381,.T.);
#3838=EDGE_CURVE('',#2937,#2935,#1382,.T.);
#3839=EDGE_CURVE('',#2937,#2938,#1383,.T.);
#3840=EDGE_CURVE('',#2938,#2936,#1384,.T.);
#3841=EDGE_CURVE('',#2939,#2937,#1385,.T.);
#3842=EDGE_CURVE('',#2939,#2940,#1386,.T.);
#3843=EDGE_CURVE('',#2940,#2938,#1387,.T.);
#3844=EDGE_CURVE('',#2941,#2939,#1388,.T.);
#3845=EDGE_CURVE('',#2941,#2942,#1389,.T.);
#3846=EDGE_CURVE('',#2942,#2940,#1390,.T.);
#3847=EDGE_CURVE('',#2943,#2941,#1391,.T.);
#3848=EDGE_CURVE('',#2943,#2944,#1392,.T.);
#3849=EDGE_CURVE('',#2944,#2942,#1393,.T.);
#3850=EDGE_CURVE('',#2926,#2943,#1394,.T.);
#3851=EDGE_CURVE('',#2928,#2944,#1395,.T.);
#3852=EDGE_CURVE('',#2945,#2946,#15,.T.);
#3853=EDGE_CURVE('',#2946,#2947,#1396,.T.);
#3854=EDGE_CURVE('',#2947,#2948,#16,.T.);
#3855=EDGE_CURVE('',#2948,#2945,#1397,.T.);
#3856=EDGE_CURVE('',#2945,#2949,#1398,.T.);
#3857=EDGE_CURVE('',#2950,#2949,#17,.T.);
#3858=EDGE_CURVE('',#2950,#2951,#1399,.T.);
#3859=EDGE_CURVE('',#2952,#2951,#18,.T.);
#3860=EDGE_CURVE('',#2952,#2953,#1400,.T.);
#3861=EDGE_CURVE('',#2954,#2953,#19,.T.);
#3862=EDGE_CURVE('',#2954,#2946,#1401,.T.);
#3863=EDGE_CURVE('',#2955,#2955,#20,.T.);
#3864=EDGE_CURVE('',#2956,#2956,#21,.T.);
#3865=EDGE_CURVE('',#2957,#2957,#22,.T.);
#3866=EDGE_CURVE('',#2958,#2958,#23,.T.);
#3867=EDGE_CURVE('',#2959,#2960,#1402,.T.);
#3868=EDGE_CURVE('',#2960,#2961,#1403,.T.);
#3869=EDGE_CURVE('',#2961,#2962,#1404,.T.);
#3870=EDGE_CURVE('',#2962,#2959,#1405,.T.);
#3871=EDGE_CURVE('',#2963,#2964,#1406,.T.);
#3872=EDGE_CURVE('',#2964,#2965,#1407,.T.);
#3873=EDGE_CURVE('',#2965,#2966,#1408,.T.);
#3874=EDGE_CURVE('',#2966,#2963,#1409,.T.);
#3875=EDGE_CURVE('',#2967,#2948,#1410,.T.);
#3876=EDGE_CURVE('',#2949,#2967,#1411,.T.);
#3877=EDGE_CURVE('',#2967,#2968,#24,.T.);
#3878=EDGE_CURVE('',#2968,#2950,#1412,.T.);
#3879=EDGE_CURVE('',#2969,#2970,#25,.T.);
#3880=EDGE_CURVE('',#2970,#2954,#1413,.T.);
#3881=EDGE_CURVE('',#2953,#2969,#1414,.T.);
#3882=EDGE_CURVE('',#2971,#2952,#1415,.T.);
#3883=EDGE_CURVE('',#2969,#2971,#1416,.T.);
#3884=EDGE_CURVE('',#2951,#2972,#1417,.T.);
#3885=EDGE_CURVE('',#2972,#2971,#26,.T.);
#3886=EDGE_CURVE('',#2972,#2968,#1418,.T.);
#3887=EDGE_CURVE('',#2973,#2974,#1419,.T.);
#3888=EDGE_CURVE('',#2973,#2975,#1420,.T.);
#3889=EDGE_CURVE('',#2976,#2975,#1421,.T.);
#3890=EDGE_CURVE('',#2974,#2976,#1422,.T.);
#3891=EDGE_CURVE('',#2974,#2977,#1423,.T.);
#3892=EDGE_CURVE('',#2978,#2976,#1424,.T.);
#3893=EDGE_CURVE('',#2977,#2978,#1425,.T.);
#3894=EDGE_CURVE('',#2977,#2979,#1426,.T.);
#3895=EDGE_CURVE('',#2980,#2978,#1427,.T.);
#3896=EDGE_CURVE('',#2979,#2980,#1428,.T.);
#3897=EDGE_CURVE('',#2979,#2973,#1429,.T.);
#3898=EDGE_CURVE('',#2975,#2980,#1430,.T.);
#3899=EDGE_CURVE('',#2981,#2982,#1431,.T.);
#3900=EDGE_CURVE('',#2982,#2983,#1432,.T.);
#3901=EDGE_CURVE('',#2983,#2984,#1433,.T.);
#3902=EDGE_CURVE('',#2984,#2981,#1434,.T.);
#3903=EDGE_CURVE('',#2985,#2986,#1435,.T.);
#3904=EDGE_CURVE('',#2986,#2987,#27,.T.);
#3905=EDGE_CURVE('',#2987,#2988,#1436,.T.);
#3906=EDGE_CURVE('',#2988,#2989,#28,.T.);
#3907=EDGE_CURVE('',#2989,#2990,#1437,.T.);
#3908=EDGE_CURVE('',#2990,#2991,#29,.T.);
#3909=EDGE_CURVE('',#2991,#2992,#1438,.T.);
#3910=EDGE_CURVE('',#2992,#2985,#30,.T.);
#3911=EDGE_CURVE('',#2993,#2994,#1439,.T.);
#3912=EDGE_CURVE('',#2995,#2993,#1440,.T.);
#3913=EDGE_CURVE('',#2996,#2995,#1441,.T.);
#3914=EDGE_CURVE('',#2994,#2996,#1442,.T.);
#3915=EDGE_CURVE('',#2963,#2982,#1443,.T.);
#3916=EDGE_CURVE('',#2983,#2966,#1444,.T.);
#3917=EDGE_CURVE('',#2984,#2965,#1445,.T.);
#3918=EDGE_CURVE('',#2981,#2964,#1446,.T.);
#3919=EDGE_CURVE('',#2993,#2959,#1447,.T.);
#3920=EDGE_CURVE('',#2995,#2962,#1448,.T.);
#3921=EDGE_CURVE('',#2996,#2961,#1449,.T.);
#3922=EDGE_CURVE('',#2994,#2960,#1450,.T.);
#3923=EDGE_CURVE('',#2985,#2997,#1451,.T.);
#3924=EDGE_CURVE('',#2998,#2997,#1452,.T.);
#3925=EDGE_CURVE('',#2986,#2998,#1453,.T.);
#3926=EDGE_CURVE('',#2999,#2998,#31,.T.);
#3927=EDGE_CURVE('',#2987,#2999,#1454,.T.);
#3928=EDGE_CURVE('',#3000,#2999,#1455,.T.);
#3929=EDGE_CURVE('',#2988,#3000,#1456,.T.);
#3930=EDGE_CURVE('',#3001,#3000,#32,.T.);
#3931=EDGE_CURVE('',#2989,#3001,#1457,.T.);
#3932=EDGE_CURVE('',#3002,#3001,#1458,.T.);
#3933=EDGE_CURVE('',#2990,#3002,#1459,.T.);
#3934=EDGE_CURVE('',#3003,#3002,#33,.T.);
#3935=EDGE_CURVE('',#2991,#3003,#1460,.T.);
#3936=EDGE_CURVE('',#3004,#3003,#1461,.T.);
#3937=EDGE_CURVE('',#2992,#3004,#1462,.T.);
#3938=EDGE_CURVE('',#2997,#3004,#34,.T.);
#3939=EDGE_CURVE('',#3005,#3005,#35,.T.);
#3940=EDGE_CURVE('',#3005,#2957,#1463,.T.);
#3941=EDGE_CURVE('',#3006,#3006,#36,.T.);
#3942=EDGE_CURVE('',#3006,#2956,#1464,.T.);
#3943=EDGE_CURVE('',#3007,#3007,#37,.T.);
#3944=EDGE_CURVE('',#3007,#2958,#1465,.T.);
#3945=EDGE_CURVE('',#3008,#3008,#38,.T.);
#3946=EDGE_CURVE('',#3008,#2955,#1466,.T.);
#3947=EDGE_CURVE('',#2947,#2970,#1467,.T.);
#3948=ORIENTED_EDGE('',*,*,#3009,.F.);
#3949=ORIENTED_EDGE('',*,*,#3010,.T.);
#3950=ORIENTED_EDGE('',*,*,#3011,.T.);
#3951=ORIENTED_EDGE('',*,*,#3012,.F.);
#3952=ORIENTED_EDGE('',*,*,#3013,.F.);
#3953=ORIENTED_EDGE('',*,*,#3014,.T.);
#3954=ORIENTED_EDGE('',*,*,#3015,.T.);
#3955=ORIENTED_EDGE('',*,*,#3010,.F.);
#3956=ORIENTED_EDGE('',*,*,#3016,.F.);
#3957=ORIENTED_EDGE('',*,*,#3017,.T.);
#3958=ORIENTED_EDGE('',*,*,#3018,.T.);
#3959=ORIENTED_EDGE('',*,*,#3014,.F.);
#3960=ORIENTED_EDGE('',*,*,#3019,.F.);
#3961=ORIENTED_EDGE('',*,*,#3020,.T.);
#3962=ORIENTED_EDGE('',*,*,#3021,.T.);
#3963=ORIENTED_EDGE('',*,*,#3017,.F.);
#3964=ORIENTED_EDGE('',*,*,#3022,.F.);
#3965=ORIENTED_EDGE('',*,*,#3023,.T.);
#3966=ORIENTED_EDGE('',*,*,#3024,.T.);
#3967=ORIENTED_EDGE('',*,*,#3020,.F.);
#3968=ORIENTED_EDGE('',*,*,#3025,.F.);
#3969=ORIENTED_EDGE('',*,*,#3026,.T.);
#3970=ORIENTED_EDGE('',*,*,#3027,.T.);
#3971=ORIENTED_EDGE('',*,*,#3023,.F.);
#3972=ORIENTED_EDGE('',*,*,#3028,.F.);
#3973=ORIENTED_EDGE('',*,*,#3029,.T.);
#3974=ORIENTED_EDGE('',*,*,#3030,.T.);
#3975=ORIENTED_EDGE('',*,*,#3026,.F.);
#3976=ORIENTED_EDGE('',*,*,#3031,.F.);
#3977=ORIENTED_EDGE('',*,*,#3012,.T.);
#3978=ORIENTED_EDGE('',*,*,#3032,.T.);
#3979=ORIENTED_EDGE('',*,*,#3029,.F.);
#3980=ORIENTED_EDGE('',*,*,#3033,.F.);
#3981=ORIENTED_EDGE('',*,*,#3034,.T.);
#3982=ORIENTED_EDGE('',*,*,#3035,.T.);
#3983=ORIENTED_EDGE('',*,*,#3036,.F.);
#3984=ORIENTED_EDGE('',*,*,#3037,.F.);
#3985=ORIENTED_EDGE('',*,*,#3038,.T.);
#3986=ORIENTED_EDGE('',*,*,#3039,.T.);
#3987=ORIENTED_EDGE('',*,*,#3034,.F.);
#3988=ORIENTED_EDGE('',*,*,#3040,.F.);
#3989=ORIENTED_EDGE('',*,*,#3041,.T.);
#3990=ORIENTED_EDGE('',*,*,#3042,.T.);
#3991=ORIENTED_EDGE('',*,*,#3038,.F.);
#3992=ORIENTED_EDGE('',*,*,#3043,.F.);
#3993=ORIENTED_EDGE('',*,*,#3044,.T.);
#3994=ORIENTED_EDGE('',*,*,#3045,.T.);
#3995=ORIENTED_EDGE('',*,*,#3041,.F.);
#3996=ORIENTED_EDGE('',*,*,#3046,.F.);
#3997=ORIENTED_EDGE('',*,*,#3047,.T.);
#3998=ORIENTED_EDGE('',*,*,#3048,.T.);
#3999=ORIENTED_EDGE('',*,*,#3044,.F.);
#4000=ORIENTED_EDGE('',*,*,#3049,.F.);
#4001=ORIENTED_EDGE('',*,*,#3050,.T.);
#4002=ORIENTED_EDGE('',*,*,#3051,.T.);
#4003=ORIENTED_EDGE('',*,*,#3047,.F.);
#4004=ORIENTED_EDGE('',*,*,#3052,.F.);
#4005=ORIENTED_EDGE('',*,*,#3053,.T.);
#4006=ORIENTED_EDGE('',*,*,#3054,.T.);
#4007=ORIENTED_EDGE('',*,*,#3050,.F.);
#4008=ORIENTED_EDGE('',*,*,#3055,.F.);
#4009=ORIENTED_EDGE('',*,*,#3056,.T.);
#4010=ORIENTED_EDGE('',*,*,#3057,.T.);
#4011=ORIENTED_EDGE('',*,*,#3053,.F.);
#4012=ORIENTED_EDGE('',*,*,#3058,.F.);
#4013=ORIENTED_EDGE('',*,*,#3059,.T.);
#4014=ORIENTED_EDGE('',*,*,#3060,.T.);
#4015=ORIENTED_EDGE('',*,*,#3056,.F.);
#4016=ORIENTED_EDGE('',*,*,#3061,.F.);
#4017=ORIENTED_EDGE('',*,*,#3036,.T.);
#4018=ORIENTED_EDGE('',*,*,#3062,.T.);
#4019=ORIENTED_EDGE('',*,*,#3059,.F.);
#4020=ORIENTED_EDGE('',*,*,#3062,.F.);
#4021=ORIENTED_EDGE('',*,*,#3035,.F.);
#4022=ORIENTED_EDGE('',*,*,#3039,.F.);
#4023=ORIENTED_EDGE('',*,*,#3042,.F.);
#4024=ORIENTED_EDGE('',*,*,#3045,.F.);
#4025=ORIENTED_EDGE('',*,*,#3048,.F.);
#4026=ORIENTED_EDGE('',*,*,#3051,.F.);
#4027=ORIENTED_EDGE('',*,*,#3054,.F.);
#4028=ORIENTED_EDGE('',*,*,#3057,.F.);
#4029=ORIENTED_EDGE('',*,*,#3060,.F.);
#4030=ORIENTED_EDGE('',*,*,#3032,.F.);
#4031=ORIENTED_EDGE('',*,*,#3011,.F.);
#4032=ORIENTED_EDGE('',*,*,#3015,.F.);
#4033=ORIENTED_EDGE('',*,*,#3018,.F.);
#4034=ORIENTED_EDGE('',*,*,#3021,.F.);
#4035=ORIENTED_EDGE('',*,*,#3024,.F.);
#4036=ORIENTED_EDGE('',*,*,#3027,.F.);
#4037=ORIENTED_EDGE('',*,*,#3030,.F.);
#4038=ORIENTED_EDGE('',*,*,#3063,.F.);
#4039=ORIENTED_EDGE('',*,*,#3064,.T.);
#4040=ORIENTED_EDGE('',*,*,#3065,.T.);
#4041=ORIENTED_EDGE('',*,*,#3066,.F.);
#4042=ORIENTED_EDGE('',*,*,#3067,.F.);
#4043=ORIENTED_EDGE('',*,*,#3068,.T.);
#4044=ORIENTED_EDGE('',*,*,#3069,.T.);
#4045=ORIENTED_EDGE('',*,*,#3064,.F.);
#4046=ORIENTED_EDGE('',*,*,#3070,.F.);
#4047=ORIENTED_EDGE('',*,*,#3071,.T.);
#4048=ORIENTED_EDGE('',*,*,#3072,.T.);
#4049=ORIENTED_EDGE('',*,*,#3068,.F.);
#4050=ORIENTED_EDGE('',*,*,#3073,.F.);
#4051=ORIENTED_EDGE('',*,*,#3074,.T.);
#4052=ORIENTED_EDGE('',*,*,#3075,.T.);
#4053=ORIENTED_EDGE('',*,*,#3071,.F.);
#4054=ORIENTED_EDGE('',*,*,#3076,.F.);
#4055=ORIENTED_EDGE('',*,*,#3077,.T.);
#4056=ORIENTED_EDGE('',*,*,#3078,.T.);
#4057=ORIENTED_EDGE('',*,*,#3074,.F.);
#4058=ORIENTED_EDGE('',*,*,#3079,.F.);
#4059=ORIENTED_EDGE('',*,*,#3080,.T.);
#4060=ORIENTED_EDGE('',*,*,#3081,.T.);
#4061=ORIENTED_EDGE('',*,*,#3077,.F.);
#4062=ORIENTED_EDGE('',*,*,#3082,.F.);
#4063=ORIENTED_EDGE('',*,*,#3083,.T.);
#4064=ORIENTED_EDGE('',*,*,#3084,.T.);
#4065=ORIENTED_EDGE('',*,*,#3080,.F.);
#4066=ORIENTED_EDGE('',*,*,#3085,.F.);
#4067=ORIENTED_EDGE('',*,*,#3086,.T.);
#4068=ORIENTED_EDGE('',*,*,#3087,.T.);
#4069=ORIENTED_EDGE('',*,*,#3083,.F.);
#4070=ORIENTED_EDGE('',*,*,#3088,.F.);
#4071=ORIENTED_EDGE('',*,*,#3089,.T.);
#4072=ORIENTED_EDGE('',*,*,#3090,.T.);
#4073=ORIENTED_EDGE('',*,*,#3086,.F.);
#4074=ORIENTED_EDGE('',*,*,#3091,.F.);
#4075=ORIENTED_EDGE('',*,*,#3066,.T.);
#4076=ORIENTED_EDGE('',*,*,#3092,.T.);
#4077=ORIENTED_EDGE('',*,*,#3089,.F.);
#4078=ORIENTED_EDGE('',*,*,#3092,.F.);
#4079=ORIENTED_EDGE('',*,*,#3065,.F.);
#4080=ORIENTED_EDGE('',*,*,#3069,.F.);
#4081=ORIENTED_EDGE('',*,*,#3072,.F.);
#4082=ORIENTED_EDGE('',*,*,#3075,.F.);
#4083=ORIENTED_EDGE('',*,*,#3078,.F.);
#4084=ORIENTED_EDGE('',*,*,#3081,.F.);
#4085=ORIENTED_EDGE('',*,*,#3084,.F.);
#4086=ORIENTED_EDGE('',*,*,#3087,.F.);
#4087=ORIENTED_EDGE('',*,*,#3090,.F.);
#4088=ORIENTED_EDGE('',*,*,#3093,.F.);
#4089=ORIENTED_EDGE('',*,*,#3094,.T.);
#4090=ORIENTED_EDGE('',*,*,#3095,.T.);
#4091=ORIENTED_EDGE('',*,*,#3096,.F.);
#4092=ORIENTED_EDGE('',*,*,#3097,.F.);
#4093=ORIENTED_EDGE('',*,*,#3098,.T.);
#4094=ORIENTED_EDGE('',*,*,#3099,.T.);
#4095=ORIENTED_EDGE('',*,*,#3094,.F.);
#4096=ORIENTED_EDGE('',*,*,#3100,.F.);
#4097=ORIENTED_EDGE('',*,*,#3101,.T.);
#4098=ORIENTED_EDGE('',*,*,#3102,.T.);
#4099=ORIENTED_EDGE('',*,*,#3098,.F.);
#4100=ORIENTED_EDGE('',*,*,#3103,.F.);
#4101=ORIENTED_EDGE('',*,*,#3104,.T.);
#4102=ORIENTED_EDGE('',*,*,#3105,.T.);
#4103=ORIENTED_EDGE('',*,*,#3101,.F.);
#4104=ORIENTED_EDGE('',*,*,#3106,.F.);
#4105=ORIENTED_EDGE('',*,*,#3107,.T.);
#4106=ORIENTED_EDGE('',*,*,#3108,.T.);
#4107=ORIENTED_EDGE('',*,*,#3104,.F.);
#4108=ORIENTED_EDGE('',*,*,#3109,.F.);
#4109=ORIENTED_EDGE('',*,*,#3110,.T.);
#4110=ORIENTED_EDGE('',*,*,#3111,.T.);
#4111=ORIENTED_EDGE('',*,*,#3107,.F.);
#4112=ORIENTED_EDGE('',*,*,#3112,.F.);
#4113=ORIENTED_EDGE('',*,*,#3113,.T.);
#4114=ORIENTED_EDGE('',*,*,#3114,.T.);
#4115=ORIENTED_EDGE('',*,*,#3110,.F.);
#4116=ORIENTED_EDGE('',*,*,#3115,.F.);
#4117=ORIENTED_EDGE('',*,*,#3116,.T.);
#4118=ORIENTED_EDGE('',*,*,#3117,.T.);
#4119=ORIENTED_EDGE('',*,*,#3113,.F.);
#4120=ORIENTED_EDGE('',*,*,#3118,.F.);
#4121=ORIENTED_EDGE('',*,*,#3119,.T.);
#4122=ORIENTED_EDGE('',*,*,#3120,.T.);
#4123=ORIENTED_EDGE('',*,*,#3116,.F.);
#4124=ORIENTED_EDGE('',*,*,#3121,.F.);
#4125=ORIENTED_EDGE('',*,*,#3122,.T.);
#4126=ORIENTED_EDGE('',*,*,#3123,.T.);
#4127=ORIENTED_EDGE('',*,*,#3119,.F.);
#4128=ORIENTED_EDGE('',*,*,#3124,.F.);
#4129=ORIENTED_EDGE('',*,*,#3125,.T.);
#4130=ORIENTED_EDGE('',*,*,#3126,.T.);
#4131=ORIENTED_EDGE('',*,*,#3122,.F.);
#4132=ORIENTED_EDGE('',*,*,#3127,.F.);
#4133=ORIENTED_EDGE('',*,*,#3096,.T.);
#4134=ORIENTED_EDGE('',*,*,#3128,.T.);
#4135=ORIENTED_EDGE('',*,*,#3125,.F.);
#4136=ORIENTED_EDGE('',*,*,#3128,.F.);
#4137=ORIENTED_EDGE('',*,*,#3095,.F.);
#4138=ORIENTED_EDGE('',*,*,#3099,.F.);
#4139=ORIENTED_EDGE('',*,*,#3102,.F.);
#4140=ORIENTED_EDGE('',*,*,#3105,.F.);
#4141=ORIENTED_EDGE('',*,*,#3108,.F.);
#4142=ORIENTED_EDGE('',*,*,#3111,.F.);
#4143=ORIENTED_EDGE('',*,*,#3114,.F.);
#4144=ORIENTED_EDGE('',*,*,#3117,.F.);
#4145=ORIENTED_EDGE('',*,*,#3120,.F.);
#4146=ORIENTED_EDGE('',*,*,#3123,.F.);
#4147=ORIENTED_EDGE('',*,*,#3126,.F.);
#4148=ORIENTED_EDGE('',*,*,#3129,.F.);
#4149=ORIENTED_EDGE('',*,*,#3130,.T.);
#4150=ORIENTED_EDGE('',*,*,#3131,.T.);
#4151=ORIENTED_EDGE('',*,*,#3132,.F.);
#4152=ORIENTED_EDGE('',*,*,#3133,.F.);
#4153=ORIENTED_EDGE('',*,*,#3134,.T.);
#4154=ORIENTED_EDGE('',*,*,#3135,.T.);
#4155=ORIENTED_EDGE('',*,*,#3130,.F.);
#4156=ORIENTED_EDGE('',*,*,#3136,.F.);
#4157=ORIENTED_EDGE('',*,*,#3137,.T.);
#4158=ORIENTED_EDGE('',*,*,#3138,.T.);
#4159=ORIENTED_EDGE('',*,*,#3134,.F.);
#4160=ORIENTED_EDGE('',*,*,#3139,.F.);
#4161=ORIENTED_EDGE('',*,*,#3140,.T.);
#4162=ORIENTED_EDGE('',*,*,#3141,.T.);
#4163=ORIENTED_EDGE('',*,*,#3137,.F.);
#4164=ORIENTED_EDGE('',*,*,#3142,.F.);
#4165=ORIENTED_EDGE('',*,*,#3143,.T.);
#4166=ORIENTED_EDGE('',*,*,#3144,.T.);
#4167=ORIENTED_EDGE('',*,*,#3140,.F.);
#4168=ORIENTED_EDGE('',*,*,#3145,.F.);
#4169=ORIENTED_EDGE('',*,*,#3146,.T.);
#4170=ORIENTED_EDGE('',*,*,#3147,.T.);
#4171=ORIENTED_EDGE('',*,*,#3143,.F.);
#4172=ORIENTED_EDGE('',*,*,#3148,.F.);
#4173=ORIENTED_EDGE('',*,*,#3149,.T.);
#4174=ORIENTED_EDGE('',*,*,#3150,.T.);
#4175=ORIENTED_EDGE('',*,*,#3146,.F.);
#4176=ORIENTED_EDGE('',*,*,#3151,.F.);
#4177=ORIENTED_EDGE('',*,*,#3152,.T.);
#4178=ORIENTED_EDGE('',*,*,#3153,.T.);
#4179=ORIENTED_EDGE('',*,*,#3149,.F.);
#4180=ORIENTED_EDGE('',*,*,#3154,.F.);
#4181=ORIENTED_EDGE('',*,*,#3155,.T.);
#4182=ORIENTED_EDGE('',*,*,#3156,.T.);
#4183=ORIENTED_EDGE('',*,*,#3152,.F.);
#4184=ORIENTED_EDGE('',*,*,#3157,.F.);
#4185=ORIENTED_EDGE('',*,*,#3158,.T.);
#4186=ORIENTED_EDGE('',*,*,#3159,.T.);
#4187=ORIENTED_EDGE('',*,*,#3155,.F.);
#4188=ORIENTED_EDGE('',*,*,#3160,.F.);
#4189=ORIENTED_EDGE('',*,*,#3161,.T.);
#4190=ORIENTED_EDGE('',*,*,#3162,.T.);
#4191=ORIENTED_EDGE('',*,*,#3158,.F.);
#4192=ORIENTED_EDGE('',*,*,#3163,.F.);
#4193=ORIENTED_EDGE('',*,*,#3164,.T.);
#4194=ORIENTED_EDGE('',*,*,#3165,.T.);
#4195=ORIENTED_EDGE('',*,*,#3161,.F.);
#4196=ORIENTED_EDGE('',*,*,#3166,.F.);
#4197=ORIENTED_EDGE('',*,*,#3167,.T.);
#4198=ORIENTED_EDGE('',*,*,#3168,.T.);
#4199=ORIENTED_EDGE('',*,*,#3164,.F.);
#4200=ORIENTED_EDGE('',*,*,#3169,.F.);
#4201=ORIENTED_EDGE('',*,*,#3170,.T.);
#4202=ORIENTED_EDGE('',*,*,#3171,.T.);
#4203=ORIENTED_EDGE('',*,*,#3167,.F.);
#4204=ORIENTED_EDGE('',*,*,#3172,.F.);
#4205=ORIENTED_EDGE('',*,*,#3173,.T.);
#4206=ORIENTED_EDGE('',*,*,#3174,.T.);
#4207=ORIENTED_EDGE('',*,*,#3170,.F.);
#4208=ORIENTED_EDGE('',*,*,#3175,.F.);
#4209=ORIENTED_EDGE('',*,*,#3176,.T.);
#4210=ORIENTED_EDGE('',*,*,#3177,.T.);
#4211=ORIENTED_EDGE('',*,*,#3173,.F.);
#4212=ORIENTED_EDGE('',*,*,#3178,.F.);
#4213=ORIENTED_EDGE('',*,*,#3179,.T.);
#4214=ORIENTED_EDGE('',*,*,#3180,.T.);
#4215=ORIENTED_EDGE('',*,*,#3176,.F.);
#4216=ORIENTED_EDGE('',*,*,#3181,.F.);
#4217=ORIENTED_EDGE('',*,*,#3182,.T.);
#4218=ORIENTED_EDGE('',*,*,#3183,.T.);
#4219=ORIENTED_EDGE('',*,*,#3179,.F.);
#4220=ORIENTED_EDGE('',*,*,#3184,.F.);
#4221=ORIENTED_EDGE('',*,*,#3132,.T.);
#4222=ORIENTED_EDGE('',*,*,#3185,.T.);
#4223=ORIENTED_EDGE('',*,*,#3182,.F.);
#4224=ORIENTED_EDGE('',*,*,#3185,.F.);
#4225=ORIENTED_EDGE('',*,*,#3131,.F.);
#4226=ORIENTED_EDGE('',*,*,#3135,.F.);
#4227=ORIENTED_EDGE('',*,*,#3138,.F.);
#4228=ORIENTED_EDGE('',*,*,#3141,.F.);
#4229=ORIENTED_EDGE('',*,*,#3144,.F.);
#4230=ORIENTED_EDGE('',*,*,#3147,.F.);
#4231=ORIENTED_EDGE('',*,*,#3150,.F.);
#4232=ORIENTED_EDGE('',*,*,#3153,.F.);
#4233=ORIENTED_EDGE('',*,*,#3156,.F.);
#4234=ORIENTED_EDGE('',*,*,#3159,.F.);
#4235=ORIENTED_EDGE('',*,*,#3162,.F.);
#4236=ORIENTED_EDGE('',*,*,#3165,.F.);
#4237=ORIENTED_EDGE('',*,*,#3168,.F.);
#4238=ORIENTED_EDGE('',*,*,#3171,.F.);
#4239=ORIENTED_EDGE('',*,*,#3174,.F.);
#4240=ORIENTED_EDGE('',*,*,#3177,.F.);
#4241=ORIENTED_EDGE('',*,*,#3180,.F.);
#4242=ORIENTED_EDGE('',*,*,#3183,.F.);
#4243=ORIENTED_EDGE('',*,*,#3186,.F.);
#4244=ORIENTED_EDGE('',*,*,#3187,.T.);
#4245=ORIENTED_EDGE('',*,*,#3188,.T.);
#4246=ORIENTED_EDGE('',*,*,#3189,.F.);
#4247=ORIENTED_EDGE('',*,*,#3190,.F.);
#4248=ORIENTED_EDGE('',*,*,#3191,.T.);
#4249=ORIENTED_EDGE('',*,*,#3192,.T.);
#4250=ORIENTED_EDGE('',*,*,#3187,.F.);
#4251=ORIENTED_EDGE('',*,*,#3193,.F.);
#4252=ORIENTED_EDGE('',*,*,#3194,.T.);
#4253=ORIENTED_EDGE('',*,*,#3195,.T.);
#4254=ORIENTED_EDGE('',*,*,#3191,.F.);
#4255=ORIENTED_EDGE('',*,*,#3196,.F.);
#4256=ORIENTED_EDGE('',*,*,#3197,.T.);
#4257=ORIENTED_EDGE('',*,*,#3198,.T.);
#4258=ORIENTED_EDGE('',*,*,#3194,.F.);
#4259=ORIENTED_EDGE('',*,*,#3199,.F.);
#4260=ORIENTED_EDGE('',*,*,#3200,.T.);
#4261=ORIENTED_EDGE('',*,*,#3201,.T.);
#4262=ORIENTED_EDGE('',*,*,#3197,.F.);
#4263=ORIENTED_EDGE('',*,*,#3202,.F.);
#4264=ORIENTED_EDGE('',*,*,#3203,.T.);
#4265=ORIENTED_EDGE('',*,*,#3204,.T.);
#4266=ORIENTED_EDGE('',*,*,#3200,.F.);
#4267=ORIENTED_EDGE('',*,*,#3205,.F.);
#4268=ORIENTED_EDGE('',*,*,#3206,.T.);
#4269=ORIENTED_EDGE('',*,*,#3207,.T.);
#4270=ORIENTED_EDGE('',*,*,#3203,.F.);
#4271=ORIENTED_EDGE('',*,*,#3208,.F.);
#4272=ORIENTED_EDGE('',*,*,#3209,.T.);
#4273=ORIENTED_EDGE('',*,*,#3210,.T.);
#4274=ORIENTED_EDGE('',*,*,#3206,.F.);
#4275=ORIENTED_EDGE('',*,*,#3211,.F.);
#4276=ORIENTED_EDGE('',*,*,#3212,.T.);
#4277=ORIENTED_EDGE('',*,*,#3213,.T.);
#4278=ORIENTED_EDGE('',*,*,#3209,.F.);
#4279=ORIENTED_EDGE('',*,*,#3214,.F.);
#4280=ORIENTED_EDGE('',*,*,#3215,.T.);
#4281=ORIENTED_EDGE('',*,*,#3216,.T.);
#4282=ORIENTED_EDGE('',*,*,#3212,.F.);
#4283=ORIENTED_EDGE('',*,*,#3217,.F.);
#4284=ORIENTED_EDGE('',*,*,#3218,.T.);
#4285=ORIENTED_EDGE('',*,*,#3219,.T.);
#4286=ORIENTED_EDGE('',*,*,#3215,.F.);
#4287=ORIENTED_EDGE('',*,*,#3220,.F.);
#4288=ORIENTED_EDGE('',*,*,#3221,.T.);
#4289=ORIENTED_EDGE('',*,*,#3222,.T.);
#4290=ORIENTED_EDGE('',*,*,#3218,.F.);
#4291=ORIENTED_EDGE('',*,*,#3223,.F.);
#4292=ORIENTED_EDGE('',*,*,#3189,.T.);
#4293=ORIENTED_EDGE('',*,*,#3224,.T.);
#4294=ORIENTED_EDGE('',*,*,#3221,.F.);
#4295=ORIENTED_EDGE('',*,*,#3224,.F.);
#4296=ORIENTED_EDGE('',*,*,#3188,.F.);
#4297=ORIENTED_EDGE('',*,*,#3192,.F.);
#4298=ORIENTED_EDGE('',*,*,#3195,.F.);
#4299=ORIENTED_EDGE('',*,*,#3198,.F.);
#4300=ORIENTED_EDGE('',*,*,#3201,.F.);
#4301=ORIENTED_EDGE('',*,*,#3204,.F.);
#4302=ORIENTED_EDGE('',*,*,#3207,.F.);
#4303=ORIENTED_EDGE('',*,*,#3210,.F.);
#4304=ORIENTED_EDGE('',*,*,#3213,.F.);
#4305=ORIENTED_EDGE('',*,*,#3216,.F.);
#4306=ORIENTED_EDGE('',*,*,#3219,.F.);
#4307=ORIENTED_EDGE('',*,*,#3222,.F.);
#4308=ORIENTED_EDGE('',*,*,#3225,.F.);
#4309=ORIENTED_EDGE('',*,*,#3226,.T.);
#4310=ORIENTED_EDGE('',*,*,#3227,.T.);
#4311=ORIENTED_EDGE('',*,*,#3228,.F.);
#4312=ORIENTED_EDGE('',*,*,#3229,.F.);
#4313=ORIENTED_EDGE('',*,*,#3230,.T.);
#4314=ORIENTED_EDGE('',*,*,#3231,.T.);
#4315=ORIENTED_EDGE('',*,*,#3226,.F.);
#4316=ORIENTED_EDGE('',*,*,#3232,.F.);
#4317=ORIENTED_EDGE('',*,*,#3233,.T.);
#4318=ORIENTED_EDGE('',*,*,#3234,.T.);
#4319=ORIENTED_EDGE('',*,*,#3230,.F.);
#4320=ORIENTED_EDGE('',*,*,#3235,.F.);
#4321=ORIENTED_EDGE('',*,*,#3228,.T.);
#4322=ORIENTED_EDGE('',*,*,#3236,.T.);
#4323=ORIENTED_EDGE('',*,*,#3233,.F.);
#4324=ORIENTED_EDGE('',*,*,#3236,.F.);
#4325=ORIENTED_EDGE('',*,*,#3227,.F.);
#4326=ORIENTED_EDGE('',*,*,#3231,.F.);
#4327=ORIENTED_EDGE('',*,*,#3234,.F.);
#4328=ORIENTED_EDGE('',*,*,#3237,.F.);
#4329=ORIENTED_EDGE('',*,*,#3238,.T.);
#4330=ORIENTED_EDGE('',*,*,#3239,.T.);
#4331=ORIENTED_EDGE('',*,*,#3240,.F.);
#4332=ORIENTED_EDGE('',*,*,#3241,.F.);
#4333=ORIENTED_EDGE('',*,*,#3242,.T.);
#4334=ORIENTED_EDGE('',*,*,#3243,.T.);
#4335=ORIENTED_EDGE('',*,*,#3238,.F.);
#4336=ORIENTED_EDGE('',*,*,#3244,.F.);
#4337=ORIENTED_EDGE('',*,*,#3245,.T.);
#4338=ORIENTED_EDGE('',*,*,#3246,.T.);
#4339=ORIENTED_EDGE('',*,*,#3242,.F.);
#4340=ORIENTED_EDGE('',*,*,#3247,.F.);
#4341=ORIENTED_EDGE('',*,*,#3248,.T.);
#4342=ORIENTED_EDGE('',*,*,#3249,.T.);
#4343=ORIENTED_EDGE('',*,*,#3245,.F.);
#4344=ORIENTED_EDGE('',*,*,#3250,.F.);
#4345=ORIENTED_EDGE('',*,*,#3251,.T.);
#4346=ORIENTED_EDGE('',*,*,#3252,.T.);
#4347=ORIENTED_EDGE('',*,*,#3248,.F.);
#4348=ORIENTED_EDGE('',*,*,#3253,.F.);
#4349=ORIENTED_EDGE('',*,*,#3254,.T.);
#4350=ORIENTED_EDGE('',*,*,#3255,.T.);
#4351=ORIENTED_EDGE('',*,*,#3251,.F.);
#4352=ORIENTED_EDGE('',*,*,#3256,.F.);
#4353=ORIENTED_EDGE('',*,*,#3257,.T.);
#4354=ORIENTED_EDGE('',*,*,#3258,.T.);
#4355=ORIENTED_EDGE('',*,*,#3254,.F.);
#4356=ORIENTED_EDGE('',*,*,#3259,.F.);
#4357=ORIENTED_EDGE('',*,*,#3240,.T.);
#4358=ORIENTED_EDGE('',*,*,#3260,.T.);
#4359=ORIENTED_EDGE('',*,*,#3257,.F.);
#4360=ORIENTED_EDGE('',*,*,#3261,.F.);
#4361=ORIENTED_EDGE('',*,*,#3262,.T.);
#4362=ORIENTED_EDGE('',*,*,#3263,.T.);
#4363=ORIENTED_EDGE('',*,*,#3264,.F.);
#4364=ORIENTED_EDGE('',*,*,#3265,.F.);
#4365=ORIENTED_EDGE('',*,*,#3266,.T.);
#4366=ORIENTED_EDGE('',*,*,#3267,.T.);
#4367=ORIENTED_EDGE('',*,*,#3262,.F.);
#4368=ORIENTED_EDGE('',*,*,#3268,.F.);
#4369=ORIENTED_EDGE('',*,*,#3269,.T.);
#4370=ORIENTED_EDGE('',*,*,#3270,.T.);
#4371=ORIENTED_EDGE('',*,*,#3266,.F.);
#4372=ORIENTED_EDGE('',*,*,#3271,.F.);
#4373=ORIENTED_EDGE('',*,*,#3272,.T.);
#4374=ORIENTED_EDGE('',*,*,#3273,.T.);
#4375=ORIENTED_EDGE('',*,*,#3269,.F.);
#4376=ORIENTED_EDGE('',*,*,#3274,.F.);
#4377=ORIENTED_EDGE('',*,*,#3275,.T.);
#4378=ORIENTED_EDGE('',*,*,#3276,.T.);
#4379=ORIENTED_EDGE('',*,*,#3272,.F.);
#4380=ORIENTED_EDGE('',*,*,#3277,.F.);
#4381=ORIENTED_EDGE('',*,*,#3278,.T.);
#4382=ORIENTED_EDGE('',*,*,#3279,.T.);
#4383=ORIENTED_EDGE('',*,*,#3275,.F.);
#4384=ORIENTED_EDGE('',*,*,#3280,.F.);
#4385=ORIENTED_EDGE('',*,*,#3281,.T.);
#4386=ORIENTED_EDGE('',*,*,#3282,.T.);
#4387=ORIENTED_EDGE('',*,*,#3278,.F.);
#4388=ORIENTED_EDGE('',*,*,#3283,.F.);
#4389=ORIENTED_EDGE('',*,*,#3284,.T.);
#4390=ORIENTED_EDGE('',*,*,#3285,.T.);
#4391=ORIENTED_EDGE('',*,*,#3281,.F.);
#4392=ORIENTED_EDGE('',*,*,#3286,.F.);
#4393=ORIENTED_EDGE('',*,*,#3287,.T.);
#4394=ORIENTED_EDGE('',*,*,#3288,.T.);
#4395=ORIENTED_EDGE('',*,*,#3284,.F.);
#4396=ORIENTED_EDGE('',*,*,#3289,.F.);
#4397=ORIENTED_EDGE('',*,*,#3290,.T.);
#4398=ORIENTED_EDGE('',*,*,#3291,.T.);
#4399=ORIENTED_EDGE('',*,*,#3287,.F.);
#4400=ORIENTED_EDGE('',*,*,#3292,.F.);
#4401=ORIENTED_EDGE('',*,*,#3293,.T.);
#4402=ORIENTED_EDGE('',*,*,#3294,.T.);
#4403=ORIENTED_EDGE('',*,*,#3290,.F.);
#4404=ORIENTED_EDGE('',*,*,#3295,.F.);
#4405=ORIENTED_EDGE('',*,*,#3296,.T.);
#4406=ORIENTED_EDGE('',*,*,#3297,.T.);
#4407=ORIENTED_EDGE('',*,*,#3293,.F.);
#4408=ORIENTED_EDGE('',*,*,#3298,.F.);
#4409=ORIENTED_EDGE('',*,*,#3299,.T.);
#4410=ORIENTED_EDGE('',*,*,#3300,.T.);
#4411=ORIENTED_EDGE('',*,*,#3296,.F.);
#4412=ORIENTED_EDGE('',*,*,#3301,.F.);
#4413=ORIENTED_EDGE('',*,*,#3302,.T.);
#4414=ORIENTED_EDGE('',*,*,#3303,.T.);
#4415=ORIENTED_EDGE('',*,*,#3299,.F.);
#4416=ORIENTED_EDGE('',*,*,#3304,.F.);
#4417=ORIENTED_EDGE('',*,*,#3305,.T.);
#4418=ORIENTED_EDGE('',*,*,#3306,.T.);
#4419=ORIENTED_EDGE('',*,*,#3302,.F.);
#4420=ORIENTED_EDGE('',*,*,#3307,.F.);
#4421=ORIENTED_EDGE('',*,*,#3308,.T.);
#4422=ORIENTED_EDGE('',*,*,#3309,.T.);
#4423=ORIENTED_EDGE('',*,*,#3305,.F.);
#4424=ORIENTED_EDGE('',*,*,#3310,.F.);
#4425=ORIENTED_EDGE('',*,*,#3311,.T.);
#4426=ORIENTED_EDGE('',*,*,#3312,.T.);
#4427=ORIENTED_EDGE('',*,*,#3308,.F.);
#4428=ORIENTED_EDGE('',*,*,#3313,.F.);
#4429=ORIENTED_EDGE('',*,*,#3314,.T.);
#4430=ORIENTED_EDGE('',*,*,#3315,.T.);
#4431=ORIENTED_EDGE('',*,*,#3311,.F.);
#4432=ORIENTED_EDGE('',*,*,#3316,.F.);
#4433=ORIENTED_EDGE('',*,*,#3317,.T.);
#4434=ORIENTED_EDGE('',*,*,#3318,.T.);
#4435=ORIENTED_EDGE('',*,*,#3314,.F.);
#4436=ORIENTED_EDGE('',*,*,#3319,.F.);
#4437=ORIENTED_EDGE('',*,*,#3320,.T.);
#4438=ORIENTED_EDGE('',*,*,#3321,.T.);
#4439=ORIENTED_EDGE('',*,*,#3317,.F.);
#4440=ORIENTED_EDGE('',*,*,#3322,.F.);
#4441=ORIENTED_EDGE('',*,*,#3323,.T.);
#4442=ORIENTED_EDGE('',*,*,#3324,.T.);
#4443=ORIENTED_EDGE('',*,*,#3320,.F.);
#4444=ORIENTED_EDGE('',*,*,#3325,.F.);
#4445=ORIENTED_EDGE('',*,*,#3326,.T.);
#4446=ORIENTED_EDGE('',*,*,#3327,.T.);
#4447=ORIENTED_EDGE('',*,*,#3323,.F.);
#4448=ORIENTED_EDGE('',*,*,#3328,.F.);
#4449=ORIENTED_EDGE('',*,*,#3264,.T.);
#4450=ORIENTED_EDGE('',*,*,#3329,.T.);
#4451=ORIENTED_EDGE('',*,*,#3326,.F.);
#4452=ORIENTED_EDGE('',*,*,#3329,.F.);
#4453=ORIENTED_EDGE('',*,*,#3263,.F.);
#4454=ORIENTED_EDGE('',*,*,#3267,.F.);
#4455=ORIENTED_EDGE('',*,*,#3270,.F.);
#4456=ORIENTED_EDGE('',*,*,#3273,.F.);
#4457=ORIENTED_EDGE('',*,*,#3276,.F.);
#4458=ORIENTED_EDGE('',*,*,#3279,.F.);
#4459=ORIENTED_EDGE('',*,*,#3282,.F.);
#4460=ORIENTED_EDGE('',*,*,#3285,.F.);
#4461=ORIENTED_EDGE('',*,*,#3288,.F.);
#4462=ORIENTED_EDGE('',*,*,#3291,.F.);
#4463=ORIENTED_EDGE('',*,*,#3294,.F.);
#4464=ORIENTED_EDGE('',*,*,#3297,.F.);
#4465=ORIENTED_EDGE('',*,*,#3300,.F.);
#4466=ORIENTED_EDGE('',*,*,#3303,.F.);
#4467=ORIENTED_EDGE('',*,*,#3306,.F.);
#4468=ORIENTED_EDGE('',*,*,#3309,.F.);
#4469=ORIENTED_EDGE('',*,*,#3312,.F.);
#4470=ORIENTED_EDGE('',*,*,#3315,.F.);
#4471=ORIENTED_EDGE('',*,*,#3318,.F.);
#4472=ORIENTED_EDGE('',*,*,#3321,.F.);
#4473=ORIENTED_EDGE('',*,*,#3324,.F.);
#4474=ORIENTED_EDGE('',*,*,#3327,.F.);
#4475=ORIENTED_EDGE('',*,*,#3260,.F.);
#4476=ORIENTED_EDGE('',*,*,#3239,.F.);
#4477=ORIENTED_EDGE('',*,*,#3243,.F.);
#4478=ORIENTED_EDGE('',*,*,#3246,.F.);
#4479=ORIENTED_EDGE('',*,*,#3249,.F.);
#4480=ORIENTED_EDGE('',*,*,#3252,.F.);
#4481=ORIENTED_EDGE('',*,*,#3255,.F.);
#4482=ORIENTED_EDGE('',*,*,#3258,.F.);
#4483=ORIENTED_EDGE('',*,*,#3330,.F.);
#4484=ORIENTED_EDGE('',*,*,#3331,.T.);
#4485=ORIENTED_EDGE('',*,*,#3332,.T.);
#4486=ORIENTED_EDGE('',*,*,#3333,.F.);
#4487=ORIENTED_EDGE('',*,*,#3334,.F.);
#4488=ORIENTED_EDGE('',*,*,#3335,.T.);
#4489=ORIENTED_EDGE('',*,*,#3336,.T.);
#4490=ORIENTED_EDGE('',*,*,#3331,.F.);
#4491=ORIENTED_EDGE('',*,*,#3337,.F.);
#4492=ORIENTED_EDGE('',*,*,#3338,.T.);
#4493=ORIENTED_EDGE('',*,*,#3339,.T.);
#4494=ORIENTED_EDGE('',*,*,#3335,.F.);
#4495=ORIENTED_EDGE('',*,*,#3340,.F.);
#4496=ORIENTED_EDGE('',*,*,#3333,.T.);
#4497=ORIENTED_EDGE('',*,*,#3341,.T.);
#4498=ORIENTED_EDGE('',*,*,#3338,.F.);
#4499=ORIENTED_EDGE('',*,*,#3341,.F.);
#4500=ORIENTED_EDGE('',*,*,#3332,.F.);
#4501=ORIENTED_EDGE('',*,*,#3336,.F.);
#4502=ORIENTED_EDGE('',*,*,#3339,.F.);
#4503=ORIENTED_EDGE('',*,*,#3342,.F.);
#4504=ORIENTED_EDGE('',*,*,#3343,.T.);
#4505=ORIENTED_EDGE('',*,*,#3344,.T.);
#4506=ORIENTED_EDGE('',*,*,#3345,.F.);
#4507=ORIENTED_EDGE('',*,*,#3346,.F.);
#4508=ORIENTED_EDGE('',*,*,#3347,.T.);
#4509=ORIENTED_EDGE('',*,*,#3348,.T.);
#4510=ORIENTED_EDGE('',*,*,#3343,.F.);
#4511=ORIENTED_EDGE('',*,*,#3349,.F.);
#4512=ORIENTED_EDGE('',*,*,#3350,.T.);
#4513=ORIENTED_EDGE('',*,*,#3351,.T.);
#4514=ORIENTED_EDGE('',*,*,#3347,.F.);
#4515=ORIENTED_EDGE('',*,*,#3352,.F.);
#4516=ORIENTED_EDGE('',*,*,#3345,.T.);
#4517=ORIENTED_EDGE('',*,*,#3353,.T.);
#4518=ORIENTED_EDGE('',*,*,#3350,.F.);
#4519=ORIENTED_EDGE('',*,*,#3353,.F.);
#4520=ORIENTED_EDGE('',*,*,#3344,.F.);
#4521=ORIENTED_EDGE('',*,*,#3348,.F.);
#4522=ORIENTED_EDGE('',*,*,#3351,.F.);
#4523=ORIENTED_EDGE('',*,*,#3354,.F.);
#4524=ORIENTED_EDGE('',*,*,#3355,.T.);
#4525=ORIENTED_EDGE('',*,*,#3356,.T.);
#4526=ORIENTED_EDGE('',*,*,#3357,.F.);
#4527=ORIENTED_EDGE('',*,*,#3358,.F.);
#4528=ORIENTED_EDGE('',*,*,#3359,.T.);
#4529=ORIENTED_EDGE('',*,*,#3360,.T.);
#4530=ORIENTED_EDGE('',*,*,#3355,.F.);
#4531=ORIENTED_EDGE('',*,*,#3361,.F.);
#4532=ORIENTED_EDGE('',*,*,#3362,.T.);
#4533=ORIENTED_EDGE('',*,*,#3363,.T.);
#4534=ORIENTED_EDGE('',*,*,#3359,.F.);
#4535=ORIENTED_EDGE('',*,*,#3364,.F.);
#4536=ORIENTED_EDGE('',*,*,#3365,.T.);
#4537=ORIENTED_EDGE('',*,*,#3366,.T.);
#4538=ORIENTED_EDGE('',*,*,#3362,.F.);
#4539=ORIENTED_EDGE('',*,*,#3367,.F.);
#4540=ORIENTED_EDGE('',*,*,#3357,.T.);
#4541=ORIENTED_EDGE('',*,*,#3368,.T.);
#4542=ORIENTED_EDGE('',*,*,#3365,.F.);
#4543=ORIENTED_EDGE('',*,*,#3369,.F.);
#4544=ORIENTED_EDGE('',*,*,#3370,.T.);
#4545=ORIENTED_EDGE('',*,*,#3371,.T.);
#4546=ORIENTED_EDGE('',*,*,#3372,.F.);
#4547=ORIENTED_EDGE('',*,*,#3373,.F.);
#4548=ORIENTED_EDGE('',*,*,#3374,.T.);
#4549=ORIENTED_EDGE('',*,*,#3375,.T.);
#4550=ORIENTED_EDGE('',*,*,#3370,.F.);
#4551=ORIENTED_EDGE('',*,*,#3376,.F.);
#4552=ORIENTED_EDGE('',*,*,#3377,.T.);
#4553=ORIENTED_EDGE('',*,*,#3378,.T.);
#4554=ORIENTED_EDGE('',*,*,#3374,.F.);
#4555=ORIENTED_EDGE('',*,*,#3379,.F.);
#4556=ORIENTED_EDGE('',*,*,#3380,.T.);
#4557=ORIENTED_EDGE('',*,*,#3381,.T.);
#4558=ORIENTED_EDGE('',*,*,#3377,.F.);
#4559=ORIENTED_EDGE('',*,*,#3382,.F.);
#4560=ORIENTED_EDGE('',*,*,#3383,.T.);
#4561=ORIENTED_EDGE('',*,*,#3384,.T.);
#4562=ORIENTED_EDGE('',*,*,#3380,.F.);
#4563=ORIENTED_EDGE('',*,*,#3385,.F.);
#4564=ORIENTED_EDGE('',*,*,#3386,.T.);
#4565=ORIENTED_EDGE('',*,*,#3387,.T.);
#4566=ORIENTED_EDGE('',*,*,#3383,.F.);
#4567=ORIENTED_EDGE('',*,*,#3388,.F.);
#4568=ORIENTED_EDGE('',*,*,#3389,.T.);
#4569=ORIENTED_EDGE('',*,*,#3390,.T.);
#4570=ORIENTED_EDGE('',*,*,#3386,.F.);
#4571=ORIENTED_EDGE('',*,*,#3391,.F.);
#4572=ORIENTED_EDGE('',*,*,#3392,.T.);
#4573=ORIENTED_EDGE('',*,*,#3393,.T.);
#4574=ORIENTED_EDGE('',*,*,#3389,.F.);
#4575=ORIENTED_EDGE('',*,*,#3394,.F.);
#4576=ORIENTED_EDGE('',*,*,#3395,.T.);
#4577=ORIENTED_EDGE('',*,*,#3396,.T.);
#4578=ORIENTED_EDGE('',*,*,#3392,.F.);
#4579=ORIENTED_EDGE('',*,*,#3397,.F.);
#4580=ORIENTED_EDGE('',*,*,#3398,.T.);
#4581=ORIENTED_EDGE('',*,*,#3399,.T.);
#4582=ORIENTED_EDGE('',*,*,#3395,.F.);
#4583=ORIENTED_EDGE('',*,*,#3400,.F.);
#4584=ORIENTED_EDGE('',*,*,#3401,.T.);
#4585=ORIENTED_EDGE('',*,*,#3402,.T.);
#4586=ORIENTED_EDGE('',*,*,#3398,.F.);
#4587=ORIENTED_EDGE('',*,*,#3403,.F.);
#4588=ORIENTED_EDGE('',*,*,#3404,.T.);
#4589=ORIENTED_EDGE('',*,*,#3405,.T.);
#4590=ORIENTED_EDGE('',*,*,#3401,.F.);
#4591=ORIENTED_EDGE('',*,*,#3406,.F.);
#4592=ORIENTED_EDGE('',*,*,#3407,.T.);
#4593=ORIENTED_EDGE('',*,*,#3408,.T.);
#4594=ORIENTED_EDGE('',*,*,#3404,.F.);
#4595=ORIENTED_EDGE('',*,*,#3409,.F.);
#4596=ORIENTED_EDGE('',*,*,#3372,.T.);
#4597=ORIENTED_EDGE('',*,*,#3410,.T.);
#4598=ORIENTED_EDGE('',*,*,#3407,.F.);
#4599=ORIENTED_EDGE('',*,*,#3410,.F.);
#4600=ORIENTED_EDGE('',*,*,#3371,.F.);
#4601=ORIENTED_EDGE('',*,*,#3375,.F.);
#4602=ORIENTED_EDGE('',*,*,#3378,.F.);
#4603=ORIENTED_EDGE('',*,*,#3381,.F.);
#4604=ORIENTED_EDGE('',*,*,#3384,.F.);
#4605=ORIENTED_EDGE('',*,*,#3387,.F.);
#4606=ORIENTED_EDGE('',*,*,#3390,.F.);
#4607=ORIENTED_EDGE('',*,*,#3393,.F.);
#4608=ORIENTED_EDGE('',*,*,#3396,.F.);
#4609=ORIENTED_EDGE('',*,*,#3399,.F.);
#4610=ORIENTED_EDGE('',*,*,#3402,.F.);
#4611=ORIENTED_EDGE('',*,*,#3405,.F.);
#4612=ORIENTED_EDGE('',*,*,#3408,.F.);
#4613=ORIENTED_EDGE('',*,*,#3368,.F.);
#4614=ORIENTED_EDGE('',*,*,#3356,.F.);
#4615=ORIENTED_EDGE('',*,*,#3360,.F.);
#4616=ORIENTED_EDGE('',*,*,#3363,.F.);
#4617=ORIENTED_EDGE('',*,*,#3366,.F.);
#4618=ORIENTED_EDGE('',*,*,#3411,.F.);
#4619=ORIENTED_EDGE('',*,*,#3412,.T.);
#4620=ORIENTED_EDGE('',*,*,#3413,.T.);
#4621=ORIENTED_EDGE('',*,*,#3414,.F.);
#4622=ORIENTED_EDGE('',*,*,#3415,.F.);
#4623=ORIENTED_EDGE('',*,*,#3416,.T.);
#4624=ORIENTED_EDGE('',*,*,#3417,.T.);
#4625=ORIENTED_EDGE('',*,*,#3412,.F.);
#4626=ORIENTED_EDGE('',*,*,#3418,.F.);
#4627=ORIENTED_EDGE('',*,*,#3419,.T.);
#4628=ORIENTED_EDGE('',*,*,#3420,.T.);
#4629=ORIENTED_EDGE('',*,*,#3416,.F.);
#4630=ORIENTED_EDGE('',*,*,#3421,.F.);
#4631=ORIENTED_EDGE('',*,*,#3422,.T.);
#4632=ORIENTED_EDGE('',*,*,#3423,.T.);
#4633=ORIENTED_EDGE('',*,*,#3419,.F.);
#4634=ORIENTED_EDGE('',*,*,#3424,.F.);
#4635=ORIENTED_EDGE('',*,*,#3425,.T.);
#4636=ORIENTED_EDGE('',*,*,#3426,.T.);
#4637=ORIENTED_EDGE('',*,*,#3422,.F.);
#4638=ORIENTED_EDGE('',*,*,#3427,.F.);
#4639=ORIENTED_EDGE('',*,*,#3428,.T.);
#4640=ORIENTED_EDGE('',*,*,#3429,.T.);
#4641=ORIENTED_EDGE('',*,*,#3425,.F.);
#4642=ORIENTED_EDGE('',*,*,#3430,.F.);
#4643=ORIENTED_EDGE('',*,*,#3431,.T.);
#4644=ORIENTED_EDGE('',*,*,#3432,.T.);
#4645=ORIENTED_EDGE('',*,*,#3428,.F.);
#4646=ORIENTED_EDGE('',*,*,#3433,.F.);
#4647=ORIENTED_EDGE('',*,*,#3414,.T.);
#4648=ORIENTED_EDGE('',*,*,#3434,.T.);
#4649=ORIENTED_EDGE('',*,*,#3431,.F.);
#4650=ORIENTED_EDGE('',*,*,#3435,.F.);
#4651=ORIENTED_EDGE('',*,*,#3436,.T.);
#4652=ORIENTED_EDGE('',*,*,#3437,.T.);
#4653=ORIENTED_EDGE('',*,*,#3438,.F.);
#4654=ORIENTED_EDGE('',*,*,#3439,.F.);
#4655=ORIENTED_EDGE('',*,*,#3440,.T.);
#4656=ORIENTED_EDGE('',*,*,#3441,.T.);
#4657=ORIENTED_EDGE('',*,*,#3436,.F.);
#4658=ORIENTED_EDGE('',*,*,#3442,.F.);
#4659=ORIENTED_EDGE('',*,*,#3443,.T.);
#4660=ORIENTED_EDGE('',*,*,#3444,.T.);
#4661=ORIENTED_EDGE('',*,*,#3440,.F.);
#4662=ORIENTED_EDGE('',*,*,#3445,.F.);
#4663=ORIENTED_EDGE('',*,*,#3446,.T.);
#4664=ORIENTED_EDGE('',*,*,#3447,.T.);
#4665=ORIENTED_EDGE('',*,*,#3443,.F.);
#4666=ORIENTED_EDGE('',*,*,#3448,.F.);
#4667=ORIENTED_EDGE('',*,*,#3449,.T.);
#4668=ORIENTED_EDGE('',*,*,#3450,.T.);
#4669=ORIENTED_EDGE('',*,*,#3446,.F.);
#4670=ORIENTED_EDGE('',*,*,#3451,.F.);
#4671=ORIENTED_EDGE('',*,*,#3452,.T.);
#4672=ORIENTED_EDGE('',*,*,#3453,.T.);
#4673=ORIENTED_EDGE('',*,*,#3449,.F.);
#4674=ORIENTED_EDGE('',*,*,#3454,.F.);
#4675=ORIENTED_EDGE('',*,*,#3455,.T.);
#4676=ORIENTED_EDGE('',*,*,#3456,.T.);
#4677=ORIENTED_EDGE('',*,*,#3452,.F.);
#4678=ORIENTED_EDGE('',*,*,#3457,.F.);
#4679=ORIENTED_EDGE('',*,*,#3458,.T.);
#4680=ORIENTED_EDGE('',*,*,#3459,.T.);
#4681=ORIENTED_EDGE('',*,*,#3455,.F.);
#4682=ORIENTED_EDGE('',*,*,#3460,.F.);
#4683=ORIENTED_EDGE('',*,*,#3461,.T.);
#4684=ORIENTED_EDGE('',*,*,#3462,.T.);
#4685=ORIENTED_EDGE('',*,*,#3458,.F.);
#4686=ORIENTED_EDGE('',*,*,#3463,.F.);
#4687=ORIENTED_EDGE('',*,*,#3464,.T.);
#4688=ORIENTED_EDGE('',*,*,#3465,.T.);
#4689=ORIENTED_EDGE('',*,*,#3461,.F.);
#4690=ORIENTED_EDGE('',*,*,#3466,.F.);
#4691=ORIENTED_EDGE('',*,*,#3467,.T.);
#4692=ORIENTED_EDGE('',*,*,#3468,.T.);
#4693=ORIENTED_EDGE('',*,*,#3464,.F.);
#4694=ORIENTED_EDGE('',*,*,#3469,.F.);
#4695=ORIENTED_EDGE('',*,*,#3470,.T.);
#4696=ORIENTED_EDGE('',*,*,#3471,.T.);
#4697=ORIENTED_EDGE('',*,*,#3467,.F.);
#4698=ORIENTED_EDGE('',*,*,#3472,.F.);
#4699=ORIENTED_EDGE('',*,*,#3473,.T.);
#4700=ORIENTED_EDGE('',*,*,#3474,.T.);
#4701=ORIENTED_EDGE('',*,*,#3470,.F.);
#4702=ORIENTED_EDGE('',*,*,#3475,.F.);
#4703=ORIENTED_EDGE('',*,*,#3476,.T.);
#4704=ORIENTED_EDGE('',*,*,#3477,.T.);
#4705=ORIENTED_EDGE('',*,*,#3473,.F.);
#4706=ORIENTED_EDGE('',*,*,#3478,.F.);
#4707=ORIENTED_EDGE('',*,*,#3479,.T.);
#4708=ORIENTED_EDGE('',*,*,#3480,.T.);
#4709=ORIENTED_EDGE('',*,*,#3476,.F.);
#4710=ORIENTED_EDGE('',*,*,#3481,.F.);
#4711=ORIENTED_EDGE('',*,*,#3482,.T.);
#4712=ORIENTED_EDGE('',*,*,#3483,.T.);
#4713=ORIENTED_EDGE('',*,*,#3479,.F.);
#4714=ORIENTED_EDGE('',*,*,#3484,.F.);
#4715=ORIENTED_EDGE('',*,*,#3485,.T.);
#4716=ORIENTED_EDGE('',*,*,#3486,.T.);
#4717=ORIENTED_EDGE('',*,*,#3482,.F.);
#4718=ORIENTED_EDGE('',*,*,#3487,.F.);
#4719=ORIENTED_EDGE('',*,*,#3488,.T.);
#4720=ORIENTED_EDGE('',*,*,#3489,.T.);
#4721=ORIENTED_EDGE('',*,*,#3485,.F.);
#4722=ORIENTED_EDGE('',*,*,#3490,.F.);
#4723=ORIENTED_EDGE('',*,*,#3491,.T.);
#4724=ORIENTED_EDGE('',*,*,#3492,.T.);
#4725=ORIENTED_EDGE('',*,*,#3488,.F.);
#4726=ORIENTED_EDGE('',*,*,#3493,.F.);
#4727=ORIENTED_EDGE('',*,*,#3494,.T.);
#4728=ORIENTED_EDGE('',*,*,#3495,.T.);
#4729=ORIENTED_EDGE('',*,*,#3491,.F.);
#4730=ORIENTED_EDGE('',*,*,#3496,.F.);
#4731=ORIENTED_EDGE('',*,*,#3497,.T.);
#4732=ORIENTED_EDGE('',*,*,#3498,.T.);
#4733=ORIENTED_EDGE('',*,*,#3494,.F.);
#4734=ORIENTED_EDGE('',*,*,#3499,.F.);
#4735=ORIENTED_EDGE('',*,*,#3500,.T.);
#4736=ORIENTED_EDGE('',*,*,#3501,.T.);
#4737=ORIENTED_EDGE('',*,*,#3497,.F.);
#4738=ORIENTED_EDGE('',*,*,#3502,.F.);
#4739=ORIENTED_EDGE('',*,*,#3438,.T.);
#4740=ORIENTED_EDGE('',*,*,#3503,.T.);
#4741=ORIENTED_EDGE('',*,*,#3500,.F.);
#4742=ORIENTED_EDGE('',*,*,#3503,.F.);
#4743=ORIENTED_EDGE('',*,*,#3437,.F.);
#4744=ORIENTED_EDGE('',*,*,#3441,.F.);
#4745=ORIENTED_EDGE('',*,*,#3444,.F.);
#4746=ORIENTED_EDGE('',*,*,#3447,.F.);
#4747=ORIENTED_EDGE('',*,*,#3450,.F.);
#4748=ORIENTED_EDGE('',*,*,#3453,.F.);
#4749=ORIENTED_EDGE('',*,*,#3456,.F.);
#4750=ORIENTED_EDGE('',*,*,#3459,.F.);
#4751=ORIENTED_EDGE('',*,*,#3462,.F.);
#4752=ORIENTED_EDGE('',*,*,#3465,.F.);
#4753=ORIENTED_EDGE('',*,*,#3468,.F.);
#4754=ORIENTED_EDGE('',*,*,#3471,.F.);
#4755=ORIENTED_EDGE('',*,*,#3474,.F.);
#4756=ORIENTED_EDGE('',*,*,#3477,.F.);
#4757=ORIENTED_EDGE('',*,*,#3480,.F.);
#4758=ORIENTED_EDGE('',*,*,#3483,.F.);
#4759=ORIENTED_EDGE('',*,*,#3486,.F.);
#4760=ORIENTED_EDGE('',*,*,#3489,.F.);
#4761=ORIENTED_EDGE('',*,*,#3492,.F.);
#4762=ORIENTED_EDGE('',*,*,#3495,.F.);
#4763=ORIENTED_EDGE('',*,*,#3498,.F.);
#4764=ORIENTED_EDGE('',*,*,#3501,.F.);
#4765=ORIENTED_EDGE('',*,*,#3434,.F.);
#4766=ORIENTED_EDGE('',*,*,#3413,.F.);
#4767=ORIENTED_EDGE('',*,*,#3417,.F.);
#4768=ORIENTED_EDGE('',*,*,#3420,.F.);
#4769=ORIENTED_EDGE('',*,*,#3423,.F.);
#4770=ORIENTED_EDGE('',*,*,#3426,.F.);
#4771=ORIENTED_EDGE('',*,*,#3429,.F.);
#4772=ORIENTED_EDGE('',*,*,#3432,.F.);
#4773=ORIENTED_EDGE('',*,*,#3504,.F.);
#4774=ORIENTED_EDGE('',*,*,#3505,.T.);
#4775=ORIENTED_EDGE('',*,*,#3506,.T.);
#4776=ORIENTED_EDGE('',*,*,#3507,.F.);
#4777=ORIENTED_EDGE('',*,*,#3508,.F.);
#4778=ORIENTED_EDGE('',*,*,#3509,.T.);
#4779=ORIENTED_EDGE('',*,*,#3510,.T.);
#4780=ORIENTED_EDGE('',*,*,#3505,.F.);
#4781=ORIENTED_EDGE('',*,*,#3511,.F.);
#4782=ORIENTED_EDGE('',*,*,#3512,.T.);
#4783=ORIENTED_EDGE('',*,*,#3513,.T.);
#4784=ORIENTED_EDGE('',*,*,#3509,.F.);
#4785=ORIENTED_EDGE('',*,*,#3514,.F.);
#4786=ORIENTED_EDGE('',*,*,#3515,.T.);
#4787=ORIENTED_EDGE('',*,*,#3516,.T.);
#4788=ORIENTED_EDGE('',*,*,#3512,.F.);
#4789=ORIENTED_EDGE('',*,*,#3517,.F.);
#4790=ORIENTED_EDGE('',*,*,#3518,.T.);
#4791=ORIENTED_EDGE('',*,*,#3519,.T.);
#4792=ORIENTED_EDGE('',*,*,#3515,.F.);
#4793=ORIENTED_EDGE('',*,*,#3520,.F.);
#4794=ORIENTED_EDGE('',*,*,#3521,.T.);
#4795=ORIENTED_EDGE('',*,*,#3522,.T.);
#4796=ORIENTED_EDGE('',*,*,#3518,.F.);
#4797=ORIENTED_EDGE('',*,*,#3523,.F.);
#4798=ORIENTED_EDGE('',*,*,#3524,.T.);
#4799=ORIENTED_EDGE('',*,*,#3525,.T.);
#4800=ORIENTED_EDGE('',*,*,#3521,.F.);
#4801=ORIENTED_EDGE('',*,*,#3526,.F.);
#4802=ORIENTED_EDGE('',*,*,#3507,.T.);
#4803=ORIENTED_EDGE('',*,*,#3527,.T.);
#4804=ORIENTED_EDGE('',*,*,#3524,.F.);
#4805=ORIENTED_EDGE('',*,*,#3528,.F.);
#4806=ORIENTED_EDGE('',*,*,#3529,.T.);
#4807=ORIENTED_EDGE('',*,*,#3530,.T.);
#4808=ORIENTED_EDGE('',*,*,#3531,.F.);
#4809=ORIENTED_EDGE('',*,*,#3532,.F.);
#4810=ORIENTED_EDGE('',*,*,#3533,.T.);
#4811=ORIENTED_EDGE('',*,*,#3534,.T.);
#4812=ORIENTED_EDGE('',*,*,#3529,.F.);
#4813=ORIENTED_EDGE('',*,*,#3535,.F.);
#4814=ORIENTED_EDGE('',*,*,#3536,.T.);
#4815=ORIENTED_EDGE('',*,*,#3537,.T.);
#4816=ORIENTED_EDGE('',*,*,#3533,.F.);
#4817=ORIENTED_EDGE('',*,*,#3538,.F.);
#4818=ORIENTED_EDGE('',*,*,#3539,.T.);
#4819=ORIENTED_EDGE('',*,*,#3540,.T.);
#4820=ORIENTED_EDGE('',*,*,#3536,.F.);
#4821=ORIENTED_EDGE('',*,*,#3541,.F.);
#4822=ORIENTED_EDGE('',*,*,#3542,.T.);
#4823=ORIENTED_EDGE('',*,*,#3543,.T.);
#4824=ORIENTED_EDGE('',*,*,#3539,.F.);
#4825=ORIENTED_EDGE('',*,*,#3544,.F.);
#4826=ORIENTED_EDGE('',*,*,#3545,.T.);
#4827=ORIENTED_EDGE('',*,*,#3546,.T.);
#4828=ORIENTED_EDGE('',*,*,#3542,.F.);
#4829=ORIENTED_EDGE('',*,*,#3547,.F.);
#4830=ORIENTED_EDGE('',*,*,#3548,.T.);
#4831=ORIENTED_EDGE('',*,*,#3549,.T.);
#4832=ORIENTED_EDGE('',*,*,#3545,.F.);
#4833=ORIENTED_EDGE('',*,*,#3550,.F.);
#4834=ORIENTED_EDGE('',*,*,#3551,.T.);
#4835=ORIENTED_EDGE('',*,*,#3552,.T.);
#4836=ORIENTED_EDGE('',*,*,#3548,.F.);
#4837=ORIENTED_EDGE('',*,*,#3553,.F.);
#4838=ORIENTED_EDGE('',*,*,#3554,.T.);
#4839=ORIENTED_EDGE('',*,*,#3555,.T.);
#4840=ORIENTED_EDGE('',*,*,#3551,.F.);
#4841=ORIENTED_EDGE('',*,*,#3556,.F.);
#4842=ORIENTED_EDGE('',*,*,#3531,.T.);
#4843=ORIENTED_EDGE('',*,*,#3557,.T.);
#4844=ORIENTED_EDGE('',*,*,#3554,.F.);
#4845=ORIENTED_EDGE('',*,*,#3557,.F.);
#4846=ORIENTED_EDGE('',*,*,#3530,.F.);
#4847=ORIENTED_EDGE('',*,*,#3534,.F.);
#4848=ORIENTED_EDGE('',*,*,#3537,.F.);
#4849=ORIENTED_EDGE('',*,*,#3540,.F.);
#4850=ORIENTED_EDGE('',*,*,#3543,.F.);
#4851=ORIENTED_EDGE('',*,*,#3546,.F.);
#4852=ORIENTED_EDGE('',*,*,#3549,.F.);
#4853=ORIENTED_EDGE('',*,*,#3552,.F.);
#4854=ORIENTED_EDGE('',*,*,#3555,.F.);
#4855=ORIENTED_EDGE('',*,*,#3527,.F.);
#4856=ORIENTED_EDGE('',*,*,#3506,.F.);
#4857=ORIENTED_EDGE('',*,*,#3510,.F.);
#4858=ORIENTED_EDGE('',*,*,#3513,.F.);
#4859=ORIENTED_EDGE('',*,*,#3516,.F.);
#4860=ORIENTED_EDGE('',*,*,#3519,.F.);
#4861=ORIENTED_EDGE('',*,*,#3522,.F.);
#4862=ORIENTED_EDGE('',*,*,#3525,.F.);
#4863=ORIENTED_EDGE('',*,*,#3558,.F.);
#4864=ORIENTED_EDGE('',*,*,#3559,.T.);
#4865=ORIENTED_EDGE('',*,*,#3560,.T.);
#4866=ORIENTED_EDGE('',*,*,#3561,.F.);
#4867=ORIENTED_EDGE('',*,*,#3562,.F.);
#4868=ORIENTED_EDGE('',*,*,#3563,.T.);
#4869=ORIENTED_EDGE('',*,*,#3564,.T.);
#4870=ORIENTED_EDGE('',*,*,#3559,.F.);
#4871=ORIENTED_EDGE('',*,*,#3565,.F.);
#4872=ORIENTED_EDGE('',*,*,#3566,.T.);
#4873=ORIENTED_EDGE('',*,*,#3567,.T.);
#4874=ORIENTED_EDGE('',*,*,#3563,.F.);
#4875=ORIENTED_EDGE('',*,*,#3568,.F.);
#4876=ORIENTED_EDGE('',*,*,#3569,.T.);
#4877=ORIENTED_EDGE('',*,*,#3570,.T.);
#4878=ORIENTED_EDGE('',*,*,#3566,.F.);
#4879=ORIENTED_EDGE('',*,*,#3571,.F.);
#4880=ORIENTED_EDGE('',*,*,#3572,.T.);
#4881=ORIENTED_EDGE('',*,*,#3573,.T.);
#4882=ORIENTED_EDGE('',*,*,#3569,.F.);
#4883=ORIENTED_EDGE('',*,*,#3574,.F.);
#4884=ORIENTED_EDGE('',*,*,#3575,.T.);
#4885=ORIENTED_EDGE('',*,*,#3576,.T.);
#4886=ORIENTED_EDGE('',*,*,#3572,.F.);
#4887=ORIENTED_EDGE('',*,*,#3577,.F.);
#4888=ORIENTED_EDGE('',*,*,#3578,.T.);
#4889=ORIENTED_EDGE('',*,*,#3579,.T.);
#4890=ORIENTED_EDGE('',*,*,#3575,.F.);
#4891=ORIENTED_EDGE('',*,*,#3580,.F.);
#4892=ORIENTED_EDGE('',*,*,#3581,.T.);
#4893=ORIENTED_EDGE('',*,*,#3582,.T.);
#4894=ORIENTED_EDGE('',*,*,#3578,.F.);
#4895=ORIENTED_EDGE('',*,*,#3583,.F.);
#4896=ORIENTED_EDGE('',*,*,#3584,.T.);
#4897=ORIENTED_EDGE('',*,*,#3585,.T.);
#4898=ORIENTED_EDGE('',*,*,#3581,.F.);
#4899=ORIENTED_EDGE('',*,*,#3586,.F.);
#4900=ORIENTED_EDGE('',*,*,#3587,.T.);
#4901=ORIENTED_EDGE('',*,*,#3588,.T.);
#4902=ORIENTED_EDGE('',*,*,#3584,.F.);
#4903=ORIENTED_EDGE('',*,*,#3589,.F.);
#4904=ORIENTED_EDGE('',*,*,#3590,.T.);
#4905=ORIENTED_EDGE('',*,*,#3591,.T.);
#4906=ORIENTED_EDGE('',*,*,#3587,.F.);
#4907=ORIENTED_EDGE('',*,*,#3592,.F.);
#4908=ORIENTED_EDGE('',*,*,#3593,.T.);
#4909=ORIENTED_EDGE('',*,*,#3594,.T.);
#4910=ORIENTED_EDGE('',*,*,#3590,.F.);
#4911=ORIENTED_EDGE('',*,*,#3595,.F.);
#4912=ORIENTED_EDGE('',*,*,#3596,.T.);
#4913=ORIENTED_EDGE('',*,*,#3597,.T.);
#4914=ORIENTED_EDGE('',*,*,#3593,.F.);
#4915=ORIENTED_EDGE('',*,*,#3598,.F.);
#4916=ORIENTED_EDGE('',*,*,#3599,.T.);
#4917=ORIENTED_EDGE('',*,*,#3600,.T.);
#4918=ORIENTED_EDGE('',*,*,#3596,.F.);
#4919=ORIENTED_EDGE('',*,*,#3601,.F.);
#4920=ORIENTED_EDGE('',*,*,#3602,.T.);
#4921=ORIENTED_EDGE('',*,*,#3603,.T.);
#4922=ORIENTED_EDGE('',*,*,#3599,.F.);
#4923=ORIENTED_EDGE('',*,*,#3604,.F.);
#4924=ORIENTED_EDGE('',*,*,#3605,.T.);
#4925=ORIENTED_EDGE('',*,*,#3606,.T.);
#4926=ORIENTED_EDGE('',*,*,#3602,.F.);
#4927=ORIENTED_EDGE('',*,*,#3607,.F.);
#4928=ORIENTED_EDGE('',*,*,#3608,.T.);
#4929=ORIENTED_EDGE('',*,*,#3609,.T.);
#4930=ORIENTED_EDGE('',*,*,#3605,.F.);
#4931=ORIENTED_EDGE('',*,*,#3610,.F.);
#4932=ORIENTED_EDGE('',*,*,#3611,.T.);
#4933=ORIENTED_EDGE('',*,*,#3612,.T.);
#4934=ORIENTED_EDGE('',*,*,#3608,.F.);
#4935=ORIENTED_EDGE('',*,*,#3613,.F.);
#4936=ORIENTED_EDGE('',*,*,#3614,.T.);
#4937=ORIENTED_EDGE('',*,*,#3615,.T.);
#4938=ORIENTED_EDGE('',*,*,#3611,.F.);
#4939=ORIENTED_EDGE('',*,*,#3616,.F.);
#4940=ORIENTED_EDGE('',*,*,#3617,.T.);
#4941=ORIENTED_EDGE('',*,*,#3618,.T.);
#4942=ORIENTED_EDGE('',*,*,#3614,.F.);
#4943=ORIENTED_EDGE('',*,*,#3619,.F.);
#4944=ORIENTED_EDGE('',*,*,#3620,.T.);
#4945=ORIENTED_EDGE('',*,*,#3621,.T.);
#4946=ORIENTED_EDGE('',*,*,#3617,.F.);
#4947=ORIENTED_EDGE('',*,*,#3622,.F.);
#4948=ORIENTED_EDGE('',*,*,#3623,.T.);
#4949=ORIENTED_EDGE('',*,*,#3624,.T.);
#4950=ORIENTED_EDGE('',*,*,#3620,.F.);
#4951=ORIENTED_EDGE('',*,*,#3625,.F.);
#4952=ORIENTED_EDGE('',*,*,#3626,.T.);
#4953=ORIENTED_EDGE('',*,*,#3627,.T.);
#4954=ORIENTED_EDGE('',*,*,#3623,.F.);
#4955=ORIENTED_EDGE('',*,*,#3628,.F.);
#4956=ORIENTED_EDGE('',*,*,#3629,.T.);
#4957=ORIENTED_EDGE('',*,*,#3630,.T.);
#4958=ORIENTED_EDGE('',*,*,#3626,.F.);
#4959=ORIENTED_EDGE('',*,*,#3631,.F.);
#4960=ORIENTED_EDGE('',*,*,#3632,.T.);
#4961=ORIENTED_EDGE('',*,*,#3633,.T.);
#4962=ORIENTED_EDGE('',*,*,#3629,.F.);
#4963=ORIENTED_EDGE('',*,*,#3634,.F.);
#4964=ORIENTED_EDGE('',*,*,#3561,.T.);
#4965=ORIENTED_EDGE('',*,*,#3635,.T.);
#4966=ORIENTED_EDGE('',*,*,#3632,.F.);
#4967=ORIENTED_EDGE('',*,*,#3635,.F.);
#4968=ORIENTED_EDGE('',*,*,#3560,.F.);
#4969=ORIENTED_EDGE('',*,*,#3564,.F.);
#4970=ORIENTED_EDGE('',*,*,#3567,.F.);
#4971=ORIENTED_EDGE('',*,*,#3570,.F.);
#4972=ORIENTED_EDGE('',*,*,#3573,.F.);
#4973=ORIENTED_EDGE('',*,*,#3576,.F.);
#4974=ORIENTED_EDGE('',*,*,#3579,.F.);
#4975=ORIENTED_EDGE('',*,*,#3582,.F.);
#4976=ORIENTED_EDGE('',*,*,#3585,.F.);
#4977=ORIENTED_EDGE('',*,*,#3588,.F.);
#4978=ORIENTED_EDGE('',*,*,#3591,.F.);
#4979=ORIENTED_EDGE('',*,*,#3594,.F.);
#4980=ORIENTED_EDGE('',*,*,#3597,.F.);
#4981=ORIENTED_EDGE('',*,*,#3600,.F.);
#4982=ORIENTED_EDGE('',*,*,#3603,.F.);
#4983=ORIENTED_EDGE('',*,*,#3606,.F.);
#4984=ORIENTED_EDGE('',*,*,#3609,.F.);
#4985=ORIENTED_EDGE('',*,*,#3612,.F.);
#4986=ORIENTED_EDGE('',*,*,#3615,.F.);
#4987=ORIENTED_EDGE('',*,*,#3618,.F.);
#4988=ORIENTED_EDGE('',*,*,#3621,.F.);
#4989=ORIENTED_EDGE('',*,*,#3624,.F.);
#4990=ORIENTED_EDGE('',*,*,#3627,.F.);
#4991=ORIENTED_EDGE('',*,*,#3630,.F.);
#4992=ORIENTED_EDGE('',*,*,#3633,.F.);
#4993=ORIENTED_EDGE('',*,*,#3636,.F.);
#4994=ORIENTED_EDGE('',*,*,#3637,.T.);
#4995=ORIENTED_EDGE('',*,*,#3638,.T.);
#4996=ORIENTED_EDGE('',*,*,#3639,.F.);
#4997=ORIENTED_EDGE('',*,*,#3640,.F.);
#4998=ORIENTED_EDGE('',*,*,#3641,.T.);
#4999=ORIENTED_EDGE('',*,*,#3642,.T.);
#5000=ORIENTED_EDGE('',*,*,#3637,.F.);
#5001=ORIENTED_EDGE('',*,*,#3643,.F.);
#5002=ORIENTED_EDGE('',*,*,#3644,.T.);
#5003=ORIENTED_EDGE('',*,*,#3645,.T.);
#5004=ORIENTED_EDGE('',*,*,#3641,.F.);
#5005=ORIENTED_EDGE('',*,*,#3646,.F.);
#5006=ORIENTED_EDGE('',*,*,#3647,.T.);
#5007=ORIENTED_EDGE('',*,*,#3648,.T.);
#5008=ORIENTED_EDGE('',*,*,#3644,.F.);
#5009=ORIENTED_EDGE('',*,*,#3649,.F.);
#5010=ORIENTED_EDGE('',*,*,#3650,.T.);
#5011=ORIENTED_EDGE('',*,*,#3651,.T.);
#5012=ORIENTED_EDGE('',*,*,#3647,.F.);
#5013=ORIENTED_EDGE('',*,*,#3652,.F.);
#5014=ORIENTED_EDGE('',*,*,#3653,.T.);
#5015=ORIENTED_EDGE('',*,*,#3654,.T.);
#5016=ORIENTED_EDGE('',*,*,#3650,.F.);
#5017=ORIENTED_EDGE('',*,*,#3655,.F.);
#5018=ORIENTED_EDGE('',*,*,#3656,.T.);
#5019=ORIENTED_EDGE('',*,*,#3657,.T.);
#5020=ORIENTED_EDGE('',*,*,#3653,.F.);
#5021=ORIENTED_EDGE('',*,*,#3658,.F.);
#5022=ORIENTED_EDGE('',*,*,#3659,.T.);
#5023=ORIENTED_EDGE('',*,*,#3660,.T.);
#5024=ORIENTED_EDGE('',*,*,#3656,.F.);
#5025=ORIENTED_EDGE('',*,*,#3661,.F.);
#5026=ORIENTED_EDGE('',*,*,#3639,.T.);
#5027=ORIENTED_EDGE('',*,*,#3662,.T.);
#5028=ORIENTED_EDGE('',*,*,#3659,.F.);
#5029=ORIENTED_EDGE('',*,*,#3663,.F.);
#5030=ORIENTED_EDGE('',*,*,#3664,.T.);
#5031=ORIENTED_EDGE('',*,*,#3665,.T.);
#5032=ORIENTED_EDGE('',*,*,#3666,.F.);
#5033=ORIENTED_EDGE('',*,*,#3667,.F.);
#5034=ORIENTED_EDGE('',*,*,#3668,.T.);
#5035=ORIENTED_EDGE('',*,*,#3669,.T.);
#5036=ORIENTED_EDGE('',*,*,#3664,.F.);
#5037=ORIENTED_EDGE('',*,*,#3670,.F.);
#5038=ORIENTED_EDGE('',*,*,#3671,.T.);
#5039=ORIENTED_EDGE('',*,*,#3672,.T.);
#5040=ORIENTED_EDGE('',*,*,#3668,.F.);
#5041=ORIENTED_EDGE('',*,*,#3673,.F.);
#5042=ORIENTED_EDGE('',*,*,#3674,.T.);
#5043=ORIENTED_EDGE('',*,*,#3675,.T.);
#5044=ORIENTED_EDGE('',*,*,#3671,.F.);
#5045=ORIENTED_EDGE('',*,*,#3676,.F.);
#5046=ORIENTED_EDGE('',*,*,#3677,.T.);
#5047=ORIENTED_EDGE('',*,*,#3678,.T.);
#5048=ORIENTED_EDGE('',*,*,#3674,.F.);
#5049=ORIENTED_EDGE('',*,*,#3679,.F.);
#5050=ORIENTED_EDGE('',*,*,#3680,.T.);
#5051=ORIENTED_EDGE('',*,*,#3681,.T.);
#5052=ORIENTED_EDGE('',*,*,#3677,.F.);
#5053=ORIENTED_EDGE('',*,*,#3682,.F.);
#5054=ORIENTED_EDGE('',*,*,#3683,.T.);
#5055=ORIENTED_EDGE('',*,*,#3684,.T.);
#5056=ORIENTED_EDGE('',*,*,#3680,.F.);
#5057=ORIENTED_EDGE('',*,*,#3685,.F.);
#5058=ORIENTED_EDGE('',*,*,#3686,.T.);
#5059=ORIENTED_EDGE('',*,*,#3687,.T.);
#5060=ORIENTED_EDGE('',*,*,#3683,.F.);
#5061=ORIENTED_EDGE('',*,*,#3688,.F.);
#5062=ORIENTED_EDGE('',*,*,#3689,.T.);
#5063=ORIENTED_EDGE('',*,*,#3690,.T.);
#5064=ORIENTED_EDGE('',*,*,#3686,.F.);
#5065=ORIENTED_EDGE('',*,*,#3691,.F.);
#5066=ORIENTED_EDGE('',*,*,#3692,.T.);
#5067=ORIENTED_EDGE('',*,*,#3693,.T.);
#5068=ORIENTED_EDGE('',*,*,#3689,.F.);
#5069=ORIENTED_EDGE('',*,*,#3694,.F.);
#5070=ORIENTED_EDGE('',*,*,#3695,.T.);
#5071=ORIENTED_EDGE('',*,*,#3696,.T.);
#5072=ORIENTED_EDGE('',*,*,#3692,.F.);
#5073=ORIENTED_EDGE('',*,*,#3697,.F.);
#5074=ORIENTED_EDGE('',*,*,#3698,.T.);
#5075=ORIENTED_EDGE('',*,*,#3699,.T.);
#5076=ORIENTED_EDGE('',*,*,#3695,.F.);
#5077=ORIENTED_EDGE('',*,*,#3700,.F.);
#5078=ORIENTED_EDGE('',*,*,#3701,.T.);
#5079=ORIENTED_EDGE('',*,*,#3702,.T.);
#5080=ORIENTED_EDGE('',*,*,#3698,.F.);
#5081=ORIENTED_EDGE('',*,*,#3703,.F.);
#5082=ORIENTED_EDGE('',*,*,#3704,.T.);
#5083=ORIENTED_EDGE('',*,*,#3705,.T.);
#5084=ORIENTED_EDGE('',*,*,#3701,.F.);
#5085=ORIENTED_EDGE('',*,*,#3706,.F.);
#5086=ORIENTED_EDGE('',*,*,#3707,.T.);
#5087=ORIENTED_EDGE('',*,*,#3708,.T.);
#5088=ORIENTED_EDGE('',*,*,#3704,.F.);
#5089=ORIENTED_EDGE('',*,*,#3709,.F.);
#5090=ORIENTED_EDGE('',*,*,#3710,.T.);
#5091=ORIENTED_EDGE('',*,*,#3711,.T.);
#5092=ORIENTED_EDGE('',*,*,#3707,.F.);
#5093=ORIENTED_EDGE('',*,*,#3712,.F.);
#5094=ORIENTED_EDGE('',*,*,#3713,.T.);
#5095=ORIENTED_EDGE('',*,*,#3714,.T.);
#5096=ORIENTED_EDGE('',*,*,#3710,.F.);
#5097=ORIENTED_EDGE('',*,*,#3715,.F.);
#5098=ORIENTED_EDGE('',*,*,#3716,.T.);
#5099=ORIENTED_EDGE('',*,*,#3717,.T.);
#5100=ORIENTED_EDGE('',*,*,#3713,.F.);
#5101=ORIENTED_EDGE('',*,*,#3718,.F.);
#5102=ORIENTED_EDGE('',*,*,#3719,.T.);
#5103=ORIENTED_EDGE('',*,*,#3720,.T.);
#5104=ORIENTED_EDGE('',*,*,#3716,.F.);
#5105=ORIENTED_EDGE('',*,*,#3721,.F.);
#5106=ORIENTED_EDGE('',*,*,#3722,.T.);
#5107=ORIENTED_EDGE('',*,*,#3723,.T.);
#5108=ORIENTED_EDGE('',*,*,#3719,.F.);
#5109=ORIENTED_EDGE('',*,*,#3724,.F.);
#5110=ORIENTED_EDGE('',*,*,#3725,.T.);
#5111=ORIENTED_EDGE('',*,*,#3726,.T.);
#5112=ORIENTED_EDGE('',*,*,#3722,.F.);
#5113=ORIENTED_EDGE('',*,*,#3727,.F.);
#5114=ORIENTED_EDGE('',*,*,#3728,.T.);
#5115=ORIENTED_EDGE('',*,*,#3729,.T.);
#5116=ORIENTED_EDGE('',*,*,#3725,.F.);
#5117=ORIENTED_EDGE('',*,*,#3730,.F.);
#5118=ORIENTED_EDGE('',*,*,#3731,.T.);
#5119=ORIENTED_EDGE('',*,*,#3732,.T.);
#5120=ORIENTED_EDGE('',*,*,#3728,.F.);
#5121=ORIENTED_EDGE('',*,*,#3733,.F.);
#5122=ORIENTED_EDGE('',*,*,#3734,.T.);
#5123=ORIENTED_EDGE('',*,*,#3735,.T.);
#5124=ORIENTED_EDGE('',*,*,#3731,.F.);
#5125=ORIENTED_EDGE('',*,*,#3736,.F.);
#5126=ORIENTED_EDGE('',*,*,#3666,.T.);
#5127=ORIENTED_EDGE('',*,*,#3737,.T.);
#5128=ORIENTED_EDGE('',*,*,#3734,.F.);
#5129=ORIENTED_EDGE('',*,*,#3737,.F.);
#5130=ORIENTED_EDGE('',*,*,#3665,.F.);
#5131=ORIENTED_EDGE('',*,*,#3669,.F.);
#5132=ORIENTED_EDGE('',*,*,#3672,.F.);
#5133=ORIENTED_EDGE('',*,*,#3675,.F.);
#5134=ORIENTED_EDGE('',*,*,#3678,.F.);
#5135=ORIENTED_EDGE('',*,*,#3681,.F.);
#5136=ORIENTED_EDGE('',*,*,#3684,.F.);
#5137=ORIENTED_EDGE('',*,*,#3687,.F.);
#5138=ORIENTED_EDGE('',*,*,#3690,.F.);
#5139=ORIENTED_EDGE('',*,*,#3693,.F.);
#5140=ORIENTED_EDGE('',*,*,#3696,.F.);
#5141=ORIENTED_EDGE('',*,*,#3699,.F.);
#5142=ORIENTED_EDGE('',*,*,#3702,.F.);
#5143=ORIENTED_EDGE('',*,*,#3705,.F.);
#5144=ORIENTED_EDGE('',*,*,#3708,.F.);
#5145=ORIENTED_EDGE('',*,*,#3711,.F.);
#5146=ORIENTED_EDGE('',*,*,#3714,.F.);
#5147=ORIENTED_EDGE('',*,*,#3717,.F.);
#5148=ORIENTED_EDGE('',*,*,#3720,.F.);
#5149=ORIENTED_EDGE('',*,*,#3723,.F.);
#5150=ORIENTED_EDGE('',*,*,#3726,.F.);
#5151=ORIENTED_EDGE('',*,*,#3729,.F.);
#5152=ORIENTED_EDGE('',*,*,#3732,.F.);
#5153=ORIENTED_EDGE('',*,*,#3735,.F.);
#5154=ORIENTED_EDGE('',*,*,#3662,.F.);
#5155=ORIENTED_EDGE('',*,*,#3638,.F.);
#5156=ORIENTED_EDGE('',*,*,#3642,.F.);
#5157=ORIENTED_EDGE('',*,*,#3645,.F.);
#5158=ORIENTED_EDGE('',*,*,#3648,.F.);
#5159=ORIENTED_EDGE('',*,*,#3651,.F.);
#5160=ORIENTED_EDGE('',*,*,#3654,.F.);
#5161=ORIENTED_EDGE('',*,*,#3657,.F.);
#5162=ORIENTED_EDGE('',*,*,#3660,.F.);
#5163=ORIENTED_EDGE('',*,*,#3738,.F.);
#5164=ORIENTED_EDGE('',*,*,#3739,.T.);
#5165=ORIENTED_EDGE('',*,*,#3740,.T.);
#5166=ORIENTED_EDGE('',*,*,#3741,.F.);
#5167=ORIENTED_EDGE('',*,*,#3742,.F.);
#5168=ORIENTED_EDGE('',*,*,#3743,.T.);
#5169=ORIENTED_EDGE('',*,*,#3744,.T.);
#5170=ORIENTED_EDGE('',*,*,#3739,.F.);
#5171=ORIENTED_EDGE('',*,*,#3745,.F.);
#5172=ORIENTED_EDGE('',*,*,#3746,.T.);
#5173=ORIENTED_EDGE('',*,*,#3747,.T.);
#5174=ORIENTED_EDGE('',*,*,#3743,.F.);
#5175=ORIENTED_EDGE('',*,*,#3748,.F.);
#5176=ORIENTED_EDGE('',*,*,#3749,.T.);
#5177=ORIENTED_EDGE('',*,*,#3750,.T.);
#5178=ORIENTED_EDGE('',*,*,#3746,.F.);
#5179=ORIENTED_EDGE('',*,*,#3751,.F.);
#5180=ORIENTED_EDGE('',*,*,#3752,.T.);
#5181=ORIENTED_EDGE('',*,*,#3753,.T.);
#5182=ORIENTED_EDGE('',*,*,#3749,.F.);
#5183=ORIENTED_EDGE('',*,*,#3754,.F.);
#5184=ORIENTED_EDGE('',*,*,#3755,.T.);
#5185=ORIENTED_EDGE('',*,*,#3756,.T.);
#5186=ORIENTED_EDGE('',*,*,#3752,.F.);
#5187=ORIENTED_EDGE('',*,*,#3757,.F.);
#5188=ORIENTED_EDGE('',*,*,#3758,.T.);
#5189=ORIENTED_EDGE('',*,*,#3759,.T.);
#5190=ORIENTED_EDGE('',*,*,#3755,.F.);
#5191=ORIENTED_EDGE('',*,*,#3760,.F.);
#5192=ORIENTED_EDGE('',*,*,#3761,.T.);
#5193=ORIENTED_EDGE('',*,*,#3762,.T.);
#5194=ORIENTED_EDGE('',*,*,#3758,.F.);
#5195=ORIENTED_EDGE('',*,*,#3763,.F.);
#5196=ORIENTED_EDGE('',*,*,#3764,.T.);
#5197=ORIENTED_EDGE('',*,*,#3765,.T.);
#5198=ORIENTED_EDGE('',*,*,#3761,.F.);
#5199=ORIENTED_EDGE('',*,*,#3766,.F.);
#5200=ORIENTED_EDGE('',*,*,#3741,.T.);
#5201=ORIENTED_EDGE('',*,*,#3767,.T.);
#5202=ORIENTED_EDGE('',*,*,#3764,.F.);
#5203=ORIENTED_EDGE('',*,*,#3767,.F.);
#5204=ORIENTED_EDGE('',*,*,#3740,.F.);
#5205=ORIENTED_EDGE('',*,*,#3744,.F.);
#5206=ORIENTED_EDGE('',*,*,#3747,.F.);
#5207=ORIENTED_EDGE('',*,*,#3750,.F.);
#5208=ORIENTED_EDGE('',*,*,#3753,.F.);
#5209=ORIENTED_EDGE('',*,*,#3756,.F.);
#5210=ORIENTED_EDGE('',*,*,#3759,.F.);
#5211=ORIENTED_EDGE('',*,*,#3762,.F.);
#5212=ORIENTED_EDGE('',*,*,#3765,.F.);
#5213=ORIENTED_EDGE('',*,*,#3768,.F.);
#5214=ORIENTED_EDGE('',*,*,#3769,.T.);
#5215=ORIENTED_EDGE('',*,*,#3770,.T.);
#5216=ORIENTED_EDGE('',*,*,#3771,.F.);
#5217=ORIENTED_EDGE('',*,*,#3772,.F.);
#5218=ORIENTED_EDGE('',*,*,#3773,.T.);
#5219=ORIENTED_EDGE('',*,*,#3774,.T.);
#5220=ORIENTED_EDGE('',*,*,#3769,.F.);
#5221=ORIENTED_EDGE('',*,*,#3775,.F.);
#5222=ORIENTED_EDGE('',*,*,#3776,.T.);
#5223=ORIENTED_EDGE('',*,*,#3777,.T.);
#5224=ORIENTED_EDGE('',*,*,#3773,.F.);
#5225=ORIENTED_EDGE('',*,*,#3778,.F.);
#5226=ORIENTED_EDGE('',*,*,#3779,.T.);
#5227=ORIENTED_EDGE('',*,*,#3780,.T.);
#5228=ORIENTED_EDGE('',*,*,#3776,.F.);
#5229=ORIENTED_EDGE('',*,*,#3781,.F.);
#5230=ORIENTED_EDGE('',*,*,#3782,.T.);
#5231=ORIENTED_EDGE('',*,*,#3783,.T.);
#5232=ORIENTED_EDGE('',*,*,#3779,.F.);
#5233=ORIENTED_EDGE('',*,*,#3784,.F.);
#5234=ORIENTED_EDGE('',*,*,#3785,.T.);
#5235=ORIENTED_EDGE('',*,*,#3786,.T.);
#5236=ORIENTED_EDGE('',*,*,#3782,.F.);
#5237=ORIENTED_EDGE('',*,*,#3787,.F.);
#5238=ORIENTED_EDGE('',*,*,#3788,.T.);
#5239=ORIENTED_EDGE('',*,*,#3789,.T.);
#5240=ORIENTED_EDGE('',*,*,#3785,.F.);
#5241=ORIENTED_EDGE('',*,*,#3790,.F.);
#5242=ORIENTED_EDGE('',*,*,#3771,.T.);
#5243=ORIENTED_EDGE('',*,*,#3791,.T.);
#5244=ORIENTED_EDGE('',*,*,#3788,.F.);
#5245=ORIENTED_EDGE('',*,*,#3792,.F.);
#5246=ORIENTED_EDGE('',*,*,#3793,.T.);
#5247=ORIENTED_EDGE('',*,*,#3794,.T.);
#5248=ORIENTED_EDGE('',*,*,#3795,.F.);
#5249=ORIENTED_EDGE('',*,*,#3796,.F.);
#5250=ORIENTED_EDGE('',*,*,#3797,.T.);
#5251=ORIENTED_EDGE('',*,*,#3798,.T.);
#5252=ORIENTED_EDGE('',*,*,#3793,.F.);
#5253=ORIENTED_EDGE('',*,*,#3799,.F.);
#5254=ORIENTED_EDGE('',*,*,#3800,.T.);
#5255=ORIENTED_EDGE('',*,*,#3801,.T.);
#5256=ORIENTED_EDGE('',*,*,#3797,.F.);
#5257=ORIENTED_EDGE('',*,*,#3802,.F.);
#5258=ORIENTED_EDGE('',*,*,#3803,.T.);
#5259=ORIENTED_EDGE('',*,*,#3804,.T.);
#5260=ORIENTED_EDGE('',*,*,#3800,.F.);
#5261=ORIENTED_EDGE('',*,*,#3805,.F.);
#5262=ORIENTED_EDGE('',*,*,#3806,.T.);
#5263=ORIENTED_EDGE('',*,*,#3807,.T.);
#5264=ORIENTED_EDGE('',*,*,#3803,.F.);
#5265=ORIENTED_EDGE('',*,*,#3808,.F.);
#5266=ORIENTED_EDGE('',*,*,#3809,.T.);
#5267=ORIENTED_EDGE('',*,*,#3810,.T.);
#5268=ORIENTED_EDGE('',*,*,#3806,.F.);
#5269=ORIENTED_EDGE('',*,*,#3811,.F.);
#5270=ORIENTED_EDGE('',*,*,#3812,.T.);
#5271=ORIENTED_EDGE('',*,*,#3813,.T.);
#5272=ORIENTED_EDGE('',*,*,#3809,.F.);
#5273=ORIENTED_EDGE('',*,*,#3814,.F.);
#5274=ORIENTED_EDGE('',*,*,#3815,.T.);
#5275=ORIENTED_EDGE('',*,*,#3816,.T.);
#5276=ORIENTED_EDGE('',*,*,#3812,.F.);
#5277=ORIENTED_EDGE('',*,*,#3817,.F.);
#5278=ORIENTED_EDGE('',*,*,#3818,.T.);
#5279=ORIENTED_EDGE('',*,*,#3819,.T.);
#5280=ORIENTED_EDGE('',*,*,#3815,.F.);
#5281=ORIENTED_EDGE('',*,*,#3820,.F.);
#5282=ORIENTED_EDGE('',*,*,#3795,.T.);
#5283=ORIENTED_EDGE('',*,*,#3821,.T.);
#5284=ORIENTED_EDGE('',*,*,#3818,.F.);
#5285=ORIENTED_EDGE('',*,*,#3821,.F.);
#5286=ORIENTED_EDGE('',*,*,#3794,.F.);
#5287=ORIENTED_EDGE('',*,*,#3798,.F.);
#5288=ORIENTED_EDGE('',*,*,#3801,.F.);
#5289=ORIENTED_EDGE('',*,*,#3804,.F.);
#5290=ORIENTED_EDGE('',*,*,#3807,.F.);
#5291=ORIENTED_EDGE('',*,*,#3810,.F.);
#5292=ORIENTED_EDGE('',*,*,#3813,.F.);
#5293=ORIENTED_EDGE('',*,*,#3816,.F.);
#5294=ORIENTED_EDGE('',*,*,#3819,.F.);
#5295=ORIENTED_EDGE('',*,*,#3791,.F.);
#5296=ORIENTED_EDGE('',*,*,#3770,.F.);
#5297=ORIENTED_EDGE('',*,*,#3774,.F.);
#5298=ORIENTED_EDGE('',*,*,#3777,.F.);
#5299=ORIENTED_EDGE('',*,*,#3780,.F.);
#5300=ORIENTED_EDGE('',*,*,#3783,.F.);
#5301=ORIENTED_EDGE('',*,*,#3786,.F.);
#5302=ORIENTED_EDGE('',*,*,#3789,.F.);
#5303=ORIENTED_EDGE('',*,*,#3822,.F.);
#5304=ORIENTED_EDGE('',*,*,#3823,.T.);
#5305=ORIENTED_EDGE('',*,*,#3824,.T.);
#5306=ORIENTED_EDGE('',*,*,#3825,.F.);
#5307=ORIENTED_EDGE('',*,*,#3826,.F.);
#5308=ORIENTED_EDGE('',*,*,#3827,.T.);
#5309=ORIENTED_EDGE('',*,*,#3828,.T.);
#5310=ORIENTED_EDGE('',*,*,#3823,.F.);
#5311=ORIENTED_EDGE('',*,*,#3829,.F.);
#5312=ORIENTED_EDGE('',*,*,#3830,.T.);
#5313=ORIENTED_EDGE('',*,*,#3831,.T.);
#5314=ORIENTED_EDGE('',*,*,#3827,.F.);
#5315=ORIENTED_EDGE('',*,*,#3832,.F.);
#5316=ORIENTED_EDGE('',*,*,#3833,.T.);
#5317=ORIENTED_EDGE('',*,*,#3834,.T.);
#5318=ORIENTED_EDGE('',*,*,#3830,.F.);
#5319=ORIENTED_EDGE('',*,*,#3835,.F.);
#5320=ORIENTED_EDGE('',*,*,#3836,.T.);
#5321=ORIENTED_EDGE('',*,*,#3837,.T.);
#5322=ORIENTED_EDGE('',*,*,#3833,.F.);
#5323=ORIENTED_EDGE('',*,*,#3838,.F.);
#5324=ORIENTED_EDGE('',*,*,#3839,.T.);
#5325=ORIENTED_EDGE('',*,*,#3840,.T.);
#5326=ORIENTED_EDGE('',*,*,#3836,.F.);
#5327=ORIENTED_EDGE('',*,*,#3841,.F.);
#5328=ORIENTED_EDGE('',*,*,#3842,.T.);
#5329=ORIENTED_EDGE('',*,*,#3843,.T.);
#5330=ORIENTED_EDGE('',*,*,#3839,.F.);
#5331=ORIENTED_EDGE('',*,*,#3844,.F.);
#5332=ORIENTED_EDGE('',*,*,#3845,.T.);
#5333=ORIENTED_EDGE('',*,*,#3846,.T.);
#5334=ORIENTED_EDGE('',*,*,#3842,.F.);
#5335=ORIENTED_EDGE('',*,*,#3847,.F.);
#5336=ORIENTED_EDGE('',*,*,#3848,.T.);
#5337=ORIENTED_EDGE('',*,*,#3849,.T.);
#5338=ORIENTED_EDGE('',*,*,#3845,.F.);
#5339=ORIENTED_EDGE('',*,*,#3850,.F.);
#5340=ORIENTED_EDGE('',*,*,#3825,.T.);
#5341=ORIENTED_EDGE('',*,*,#3851,.T.);
#5342=ORIENTED_EDGE('',*,*,#3848,.F.);
#5343=ORIENTED_EDGE('',*,*,#3851,.F.);
#5344=ORIENTED_EDGE('',*,*,#3824,.F.);
#5345=ORIENTED_EDGE('',*,*,#3828,.F.);
#5346=ORIENTED_EDGE('',*,*,#3831,.F.);
#5347=ORIENTED_EDGE('',*,*,#3834,.F.);
#5348=ORIENTED_EDGE('',*,*,#3837,.F.);
#5349=ORIENTED_EDGE('',*,*,#3840,.F.);
#5350=ORIENTED_EDGE('',*,*,#3843,.F.);
#5351=ORIENTED_EDGE('',*,*,#3846,.F.);
#5352=ORIENTED_EDGE('',*,*,#3849,.F.);
#5353=ORIENTED_EDGE('',*,*,#3768,.T.);
#5354=ORIENTED_EDGE('',*,*,#3790,.T.);
#5355=ORIENTED_EDGE('',*,*,#3787,.T.);
#5356=ORIENTED_EDGE('',*,*,#3784,.T.);
#5357=ORIENTED_EDGE('',*,*,#3781,.T.);
#5358=ORIENTED_EDGE('',*,*,#3778,.T.);
#5359=ORIENTED_EDGE('',*,*,#3775,.T.);
#5360=ORIENTED_EDGE('',*,*,#3772,.T.);
#5361=ORIENTED_EDGE('',*,*,#3636,.T.);
#5362=ORIENTED_EDGE('',*,*,#3661,.T.);
#5363=ORIENTED_EDGE('',*,*,#3658,.T.);
#5364=ORIENTED_EDGE('',*,*,#3655,.T.);
#5365=ORIENTED_EDGE('',*,*,#3652,.T.);
#5366=ORIENTED_EDGE('',*,*,#3649,.T.);
#5367=ORIENTED_EDGE('',*,*,#3646,.T.);
#5368=ORIENTED_EDGE('',*,*,#3643,.T.);
#5369=ORIENTED_EDGE('',*,*,#3640,.T.);
#5370=ORIENTED_EDGE('',*,*,#3504,.T.);
#5371=ORIENTED_EDGE('',*,*,#3526,.T.);
#5372=ORIENTED_EDGE('',*,*,#3523,.T.);
#5373=ORIENTED_EDGE('',*,*,#3520,.T.);
#5374=ORIENTED_EDGE('',*,*,#3517,.T.);
#5375=ORIENTED_EDGE('',*,*,#3514,.T.);
#5376=ORIENTED_EDGE('',*,*,#3511,.T.);
#5377=ORIENTED_EDGE('',*,*,#3508,.T.);
#5378=ORIENTED_EDGE('',*,*,#3411,.T.);
#5379=ORIENTED_EDGE('',*,*,#3433,.T.);
#5380=ORIENTED_EDGE('',*,*,#3430,.T.);
#5381=ORIENTED_EDGE('',*,*,#3427,.T.);
#5382=ORIENTED_EDGE('',*,*,#3424,.T.);
#5383=ORIENTED_EDGE('',*,*,#3421,.T.);
#5384=ORIENTED_EDGE('',*,*,#3418,.T.);
#5385=ORIENTED_EDGE('',*,*,#3415,.T.);
#5386=ORIENTED_EDGE('',*,*,#3354,.T.);
#5387=ORIENTED_EDGE('',*,*,#3367,.T.);
#5388=ORIENTED_EDGE('',*,*,#3364,.T.);
#5389=ORIENTED_EDGE('',*,*,#3361,.T.);
#5390=ORIENTED_EDGE('',*,*,#3358,.T.);
#5391=ORIENTED_EDGE('',*,*,#3237,.T.);
#5392=ORIENTED_EDGE('',*,*,#3259,.T.);
#5393=ORIENTED_EDGE('',*,*,#3256,.T.);
#5394=ORIENTED_EDGE('',*,*,#3253,.T.);
#5395=ORIENTED_EDGE('',*,*,#3250,.T.);
#5396=ORIENTED_EDGE('',*,*,#3247,.T.);
#5397=ORIENTED_EDGE('',*,*,#3244,.T.);
#5398=ORIENTED_EDGE('',*,*,#3241,.T.);
#5399=ORIENTED_EDGE('',*,*,#3009,.T.);
#5400=ORIENTED_EDGE('',*,*,#3031,.T.);
#5401=ORIENTED_EDGE('',*,*,#3028,.T.);
#5402=ORIENTED_EDGE('',*,*,#3025,.T.);
#5403=ORIENTED_EDGE('',*,*,#3022,.T.);
#5404=ORIENTED_EDGE('',*,*,#3019,.T.);
#5405=ORIENTED_EDGE('',*,*,#3016,.T.);
#5406=ORIENTED_EDGE('',*,*,#3013,.T.);
#5407=ORIENTED_EDGE('',*,*,#3852,.T.);
#5408=ORIENTED_EDGE('',*,*,#3853,.T.);
#5409=ORIENTED_EDGE('',*,*,#3854,.T.);
#5410=ORIENTED_EDGE('',*,*,#3855,.T.);
#5411=ORIENTED_EDGE('',*,*,#3852,.F.);
#5412=ORIENTED_EDGE('',*,*,#3856,.T.);
#5413=ORIENTED_EDGE('',*,*,#3857,.F.);
#5414=ORIENTED_EDGE('',*,*,#3858,.T.);
#5415=ORIENTED_EDGE('',*,*,#3859,.F.);
#5416=ORIENTED_EDGE('',*,*,#3860,.T.);
#5417=ORIENTED_EDGE('',*,*,#3861,.F.);
#5418=ORIENTED_EDGE('',*,*,#3862,.T.);
#5419=ORIENTED_EDGE('',*,*,#3863,.T.);
#5420=ORIENTED_EDGE('',*,*,#3864,.T.);
#5421=ORIENTED_EDGE('',*,*,#3865,.T.);
#5422=ORIENTED_EDGE('',*,*,#3866,.T.);
#5423=ORIENTED_EDGE('',*,*,#3867,.T.);
#5424=ORIENTED_EDGE('',*,*,#3868,.T.);
#5425=ORIENTED_EDGE('',*,*,#3869,.T.);
#5426=ORIENTED_EDGE('',*,*,#3870,.T.);
#5427=ORIENTED_EDGE('',*,*,#3871,.T.);
#5428=ORIENTED_EDGE('',*,*,#3872,.T.);
#5429=ORIENTED_EDGE('',*,*,#3873,.T.);
#5430=ORIENTED_EDGE('',*,*,#3874,.T.);
#5431=ORIENTED_EDGE('',*,*,#3822,.T.);
#5432=ORIENTED_EDGE('',*,*,#3850,.T.);
#5433=ORIENTED_EDGE('',*,*,#3847,.T.);
#5434=ORIENTED_EDGE('',*,*,#3844,.T.);
#5435=ORIENTED_EDGE('',*,*,#3841,.T.);
#5436=ORIENTED_EDGE('',*,*,#3838,.T.);
#5437=ORIENTED_EDGE('',*,*,#3835,.T.);
#5438=ORIENTED_EDGE('',*,*,#3832,.T.);
#5439=ORIENTED_EDGE('',*,*,#3829,.T.);
#5440=ORIENTED_EDGE('',*,*,#3826,.T.);
#5441=ORIENTED_EDGE('',*,*,#3792,.T.);
#5442=ORIENTED_EDGE('',*,*,#3820,.T.);
#5443=ORIENTED_EDGE('',*,*,#3817,.T.);
#5444=ORIENTED_EDGE('',*,*,#3814,.T.);
#5445=ORIENTED_EDGE('',*,*,#3811,.T.);
#5446=ORIENTED_EDGE('',*,*,#3808,.T.);
#5447=ORIENTED_EDGE('',*,*,#3805,.T.);
#5448=ORIENTED_EDGE('',*,*,#3802,.T.);
#5449=ORIENTED_EDGE('',*,*,#3799,.T.);
#5450=ORIENTED_EDGE('',*,*,#3796,.T.);
#5451=ORIENTED_EDGE('',*,*,#3738,.T.);
#5452=ORIENTED_EDGE('',*,*,#3766,.T.);
#5453=ORIENTED_EDGE('',*,*,#3763,.T.);
#5454=ORIENTED_EDGE('',*,*,#3760,.T.);
#5455=ORIENTED_EDGE('',*,*,#3757,.T.);
#5456=ORIENTED_EDGE('',*,*,#3754,.T.);
#5457=ORIENTED_EDGE('',*,*,#3751,.T.);
#5458=ORIENTED_EDGE('',*,*,#3748,.T.);
#5459=ORIENTED_EDGE('',*,*,#3745,.T.);
#5460=ORIENTED_EDGE('',*,*,#3742,.T.);
#5461=ORIENTED_EDGE('',*,*,#3663,.T.);
#5462=ORIENTED_EDGE('',*,*,#3736,.T.);
#5463=ORIENTED_EDGE('',*,*,#3733,.T.);
#5464=ORIENTED_EDGE('',*,*,#3730,.T.);
#5465=ORIENTED_EDGE('',*,*,#3727,.T.);
#5466=ORIENTED_EDGE('',*,*,#3724,.T.);
#5467=ORIENTED_EDGE('',*,*,#3721,.T.);
#5468=ORIENTED_EDGE('',*,*,#3718,.T.);
#5469=ORIENTED_EDGE('',*,*,#3715,.T.);
#5470=ORIENTED_EDGE('',*,*,#3712,.T.);
#5471=ORIENTED_EDGE('',*,*,#3709,.T.);
#5472=ORIENTED_EDGE('',*,*,#3706,.T.);
#5473=ORIENTED_EDGE('',*,*,#3703,.T.);
#5474=ORIENTED_EDGE('',*,*,#3700,.T.);
#5475=ORIENTED_EDGE('',*,*,#3697,.T.);
#5476=ORIENTED_EDGE('',*,*,#3694,.T.);
#5477=ORIENTED_EDGE('',*,*,#3691,.T.);
#5478=ORIENTED_EDGE('',*,*,#3688,.T.);
#5479=ORIENTED_EDGE('',*,*,#3685,.T.);
#5480=ORIENTED_EDGE('',*,*,#3682,.T.);
#5481=ORIENTED_EDGE('',*,*,#3679,.T.);
#5482=ORIENTED_EDGE('',*,*,#3676,.T.);
#5483=ORIENTED_EDGE('',*,*,#3673,.T.);
#5484=ORIENTED_EDGE('',*,*,#3670,.T.);
#5485=ORIENTED_EDGE('',*,*,#3667,.T.);
#5486=ORIENTED_EDGE('',*,*,#3558,.T.);
#5487=ORIENTED_EDGE('',*,*,#3634,.T.);
#5488=ORIENTED_EDGE('',*,*,#3631,.T.);
#5489=ORIENTED_EDGE('',*,*,#3628,.T.);
#5490=ORIENTED_EDGE('',*,*,#3625,.T.);
#5491=ORIENTED_EDGE('',*,*,#3622,.T.);
#5492=ORIENTED_EDGE('',*,*,#3619,.T.);
#5493=ORIENTED_EDGE('',*,*,#3616,.T.);
#5494=ORIENTED_EDGE('',*,*,#3613,.T.);
#5495=ORIENTED_EDGE('',*,*,#3610,.T.);
#5496=ORIENTED_EDGE('',*,*,#3607,.T.);
#5497=ORIENTED_EDGE('',*,*,#3604,.T.);
#5498=ORIENTED_EDGE('',*,*,#3601,.T.);
#5499=ORIENTED_EDGE('',*,*,#3598,.T.);
#5500=ORIENTED_EDGE('',*,*,#3595,.T.);
#5501=ORIENTED_EDGE('',*,*,#3592,.T.);
#5502=ORIENTED_EDGE('',*,*,#3589,.T.);
#5503=ORIENTED_EDGE('',*,*,#3586,.T.);
#5504=ORIENTED_EDGE('',*,*,#3583,.T.);
#5505=ORIENTED_EDGE('',*,*,#3580,.T.);
#5506=ORIENTED_EDGE('',*,*,#3577,.T.);
#5507=ORIENTED_EDGE('',*,*,#3574,.T.);
#5508=ORIENTED_EDGE('',*,*,#3571,.T.);
#5509=ORIENTED_EDGE('',*,*,#3568,.T.);
#5510=ORIENTED_EDGE('',*,*,#3565,.T.);
#5511=ORIENTED_EDGE('',*,*,#3562,.T.);
#5512=ORIENTED_EDGE('',*,*,#3528,.T.);
#5513=ORIENTED_EDGE('',*,*,#3556,.T.);
#5514=ORIENTED_EDGE('',*,*,#3553,.T.);
#5515=ORIENTED_EDGE('',*,*,#3550,.T.);
#5516=ORIENTED_EDGE('',*,*,#3547,.T.);
#5517=ORIENTED_EDGE('',*,*,#3544,.T.);
#5518=ORIENTED_EDGE('',*,*,#3541,.T.);
#5519=ORIENTED_EDGE('',*,*,#3538,.T.);
#5520=ORIENTED_EDGE('',*,*,#3535,.T.);
#5521=ORIENTED_EDGE('',*,*,#3532,.T.);
#5522=ORIENTED_EDGE('',*,*,#3435,.T.);
#5523=ORIENTED_EDGE('',*,*,#3502,.T.);
#5524=ORIENTED_EDGE('',*,*,#3499,.T.);
#5525=ORIENTED_EDGE('',*,*,#3496,.T.);
#5526=ORIENTED_EDGE('',*,*,#3493,.T.);
#5527=ORIENTED_EDGE('',*,*,#3490,.T.);
#5528=ORIENTED_EDGE('',*,*,#3487,.T.);
#5529=ORIENTED_EDGE('',*,*,#3484,.T.);
#5530=ORIENTED_EDGE('',*,*,#3481,.T.);
#5531=ORIENTED_EDGE('',*,*,#3478,.T.);
#5532=ORIENTED_EDGE('',*,*,#3475,.T.);
#5533=ORIENTED_EDGE('',*,*,#3472,.T.);
#5534=ORIENTED_EDGE('',*,*,#3469,.T.);
#5535=ORIENTED_EDGE('',*,*,#3466,.T.);
#5536=ORIENTED_EDGE('',*,*,#3463,.T.);
#5537=ORIENTED_EDGE('',*,*,#3460,.T.);
#5538=ORIENTED_EDGE('',*,*,#3457,.T.);
#5539=ORIENTED_EDGE('',*,*,#3454,.T.);
#5540=ORIENTED_EDGE('',*,*,#3451,.T.);
#5541=ORIENTED_EDGE('',*,*,#3448,.T.);
#5542=ORIENTED_EDGE('',*,*,#3445,.T.);
#5543=ORIENTED_EDGE('',*,*,#3442,.T.);
#5544=ORIENTED_EDGE('',*,*,#3439,.T.);
#5545=ORIENTED_EDGE('',*,*,#3369,.T.);
#5546=ORIENTED_EDGE('',*,*,#3409,.T.);
#5547=ORIENTED_EDGE('',*,*,#3406,.T.);
#5548=ORIENTED_EDGE('',*,*,#3403,.T.);
#5549=ORIENTED_EDGE('',*,*,#3400,.T.);
#5550=ORIENTED_EDGE('',*,*,#3397,.T.);
#5551=ORIENTED_EDGE('',*,*,#3394,.T.);
#5552=ORIENTED_EDGE('',*,*,#3391,.T.);
#5553=ORIENTED_EDGE('',*,*,#3388,.T.);
#5554=ORIENTED_EDGE('',*,*,#3385,.T.);
#5555=ORIENTED_EDGE('',*,*,#3382,.T.);
#5556=ORIENTED_EDGE('',*,*,#3379,.T.);
#5557=ORIENTED_EDGE('',*,*,#3376,.T.);
#5558=ORIENTED_EDGE('',*,*,#3373,.T.);
#5559=ORIENTED_EDGE('',*,*,#3342,.T.);
#5560=ORIENTED_EDGE('',*,*,#3352,.T.);
#5561=ORIENTED_EDGE('',*,*,#3349,.T.);
#5562=ORIENTED_EDGE('',*,*,#3346,.T.);
#5563=ORIENTED_EDGE('',*,*,#3330,.T.);
#5564=ORIENTED_EDGE('',*,*,#3340,.T.);
#5565=ORIENTED_EDGE('',*,*,#3337,.T.);
#5566=ORIENTED_EDGE('',*,*,#3334,.T.);
#5567=ORIENTED_EDGE('',*,*,#3261,.T.);
#5568=ORIENTED_EDGE('',*,*,#3328,.T.);
#5569=ORIENTED_EDGE('',*,*,#3325,.T.);
#5570=ORIENTED_EDGE('',*,*,#3322,.T.);
#5571=ORIENTED_EDGE('',*,*,#3319,.T.);
#5572=ORIENTED_EDGE('',*,*,#3316,.T.);
#5573=ORIENTED_EDGE('',*,*,#3313,.T.);
#5574=ORIENTED_EDGE('',*,*,#3310,.T.);
#5575=ORIENTED_EDGE('',*,*,#3307,.T.);
#5576=ORIENTED_EDGE('',*,*,#3304,.T.);
#5577=ORIENTED_EDGE('',*,*,#3301,.T.);
#5578=ORIENTED_EDGE('',*,*,#3298,.T.);
#5579=ORIENTED_EDGE('',*,*,#3295,.T.);
#5580=ORIENTED_EDGE('',*,*,#3292,.T.);
#5581=ORIENTED_EDGE('',*,*,#3289,.T.);
#5582=ORIENTED_EDGE('',*,*,#3286,.T.);
#5583=ORIENTED_EDGE('',*,*,#3283,.T.);
#5584=ORIENTED_EDGE('',*,*,#3280,.T.);
#5585=ORIENTED_EDGE('',*,*,#3277,.T.);
#5586=ORIENTED_EDGE('',*,*,#3274,.T.);
#5587=ORIENTED_EDGE('',*,*,#3271,.T.);
#5588=ORIENTED_EDGE('',*,*,#3268,.T.);
#5589=ORIENTED_EDGE('',*,*,#3265,.T.);
#5590=ORIENTED_EDGE('',*,*,#3225,.T.);
#5591=ORIENTED_EDGE('',*,*,#3235,.T.);
#5592=ORIENTED_EDGE('',*,*,#3232,.T.);
#5593=ORIENTED_EDGE('',*,*,#3229,.T.);
#5594=ORIENTED_EDGE('',*,*,#3186,.T.);
#5595=ORIENTED_EDGE('',*,*,#3223,.T.);
#5596=ORIENTED_EDGE('',*,*,#3220,.T.);
#5597=ORIENTED_EDGE('',*,*,#3217,.T.);
#5598=ORIENTED_EDGE('',*,*,#3214,.T.);
#5599=ORIENTED_EDGE('',*,*,#3211,.T.);
#5600=ORIENTED_EDGE('',*,*,#3208,.T.);
#5601=ORIENTED_EDGE('',*,*,#3205,.T.);
#5602=ORIENTED_EDGE('',*,*,#3202,.T.);
#5603=ORIENTED_EDGE('',*,*,#3199,.T.);
#5604=ORIENTED_EDGE('',*,*,#3196,.T.);
#5605=ORIENTED_EDGE('',*,*,#3193,.T.);
#5606=ORIENTED_EDGE('',*,*,#3190,.T.);
#5607=ORIENTED_EDGE('',*,*,#3129,.T.);
#5608=ORIENTED_EDGE('',*,*,#3184,.T.);
#5609=ORIENTED_EDGE('',*,*,#3181,.T.);
#5610=ORIENTED_EDGE('',*,*,#3178,.T.);
#5611=ORIENTED_EDGE('',*,*,#3175,.T.);
#5612=ORIENTED_EDGE('',*,*,#3172,.T.);
#5613=ORIENTED_EDGE('',*,*,#3169,.T.);
#5614=ORIENTED_EDGE('',*,*,#3166,.T.);
#5615=ORIENTED_EDGE('',*,*,#3163,.T.);
#5616=ORIENTED_EDGE('',*,*,#3160,.T.);
#5617=ORIENTED_EDGE('',*,*,#3157,.T.);
#5618=ORIENTED_EDGE('',*,*,#3154,.T.);
#5619=ORIENTED_EDGE('',*,*,#3151,.T.);
#5620=ORIENTED_EDGE('',*,*,#3148,.T.);
#5621=ORIENTED_EDGE('',*,*,#3145,.T.);
#5622=ORIENTED_EDGE('',*,*,#3142,.T.);
#5623=ORIENTED_EDGE('',*,*,#3139,.T.);
#5624=ORIENTED_EDGE('',*,*,#3136,.T.);
#5625=ORIENTED_EDGE('',*,*,#3133,.T.);
#5626=ORIENTED_EDGE('',*,*,#3093,.T.);
#5627=ORIENTED_EDGE('',*,*,#3127,.T.);
#5628=ORIENTED_EDGE('',*,*,#3124,.T.);
#5629=ORIENTED_EDGE('',*,*,#3121,.T.);
#5630=ORIENTED_EDGE('',*,*,#3118,.T.);
#5631=ORIENTED_EDGE('',*,*,#3115,.T.);
#5632=ORIENTED_EDGE('',*,*,#3112,.T.);
#5633=ORIENTED_EDGE('',*,*,#3109,.T.);
#5634=ORIENTED_EDGE('',*,*,#3106,.T.);
#5635=ORIENTED_EDGE('',*,*,#3103,.T.);
#5636=ORIENTED_EDGE('',*,*,#3100,.T.);
#5637=ORIENTED_EDGE('',*,*,#3097,.T.);
#5638=ORIENTED_EDGE('',*,*,#3063,.T.);
#5639=ORIENTED_EDGE('',*,*,#3091,.T.);
#5640=ORIENTED_EDGE('',*,*,#3088,.T.);
#5641=ORIENTED_EDGE('',*,*,#3085,.T.);
#5642=ORIENTED_EDGE('',*,*,#3082,.T.);
#5643=ORIENTED_EDGE('',*,*,#3079,.T.);
#5644=ORIENTED_EDGE('',*,*,#3076,.T.);
#5645=ORIENTED_EDGE('',*,*,#3073,.T.);
#5646=ORIENTED_EDGE('',*,*,#3070,.T.);
#5647=ORIENTED_EDGE('',*,*,#3067,.T.);
#5648=ORIENTED_EDGE('',*,*,#3033,.T.);
#5649=ORIENTED_EDGE('',*,*,#3061,.T.);
#5650=ORIENTED_EDGE('',*,*,#3058,.T.);
#5651=ORIENTED_EDGE('',*,*,#3055,.T.);
#5652=ORIENTED_EDGE('',*,*,#3052,.T.);
#5653=ORIENTED_EDGE('',*,*,#3049,.T.);
#5654=ORIENTED_EDGE('',*,*,#3046,.T.);
#5655=ORIENTED_EDGE('',*,*,#3043,.T.);
#5656=ORIENTED_EDGE('',*,*,#3040,.T.);
#5657=ORIENTED_EDGE('',*,*,#3037,.T.);
#5658=ORIENTED_EDGE('',*,*,#3855,.F.);
#5659=ORIENTED_EDGE('',*,*,#3875,.F.);
#5660=ORIENTED_EDGE('',*,*,#3876,.F.);
#5661=ORIENTED_EDGE('',*,*,#3856,.F.);
#5662=ORIENTED_EDGE('',*,*,#3857,.T.);
#5663=ORIENTED_EDGE('',*,*,#3876,.T.);
#5664=ORIENTED_EDGE('',*,*,#3877,.T.);
#5665=ORIENTED_EDGE('',*,*,#3878,.T.);
#5666=ORIENTED_EDGE('',*,*,#3879,.T.);
#5667=ORIENTED_EDGE('',*,*,#3880,.T.);
#5668=ORIENTED_EDGE('',*,*,#3861,.T.);
#5669=ORIENTED_EDGE('',*,*,#3881,.T.);
#5670=ORIENTED_EDGE('',*,*,#3881,.F.);
#5671=ORIENTED_EDGE('',*,*,#3860,.F.);
#5672=ORIENTED_EDGE('',*,*,#3882,.F.);
#5673=ORIENTED_EDGE('',*,*,#3883,.F.);
#5674=ORIENTED_EDGE('',*,*,#3859,.T.);
#5675=ORIENTED_EDGE('',*,*,#3884,.T.);
#5676=ORIENTED_EDGE('',*,*,#3885,.T.);
#5677=ORIENTED_EDGE('',*,*,#3882,.T.);
#5678=ORIENTED_EDGE('',*,*,#3878,.F.);
#5679=ORIENTED_EDGE('',*,*,#3886,.F.);
#5680=ORIENTED_EDGE('',*,*,#3884,.F.);
#5681=ORIENTED_EDGE('',*,*,#3858,.F.);
#5682=ORIENTED_EDGE('',*,*,#3887,.F.);
#5683=ORIENTED_EDGE('',*,*,#3888,.T.);
#5684=ORIENTED_EDGE('',*,*,#3889,.F.);
#5685=ORIENTED_EDGE('',*,*,#3890,.F.);
#5686=ORIENTED_EDGE('',*,*,#3891,.F.);
#5687=ORIENTED_EDGE('',*,*,#3890,.T.);
#5688=ORIENTED_EDGE('',*,*,#3892,.F.);
#5689=ORIENTED_EDGE('',*,*,#3893,.F.);
#5690=ORIENTED_EDGE('',*,*,#3894,.F.);
#5691=ORIENTED_EDGE('',*,*,#3893,.T.);
#5692=ORIENTED_EDGE('',*,*,#3895,.F.);
#5693=ORIENTED_EDGE('',*,*,#3896,.F.);
#5694=ORIENTED_EDGE('',*,*,#3897,.F.);
#5695=ORIENTED_EDGE('',*,*,#3896,.T.);
#5696=ORIENTED_EDGE('',*,*,#3898,.F.);
#5697=ORIENTED_EDGE('',*,*,#3888,.F.);
#5698=ORIENTED_EDGE('',*,*,#3898,.T.);
#5699=ORIENTED_EDGE('',*,*,#3895,.T.);
#5700=ORIENTED_EDGE('',*,*,#3892,.T.);
#5701=ORIENTED_EDGE('',*,*,#3889,.T.);
#5702=ORIENTED_EDGE('',*,*,#3899,.T.);
#5703=ORIENTED_EDGE('',*,*,#3900,.T.);
#5704=ORIENTED_EDGE('',*,*,#3901,.T.);
#5705=ORIENTED_EDGE('',*,*,#3902,.T.);
#5706=ORIENTED_EDGE('',*,*,#3903,.T.);
#5707=ORIENTED_EDGE('',*,*,#3904,.T.);
#5708=ORIENTED_EDGE('',*,*,#3905,.T.);
#5709=ORIENTED_EDGE('',*,*,#3906,.T.);
#5710=ORIENTED_EDGE('',*,*,#3907,.T.);
#5711=ORIENTED_EDGE('',*,*,#3908,.T.);
#5712=ORIENTED_EDGE('',*,*,#3909,.T.);
#5713=ORIENTED_EDGE('',*,*,#3910,.T.);
#5714=ORIENTED_EDGE('',*,*,#3887,.T.);
#5715=ORIENTED_EDGE('',*,*,#3891,.T.);
#5716=ORIENTED_EDGE('',*,*,#3894,.T.);
#5717=ORIENTED_EDGE('',*,*,#3897,.T.);
#5718=ORIENTED_EDGE('',*,*,#3911,.F.);
#5719=ORIENTED_EDGE('',*,*,#3912,.F.);
#5720=ORIENTED_EDGE('',*,*,#3913,.F.);
#5721=ORIENTED_EDGE('',*,*,#3914,.F.);
#5722=ORIENTED_EDGE('',*,*,#3915,.F.);
#5723=ORIENTED_EDGE('',*,*,#3874,.F.);
#5724=ORIENTED_EDGE('',*,*,#3916,.F.);
#5725=ORIENTED_EDGE('',*,*,#3900,.F.);
#5726=ORIENTED_EDGE('',*,*,#3916,.T.);
#5727=ORIENTED_EDGE('',*,*,#3873,.F.);
#5728=ORIENTED_EDGE('',*,*,#3917,.F.);
#5729=ORIENTED_EDGE('',*,*,#3901,.F.);
#5730=ORIENTED_EDGE('',*,*,#3917,.T.);
#5731=ORIENTED_EDGE('',*,*,#3872,.F.);
#5732=ORIENTED_EDGE('',*,*,#3918,.F.);
#5733=ORIENTED_EDGE('',*,*,#3902,.F.);
#5734=ORIENTED_EDGE('',*,*,#3918,.T.);
#5735=ORIENTED_EDGE('',*,*,#3871,.F.);
#5736=ORIENTED_EDGE('',*,*,#3915,.T.);
#5737=ORIENTED_EDGE('',*,*,#3899,.F.);
#5738=ORIENTED_EDGE('',*,*,#3912,.T.);
#5739=ORIENTED_EDGE('',*,*,#3919,.T.);
#5740=ORIENTED_EDGE('',*,*,#3870,.F.);
#5741=ORIENTED_EDGE('',*,*,#3920,.F.);
#5742=ORIENTED_EDGE('',*,*,#3913,.T.);
#5743=ORIENTED_EDGE('',*,*,#3920,.T.);
#5744=ORIENTED_EDGE('',*,*,#3869,.F.);
#5745=ORIENTED_EDGE('',*,*,#3921,.F.);
#5746=ORIENTED_EDGE('',*,*,#3914,.T.);
#5747=ORIENTED_EDGE('',*,*,#3921,.T.);
#5748=ORIENTED_EDGE('',*,*,#3868,.F.);
#5749=ORIENTED_EDGE('',*,*,#3922,.F.);
#5750=ORIENTED_EDGE('',*,*,#3911,.T.);
#5751=ORIENTED_EDGE('',*,*,#3922,.T.);
#5752=ORIENTED_EDGE('',*,*,#3867,.F.);
#5753=ORIENTED_EDGE('',*,*,#3919,.F.);
#5754=ORIENTED_EDGE('',*,*,#3903,.F.);
#5755=ORIENTED_EDGE('',*,*,#3923,.T.);
#5756=ORIENTED_EDGE('',*,*,#3924,.F.);
#5757=ORIENTED_EDGE('',*,*,#3925,.F.);
#5758=ORIENTED_EDGE('',*,*,#3904,.F.);
#5759=ORIENTED_EDGE('',*,*,#3925,.T.);
#5760=ORIENTED_EDGE('',*,*,#3926,.F.);
#5761=ORIENTED_EDGE('',*,*,#3927,.F.);
#5762=ORIENTED_EDGE('',*,*,#3905,.F.);
#5763=ORIENTED_EDGE('',*,*,#3927,.T.);
#5764=ORIENTED_EDGE('',*,*,#3928,.F.);
#5765=ORIENTED_EDGE('',*,*,#3929,.F.);
#5766=ORIENTED_EDGE('',*,*,#3906,.F.);
#5767=ORIENTED_EDGE('',*,*,#3929,.T.);
#5768=ORIENTED_EDGE('',*,*,#3930,.F.);
#5769=ORIENTED_EDGE('',*,*,#3931,.F.);
#5770=ORIENTED_EDGE('',*,*,#3907,.F.);
#5771=ORIENTED_EDGE('',*,*,#3931,.T.);
#5772=ORIENTED_EDGE('',*,*,#3932,.F.);
#5773=ORIENTED_EDGE('',*,*,#3933,.F.);
#5774=ORIENTED_EDGE('',*,*,#3908,.F.);
#5775=ORIENTED_EDGE('',*,*,#3933,.T.);
#5776=ORIENTED_EDGE('',*,*,#3934,.F.);
#5777=ORIENTED_EDGE('',*,*,#3935,.F.);
#5778=ORIENTED_EDGE('',*,*,#3909,.F.);
#5779=ORIENTED_EDGE('',*,*,#3935,.T.);
#5780=ORIENTED_EDGE('',*,*,#3936,.F.);
#5781=ORIENTED_EDGE('',*,*,#3937,.F.);
#5782=ORIENTED_EDGE('',*,*,#3910,.F.);
#5783=ORIENTED_EDGE('',*,*,#3937,.T.);
#5784=ORIENTED_EDGE('',*,*,#3938,.F.);
#5785=ORIENTED_EDGE('',*,*,#3923,.F.);
#5786=ORIENTED_EDGE('',*,*,#3939,.F.);
#5787=ORIENTED_EDGE('',*,*,#3940,.T.);
#5788=ORIENTED_EDGE('',*,*,#3865,.F.);
#5789=ORIENTED_EDGE('',*,*,#3940,.F.);
#5790=ORIENTED_EDGE('',*,*,#3941,.F.);
#5791=ORIENTED_EDGE('',*,*,#3942,.T.);
#5792=ORIENTED_EDGE('',*,*,#3864,.F.);
#5793=ORIENTED_EDGE('',*,*,#3942,.F.);
#5794=ORIENTED_EDGE('',*,*,#3943,.F.);
#5795=ORIENTED_EDGE('',*,*,#3944,.T.);
#5796=ORIENTED_EDGE('',*,*,#3866,.F.);
#5797=ORIENTED_EDGE('',*,*,#3944,.F.);
#5798=ORIENTED_EDGE('',*,*,#3945,.F.);
#5799=ORIENTED_EDGE('',*,*,#3946,.T.);
#5800=ORIENTED_EDGE('',*,*,#3863,.F.);
#5801=ORIENTED_EDGE('',*,*,#3946,.F.);
#5802=ORIENTED_EDGE('',*,*,#3853,.F.);
#5803=ORIENTED_EDGE('',*,*,#3862,.F.);
#5804=ORIENTED_EDGE('',*,*,#3880,.F.);
#5805=ORIENTED_EDGE('',*,*,#3947,.F.);
#5806=ORIENTED_EDGE('',*,*,#3854,.F.);
#5807=ORIENTED_EDGE('',*,*,#3947,.T.);
#5808=ORIENTED_EDGE('',*,*,#3879,.F.);
#5809=ORIENTED_EDGE('',*,*,#3883,.T.);
#5810=ORIENTED_EDGE('',*,*,#3885,.F.);
#5811=ORIENTED_EDGE('',*,*,#3886,.T.);
#5812=ORIENTED_EDGE('',*,*,#3877,.F.);
#5813=ORIENTED_EDGE('',*,*,#3875,.T.);
#5814=ORIENTED_EDGE('',*,*,#3945,.T.);
#5815=ORIENTED_EDGE('',*,*,#3943,.T.);
#5816=ORIENTED_EDGE('',*,*,#3941,.T.);
#5817=ORIENTED_EDGE('',*,*,#3939,.T.);
#5818=ORIENTED_EDGE('',*,*,#3938,.T.);
#5819=ORIENTED_EDGE('',*,*,#3936,.T.);
#5820=ORIENTED_EDGE('',*,*,#3934,.T.);
#5821=ORIENTED_EDGE('',*,*,#3932,.T.);
#5822=ORIENTED_EDGE('',*,*,#3930,.T.);
#5823=ORIENTED_EDGE('',*,*,#3928,.T.);
#5824=ORIENTED_EDGE('',*,*,#3926,.T.);
#5825=ORIENTED_EDGE('',*,*,#3924,.T.);
#5826=B_SPLINE_SURFACE_WITH_KNOTS('',2,1,((#7414,#7415),(#7416,#7417),(#7418,
#7419)),.UNSPECIFIED.,.F.,.F.,.F.,(3,3),(2,2),(0.,1.),(0.,0.001),
 .UNSPECIFIED.);
#5827=B_SPLINE_SURFACE_WITH_KNOTS('',2,1,((#7432,#7433),(#7434,#7435),(#7436,
#7437)),.UNSPECIFIED.,.F.,.F.,.F.,(3,3),(2,2),(0.,1.),(0.,0.001),
 .UNSPECIFIED.);
#5828=B_SPLINE_SURFACE_WITH_KNOTS('',2,1,((#7447,#7448),(#7449,#7450),(#7451,
#7452)),.UNSPECIFIED.,.F.,.F.,.F.,(3,3),(2,2),(0.,1.),(0.,0.001),
 .UNSPECIFIED.);
#5829=B_SPLINE_SURFACE_WITH_KNOTS('',2,1,((#7462,#7463),(#7464,#7465),(#7466,
#7467)),.UNSPECIFIED.,.F.,.F.,.F.,(3,3),(2,2),(0.,1.),(0.,0.001),
 .UNSPECIFIED.);
#5830=B_SPLINE_SURFACE_WITH_KNOTS('',2,1,((#7477,#7478),(#7479,#7480),(#7481,
#7482)),.UNSPECIFIED.,.F.,.F.,.F.,(3,3),(2,2),(0.,1.),(0.,0.001),
 .UNSPECIFIED.);
#5831=B_SPLINE_SURFACE_WITH_KNOTS('',2,1,((#7492,#7493),(#7494,#7495),(#7496,
#7497)),.UNSPECIFIED.,.F.,.F.,.F.,(3,3),(2,2),(0.,1.),(0.,0.001),
 .UNSPECIFIED.);
#5832=B_SPLINE_SURFACE_WITH_KNOTS('',2,1,((#7507,#7508),(#7509,#7510),(#7511,
#7512)),.UNSPECIFIED.,.F.,.F.,.F.,(3,3),(2,2),(0.,1.),(0.,0.001),
 .UNSPECIFIED.);
#5833=B_SPLINE_SURFACE_WITH_KNOTS('',2,1,((#7522,#7523),(#7524,#7525),(#7526,
#7527)),.UNSPECIFIED.,.F.,.F.,.F.,(3,3),(2,2),(0.,1.),(0.,0.001),
 .UNSPECIFIED.);
#5834=B_SPLINE_SURFACE_WITH_KNOTS('',2,1,((#7534,#7535),(#7536,#7537),(#7538,
#7539)),.UNSPECIFIED.,.F.,.F.,.F.,(3,3),(2,2),(0.,1.),(0.,0.001),
 .UNSPECIFIED.);
#5835=B_SPLINE_SURFACE_WITH_KNOTS('',2,1,((#7552,#7553),(#7554,#7555),(#7556,
#7557)),.UNSPECIFIED.,.F.,.F.,.F.,(3,3),(2,2),(0.,1.),(0.,0.001),
 .UNSPECIFIED.);
#5836=B_SPLINE_SURFACE_WITH_KNOTS('',2,1,((#7567,#7568),(#7569,#7570),(#7571,
#7572)),.UNSPECIFIED.,.F.,.F.,.F.,(3,3),(2,2),(0.,1.),(0.,0.001),
 .UNSPECIFIED.);
#5837=B_SPLINE_SURFACE_WITH_KNOTS('',2,1,((#7582,#7583),(#7584,#7585),(#7586,
#7587)),.UNSPECIFIED.,.F.,.F.,.F.,(3,3),(2,2),(0.,1.),(0.,0.001),
 .UNSPECIFIED.);
#5838=B_SPLINE_SURFACE_WITH_KNOTS('',2,1,((#7597,#7598),(#7599,#7600),(#7601,
#7602)),.UNSPECIFIED.,.F.,.F.,.F.,(3,3),(2,2),(0.,1.),(0.,0.001),
 .UNSPECIFIED.);
#5839=B_SPLINE_SURFACE_WITH_KNOTS('',2,1,((#7612,#7613),(#7614,#7615),(#7616,
#7617)),.UNSPECIFIED.,.F.,.F.,.F.,(3,3),(2,2),(0.,1.),(0.,0.001),
 .UNSPECIFIED.);
#5840=B_SPLINE_SURFACE_WITH_KNOTS('',2,1,((#7627,#7628),(#7629,#7630),(#7631,
#7632)),.UNSPECIFIED.,.F.,.F.,.F.,(3,3),(2,2),(0.,1.),(0.,0.001),
 .UNSPECIFIED.);
#5841=B_SPLINE_SURFACE_WITH_KNOTS('',2,1,((#7642,#7643),(#7644,#7645),(#7646,
#7647)),.UNSPECIFIED.,.F.,.F.,.F.,(3,3),(2,2),(0.,1.),(0.,0.001),
 .UNSPECIFIED.);
#5842=B_SPLINE_SURFACE_WITH_KNOTS('',2,1,((#7657,#7658),(#7659,#7660),(#7661,
#7662)),.UNSPECIFIED.,.F.,.F.,.F.,(3,3),(2,2),(0.,1.),(0.,0.001),
 .UNSPECIFIED.);
#5843=B_SPLINE_SURFACE_WITH_KNOTS('',2,1,((#7672,#7673),(#7674,#7675),(#7676,
#7677)),.UNSPECIFIED.,.F.,.F.,.F.,(3,3),(2,2),(0.,1.),(0.,0.001),
 .UNSPECIFIED.);
#5844=B_SPLINE_SURFACE_WITH_KNOTS('',2,1,((#7819,#7820),(#7821,#7822),(#7823,
#7824)),.UNSPECIFIED.,.F.,.F.,.F.,(3,3),(2,2),(0.,1.),(0.,0.001),
 .UNSPECIFIED.);
#5845=B_SPLINE_SURFACE_WITH_KNOTS('',2,1,((#7837,#7838),(#7839,#7840),(#7841,
#7842)),.UNSPECIFIED.,.F.,.F.,.F.,(3,3),(2,2),(0.,1.),(0.,0.001),
 .UNSPECIFIED.);
#5846=B_SPLINE_SURFACE_WITH_KNOTS('',2,1,((#7852,#7853),(#7854,#7855),(#7856,
#7857)),.UNSPECIFIED.,.F.,.F.,.F.,(3,3),(2,2),(0.,1.),(0.,0.001),
 .UNSPECIFIED.);
#5847=B_SPLINE_SURFACE_WITH_KNOTS('',2,1,((#7867,#7868),(#7869,#7870),(#7871,
#7872)),.UNSPECIFIED.,.F.,.F.,.F.,(3,3),(2,2),(0.,1.),(0.,0.001),
 .UNSPECIFIED.);
#5848=B_SPLINE_SURFACE_WITH_KNOTS('',2,1,((#7882,#7883),(#7884,#7885),(#7886,
#7887)),.UNSPECIFIED.,.F.,.F.,.F.,(3,3),(2,2),(0.,1.),(0.,0.001),
 .UNSPECIFIED.);
#5849=B_SPLINE_SURFACE_WITH_KNOTS('',2,1,((#7927,#7928),(#7929,#7930),(#7931,
#7932)),.UNSPECIFIED.,.F.,.F.,.F.,(3,3),(2,2),(0.,1.),(0.,0.001),
 .UNSPECIFIED.);
#5850=B_SPLINE_SURFACE_WITH_KNOTS('',2,1,((#7942,#7943),(#7944,#7945),(#7946,
#7947)),.UNSPECIFIED.,.F.,.F.,.F.,(3,3),(2,2),(0.,1.),(0.,0.001),
 .UNSPECIFIED.);
#5851=B_SPLINE_SURFACE_WITH_KNOTS('',2,1,((#7957,#7958),(#7959,#7960),(#7961,
#7962)),.UNSPECIFIED.,.F.,.F.,.F.,(3,3),(2,2),(0.,1.),(0.,0.001),
 .UNSPECIFIED.);
#5852=B_SPLINE_SURFACE_WITH_KNOTS('',2,1,((#7972,#7973),(#7974,#7975),(#7976,
#7977)),.UNSPECIFIED.,.F.,.F.,.F.,(3,3),(2,2),(0.,1.),(0.,0.001),
 .UNSPECIFIED.);
#5853=B_SPLINE_SURFACE_WITH_KNOTS('',2,1,((#7987,#7988),(#7989,#7990),(#7991,
#7992)),.UNSPECIFIED.,.F.,.F.,.F.,(3,3),(2,2),(0.,1.),(0.,0.001),
 .UNSPECIFIED.);
#5854=B_SPLINE_SURFACE_WITH_KNOTS('',2,1,((#8002,#8003),(#8004,#8005),(#8006,
#8007)),.UNSPECIFIED.,.F.,.F.,.F.,(3,3),(2,2),(0.,1.),(0.,0.001),
 .UNSPECIFIED.);
#5855=B_SPLINE_SURFACE_WITH_KNOTS('',2,1,((#8033,#8034),(#8035,#8036),(#8037,
#8038)),.UNSPECIFIED.,.F.,.F.,.F.,(3,3),(2,2),(0.,1.),(0.,0.001),
 .UNSPECIFIED.);
#5856=B_SPLINE_SURFACE_WITH_KNOTS('',2,1,((#8051,#8052),(#8053,#8054),(#8055,
#8056)),.UNSPECIFIED.,.F.,.F.,.F.,(3,3),(2,2),(0.,1.),(0.,0.001),
 .UNSPECIFIED.);
#5857=B_SPLINE_SURFACE_WITH_KNOTS('',2,1,((#8066,#8067),(#8068,#8069),(#8070,
#8071)),.UNSPECIFIED.,.F.,.F.,.F.,(3,3),(2,2),(0.,1.),(0.,0.001),
 .UNSPECIFIED.);
#5858=B_SPLINE_SURFACE_WITH_KNOTS('',2,1,((#8081,#8082),(#8083,#8084),(#8085,
#8086)),.UNSPECIFIED.,.F.,.F.,.F.,(3,3),(2,2),(0.,1.),(0.,0.001),
 .UNSPECIFIED.);
#5859=B_SPLINE_SURFACE_WITH_KNOTS('',2,1,((#8102,#8103),(#8104,#8105),(#8106,
#8107)),.UNSPECIFIED.,.F.,.F.,.F.,(3,3),(2,2),(0.,1.),(0.,0.001),
 .UNSPECIFIED.);
#5860=B_SPLINE_SURFACE_WITH_KNOTS('',2,1,((#8117,#8118),(#8119,#8120),(#8121,
#8122)),.UNSPECIFIED.,.F.,.F.,.F.,(3,3),(2,2),(0.,1.),(0.,0.001),
 .UNSPECIFIED.);
#5861=B_SPLINE_SURFACE_WITH_KNOTS('',2,1,((#8132,#8133),(#8134,#8135),(#8136,
#8137)),.UNSPECIFIED.,.F.,.F.,.F.,(3,3),(2,2),(0.,1.),(0.,0.001),
 .UNSPECIFIED.);
#5862=B_SPLINE_SURFACE_WITH_KNOTS('',2,1,((#8147,#8148),(#8149,#8150),(#8151,
#8152)),.UNSPECIFIED.,.F.,.F.,.F.,(3,3),(2,2),(0.,1.),(0.,0.001),
 .UNSPECIFIED.);
#5863=B_SPLINE_SURFACE_WITH_KNOTS('',2,1,((#8162,#8163),(#8164,#8165),(#8166,
#8167)),.UNSPECIFIED.,.F.,.F.,.F.,(3,3),(2,2),(0.,1.),(0.,0.001),
 .UNSPECIFIED.);
#5864=B_SPLINE_SURFACE_WITH_KNOTS('',2,1,((#8218,#8219),(#8220,#8221),(#8222,
#8223)),.UNSPECIFIED.,.F.,.F.,.F.,(3,3),(2,2),(0.,1.),(0.,0.001),
 .UNSPECIFIED.);
#5865=B_SPLINE_SURFACE_WITH_KNOTS('',2,1,((#8236,#8237),(#8238,#8239),(#8240,
#8241)),.UNSPECIFIED.,.F.,.F.,.F.,(3,3),(2,2),(0.,1.),(0.,0.001),
 .UNSPECIFIED.);
#5866=B_SPLINE_SURFACE_WITH_KNOTS('',2,1,((#8251,#8252),(#8253,#8254),(#8255,
#8256)),.UNSPECIFIED.,.F.,.F.,.F.,(3,3),(2,2),(0.,1.),(0.,0.001),
 .UNSPECIFIED.);
#5867=B_SPLINE_SURFACE_WITH_KNOTS('',2,1,((#8266,#8267),(#8268,#8269),(#8270,
#8271)),.UNSPECIFIED.,.F.,.F.,.F.,(3,3),(2,2),(0.,1.),(0.,0.001),
 .UNSPECIFIED.);
#5868=B_SPLINE_SURFACE_WITH_KNOTS('',2,1,((#8281,#8282),(#8283,#8284),(#8285,
#8286)),.UNSPECIFIED.,.F.,.F.,.F.,(3,3),(2,2),(0.,1.),(0.,0.001),
 .UNSPECIFIED.);
#5869=B_SPLINE_SURFACE_WITH_KNOTS('',2,1,((#8296,#8297),(#8298,#8299),(#8300,
#8301)),.UNSPECIFIED.,.F.,.F.,.F.,(3,3),(2,2),(0.,1.),(0.,0.001),
 .UNSPECIFIED.);
#5870=B_SPLINE_SURFACE_WITH_KNOTS('',2,1,((#8311,#8312),(#8313,#8314),(#8315,
#8316)),.UNSPECIFIED.,.F.,.F.,.F.,(3,3),(2,2),(0.,1.),(0.,0.001),
 .UNSPECIFIED.);
#5871=B_SPLINE_SURFACE_WITH_KNOTS('',2,1,((#8326,#8327),(#8328,#8329),(#8330,
#8331)),.UNSPECIFIED.,.F.,.F.,.F.,(3,3),(2,2),(0.,1.),(0.,0.001),
 .UNSPECIFIED.);
#5872=B_SPLINE_SURFACE_WITH_KNOTS('',2,1,((#8338,#8339),(#8340,#8341),(#8342,
#8343)),.UNSPECIFIED.,.F.,.F.,.F.,(3,3),(2,2),(0.,1.),(0.,0.001),
 .UNSPECIFIED.);
#5873=B_SPLINE_SURFACE_WITH_KNOTS('',2,1,((#8356,#8357),(#8358,#8359),(#8360,
#8361)),.UNSPECIFIED.,.F.,.F.,.F.,(3,3),(2,2),(0.,1.),(0.,0.001),
 .UNSPECIFIED.);
#5874=B_SPLINE_SURFACE_WITH_KNOTS('',2,1,((#8371,#8372),(#8373,#8374),(#8375,
#8376)),.UNSPECIFIED.,.F.,.F.,.F.,(3,3),(2,2),(0.,1.),(0.,0.001),
 .UNSPECIFIED.);
#5875=B_SPLINE_SURFACE_WITH_KNOTS('',2,1,((#8386,#8387),(#8388,#8389),(#8390,
#8391)),.UNSPECIFIED.,.F.,.F.,.F.,(3,3),(2,2),(0.,1.),(0.,0.001),
 .UNSPECIFIED.);
#5876=B_SPLINE_SURFACE_WITH_KNOTS('',2,1,((#8401,#8402),(#8403,#8404),(#8405,
#8406)),.UNSPECIFIED.,.F.,.F.,.F.,(3,3),(2,2),(0.,1.),(0.,0.001),
 .UNSPECIFIED.);
#5877=B_SPLINE_SURFACE_WITH_KNOTS('',2,1,((#8416,#8417),(#8418,#8419),(#8420,
#8421)),.UNSPECIFIED.,.F.,.F.,.F.,(3,3),(2,2),(0.,1.),(0.,0.001),
 .UNSPECIFIED.);
#5878=B_SPLINE_SURFACE_WITH_KNOTS('',2,1,((#8449,#8450),(#8451,#8452),(#8453,
#8454)),.UNSPECIFIED.,.F.,.F.,.F.,(3,3),(2,2),(0.,1.),(0.,0.001),
 .UNSPECIFIED.);
#5879=B_SPLINE_SURFACE_WITH_KNOTS('',2,1,((#8464,#8465),(#8466,#8467),(#8468,
#8469)),.UNSPECIFIED.,.F.,.F.,.F.,(3,3),(2,2),(0.,1.),(0.,0.001),
 .UNSPECIFIED.);
#5880=B_SPLINE_SURFACE_WITH_KNOTS('',2,1,((#8479,#8480),(#8481,#8482),(#8483,
#8484)),.UNSPECIFIED.,.F.,.F.,.F.,(3,3),(2,2),(0.,1.),(0.,0.001),
 .UNSPECIFIED.);
#5881=B_SPLINE_SURFACE_WITH_KNOTS('',2,1,((#8494,#8495),(#8496,#8497),(#8498,
#8499)),.UNSPECIFIED.,.F.,.F.,.F.,(3,3),(2,2),(0.,1.),(0.,0.001),
 .UNSPECIFIED.);
#5882=B_SPLINE_SURFACE_WITH_KNOTS('',2,1,((#8509,#8510),(#8511,#8512),(#8513,
#8514)),.UNSPECIFIED.,.F.,.F.,.F.,(3,3),(2,2),(0.,1.),(0.,0.001),
 .UNSPECIFIED.);
#5883=B_SPLINE_SURFACE_WITH_KNOTS('',2,1,((#8524,#8525),(#8526,#8527),(#8528,
#8529)),.UNSPECIFIED.,.F.,.F.,.F.,(3,3),(2,2),(0.,1.),(0.,0.001),
 .UNSPECIFIED.);
#5884=B_SPLINE_SURFACE_WITH_KNOTS('',2,1,((#8545,#8546),(#8547,#8548),(#8549,
#8550)),.UNSPECIFIED.,.F.,.F.,.F.,(3,3),(2,2),(0.,1.),(0.,0.001),
 .UNSPECIFIED.);
#5885=B_SPLINE_SURFACE_WITH_KNOTS('',2,1,((#8560,#8561),(#8562,#8563),(#8564,
#8565)),.UNSPECIFIED.,.F.,.F.,.F.,(3,3),(2,2),(0.,1.),(0.,0.001),
 .UNSPECIFIED.);
#5886=B_SPLINE_SURFACE_WITH_KNOTS('',2,1,((#8575,#8576),(#8577,#8578),(#8579,
#8580)),.UNSPECIFIED.,.F.,.F.,.F.,(3,3),(2,2),(0.,1.),(0.,0.001),
 .UNSPECIFIED.);
#5887=B_SPLINE_SURFACE_WITH_KNOTS('',2,1,((#8590,#8591),(#8592,#8593),(#8594,
#8595)),.UNSPECIFIED.,.F.,.F.,.F.,(3,3),(2,2),(0.,1.),(0.,0.001),
 .UNSPECIFIED.);
#5888=B_SPLINE_SURFACE_WITH_KNOTS('',2,1,((#8605,#8606),(#8607,#8608),(#8609,
#8610)),.UNSPECIFIED.,.F.,.F.,.F.,(3,3),(2,2),(0.,1.),(0.,0.001),
 .UNSPECIFIED.);
#5889=B_SPLINE_SURFACE_WITH_KNOTS('',2,1,((#8626,#8627),(#8628,#8629),(#8630,
#8631)),.UNSPECIFIED.,.F.,.F.,.F.,(3,3),(2,2),(0.,1.),(0.,0.001),
 .UNSPECIFIED.);
#5890=B_SPLINE_SURFACE_WITH_KNOTS('',2,1,((#8689,#8690),(#8691,#8692),(#8693,
#8694)),.UNSPECIFIED.,.F.,.F.,.F.,(3,3),(2,2),(0.,1.),(0.,0.001),
 .UNSPECIFIED.);
#5891=B_SPLINE_SURFACE_WITH_KNOTS('',2,1,((#8707,#8708),(#8709,#8710),(#8711,
#8712)),.UNSPECIFIED.,.F.,.F.,.F.,(3,3),(2,2),(0.,1.),(0.,0.001),
 .UNSPECIFIED.);
#5892=B_SPLINE_SURFACE_WITH_KNOTS('',2,1,((#8722,#8723),(#8724,#8725),(#8726,
#8727)),.UNSPECIFIED.,.F.,.F.,.F.,(3,3),(2,2),(0.,1.),(0.,0.001),
 .UNSPECIFIED.);
#5893=B_SPLINE_SURFACE_WITH_KNOTS('',2,1,((#8737,#8738),(#8739,#8740),(#8741,
#8742)),.UNSPECIFIED.,.F.,.F.,.F.,(3,3),(2,2),(0.,1.),(0.,0.001),
 .UNSPECIFIED.);
#5894=B_SPLINE_SURFACE_WITH_KNOTS('',2,1,((#8755,#8756),(#8757,#8758),(#8759,
#8760)),.UNSPECIFIED.,.F.,.F.,.F.,(3,3),(2,2),(0.,1.),(0.,0.001),
 .UNSPECIFIED.);
#5895=B_SPLINE_SURFACE_WITH_KNOTS('',2,1,((#8773,#8774),(#8775,#8776),(#8777,
#8778)),.UNSPECIFIED.,.F.,.F.,.F.,(3,3),(2,2),(0.,1.),(0.,0.001),
 .UNSPECIFIED.);
#5896=B_SPLINE_SURFACE_WITH_KNOTS('',2,1,((#8788,#8789),(#8790,#8791),(#8792,
#8793)),.UNSPECIFIED.,.F.,.F.,.F.,(3,3),(2,2),(0.,1.),(0.,0.001),
 .UNSPECIFIED.);
#5897=B_SPLINE_SURFACE_WITH_KNOTS('',2,1,((#8809,#8810),(#8811,#8812),(#8813,
#8814)),.UNSPECIFIED.,.F.,.F.,.F.,(3,3),(2,2),(0.,1.),(0.,0.001),
 .UNSPECIFIED.);
#5898=B_SPLINE_SURFACE_WITH_KNOTS('',2,1,((#8824,#8825),(#8826,#8827),(#8828,
#8829)),.UNSPECIFIED.,.F.,.F.,.F.,(3,3),(2,2),(0.,1.),(0.,0.001),
 .UNSPECIFIED.);
#5899=B_SPLINE_SURFACE_WITH_KNOTS('',2,1,((#8839,#8840),(#8841,#8842),(#8843,
#8844)),.UNSPECIFIED.,.F.,.F.,.F.,(3,3),(2,2),(0.,1.),(0.,0.001),
 .UNSPECIFIED.);
#5900=B_SPLINE_SURFACE_WITH_KNOTS('',2,1,((#8854,#8855),(#8856,#8857),(#8858,
#8859)),.UNSPECIFIED.,.F.,.F.,.F.,(3,3),(2,2),(0.,1.),(0.,0.001),
 .UNSPECIFIED.);
#5901=B_SPLINE_SURFACE_WITH_KNOTS('',2,1,((#8869,#8870),(#8871,#8872),(#8873,
#8874)),.UNSPECIFIED.,.F.,.F.,.F.,(3,3),(2,2),(0.,1.),(0.,0.001),
 .UNSPECIFIED.);
#5902=B_SPLINE_SURFACE_WITH_KNOTS('',2,1,((#8884,#8885),(#8886,#8887),(#8888,
#8889)),.UNSPECIFIED.,.F.,.F.,.F.,(3,3),(2,2),(0.,1.),(0.,0.001),
 .UNSPECIFIED.);
#5903=B_SPLINE_SURFACE_WITH_KNOTS('',2,1,((#8899,#8900),(#8901,#8902),(#8903,
#8904)),.UNSPECIFIED.,.F.,.F.,.F.,(3,3),(2,2),(0.,1.),(0.,0.001),
 .UNSPECIFIED.);
#5904=B_SPLINE_SURFACE_WITH_KNOTS('',2,1,((#8914,#8915),(#8916,#8917),(#8918,
#8919)),.UNSPECIFIED.,.F.,.F.,.F.,(3,3),(2,2),(0.,1.),(0.,0.001),
 .UNSPECIFIED.);
#5905=B_SPLINE_SURFACE_WITH_KNOTS('',2,1,((#8935,#8936),(#8937,#8938),(#8939,
#8940)),.UNSPECIFIED.,.F.,.F.,.F.,(3,3),(2,2),(0.,1.),(0.,0.001),
 .UNSPECIFIED.);
#5906=B_SPLINE_SURFACE_WITH_KNOTS('',2,1,((#8948,#8949),(#8950,#8951),(#8952,
#8953)),.UNSPECIFIED.,.F.,.F.,.F.,(3,3),(2,2),(0.,1.),(0.,0.001),
 .UNSPECIFIED.);
#5907=B_SPLINE_SURFACE_WITH_KNOTS('',2,1,((#8966,#8967),(#8968,#8969),(#8970,
#8971)),.UNSPECIFIED.,.F.,.F.,.F.,(3,3),(2,2),(0.,1.),(0.,0.001),
 .UNSPECIFIED.);
#5908=B_SPLINE_SURFACE_WITH_KNOTS('',2,1,((#8981,#8982),(#8983,#8984),(#8985,
#8986)),.UNSPECIFIED.,.F.,.F.,.F.,(3,3),(2,2),(0.,1.),(0.,0.001),
 .UNSPECIFIED.);
#5909=B_SPLINE_SURFACE_WITH_KNOTS('',2,1,((#8996,#8997),(#8998,#8999),(#9000,
#9001)),.UNSPECIFIED.,.F.,.F.,.F.,(3,3),(2,2),(0.,1.),(0.,0.001),
 .UNSPECIFIED.);
#5910=B_SPLINE_SURFACE_WITH_KNOTS('',2,1,((#9011,#9012),(#9013,#9014),(#9015,
#9016)),.UNSPECIFIED.,.F.,.F.,.F.,(3,3),(2,2),(0.,1.),(0.,0.001),
 .UNSPECIFIED.);
#5911=B_SPLINE_SURFACE_WITH_KNOTS('',2,1,((#9026,#9027),(#9028,#9029),(#9030,
#9031)),.UNSPECIFIED.,.F.,.F.,.F.,(3,3),(2,2),(0.,1.),(0.,0.001),
 .UNSPECIFIED.);
#5912=B_SPLINE_SURFACE_WITH_KNOTS('',2,1,((#9041,#9042),(#9043,#9044),(#9045,
#9046)),.UNSPECIFIED.,.F.,.F.,.F.,(3,3),(2,2),(0.,1.),(0.,0.001),
 .UNSPECIFIED.);
#5913=B_SPLINE_SURFACE_WITH_KNOTS('',2,1,((#9056,#9057),(#9058,#9059),(#9060,
#9061)),.UNSPECIFIED.,.F.,.F.,.F.,(3,3),(2,2),(0.,1.),(0.,0.001),
 .UNSPECIFIED.);
#5914=B_SPLINE_SURFACE_WITH_KNOTS('',2,1,((#9068,#9069),(#9070,#9071),(#9072,
#9073)),.UNSPECIFIED.,.F.,.F.,.F.,(3,3),(2,2),(0.,1.),(0.,0.001),
 .UNSPECIFIED.);
#5915=B_SPLINE_SURFACE_WITH_KNOTS('',2,1,((#9086,#9087),(#9088,#9089),(#9090,
#9091)),.UNSPECIFIED.,.F.,.F.,.F.,(3,3),(2,2),(0.,1.),(0.,0.001),
 .UNSPECIFIED.);
#5916=B_SPLINE_SURFACE_WITH_KNOTS('',2,1,((#9101,#9102),(#9103,#9104),(#9105,
#9106)),.UNSPECIFIED.,.F.,.F.,.F.,(3,3),(2,2),(0.,1.),(0.,0.001),
 .UNSPECIFIED.);
#5917=B_SPLINE_SURFACE_WITH_KNOTS('',2,1,((#9116,#9117),(#9118,#9119),(#9120,
#9121)),.UNSPECIFIED.,.F.,.F.,.F.,(3,3),(2,2),(0.,1.),(0.,0.001),
 .UNSPECIFIED.);
#5918=B_SPLINE_SURFACE_WITH_KNOTS('',2,1,((#9131,#9132),(#9133,#9134),(#9135,
#9136)),.UNSPECIFIED.,.F.,.F.,.F.,(3,3),(2,2),(0.,1.),(0.,0.001),
 .UNSPECIFIED.);
#5919=B_SPLINE_SURFACE_WITH_KNOTS('',2,1,((#9146,#9147),(#9148,#9149),(#9150,
#9151)),.UNSPECIFIED.,.F.,.F.,.F.,(3,3),(2,2),(0.,1.),(0.,0.001),
 .UNSPECIFIED.);
#5920=B_SPLINE_SURFACE_WITH_KNOTS('',2,1,((#9179,#9180),(#9181,#9182),(#9183,
#9184)),.UNSPECIFIED.,.F.,.F.,.F.,(3,3),(2,2),(0.,1.),(0.,0.001),
 .UNSPECIFIED.);
#5921=B_SPLINE_SURFACE_WITH_KNOTS('',2,1,((#9194,#9195),(#9196,#9197),(#9198,
#9199)),.UNSPECIFIED.,.F.,.F.,.F.,(3,3),(2,2),(0.,1.),(0.,0.001),
 .UNSPECIFIED.);
#5922=B_SPLINE_SURFACE_WITH_KNOTS('',2,1,((#9209,#9210),(#9211,#9212),(#9213,
#9214)),.UNSPECIFIED.,.F.,.F.,.F.,(3,3),(2,2),(0.,1.),(0.,0.001),
 .UNSPECIFIED.);
#5923=B_SPLINE_SURFACE_WITH_KNOTS('',2,1,((#9224,#9225),(#9226,#9227),(#9228,
#9229)),.UNSPECIFIED.,.F.,.F.,.F.,(3,3),(2,2),(0.,1.),(0.,0.001),
 .UNSPECIFIED.);
#5924=B_SPLINE_SURFACE_WITH_KNOTS('',2,1,((#9239,#9240),(#9241,#9242),(#9243,
#9244)),.UNSPECIFIED.,.F.,.F.,.F.,(3,3),(2,2),(0.,1.),(0.,0.001),
 .UNSPECIFIED.);
#5925=B_SPLINE_SURFACE_WITH_KNOTS('',2,1,((#9254,#9255),(#9256,#9257),(#9258,
#9259)),.UNSPECIFIED.,.F.,.F.,.F.,(3,3),(2,2),(0.,1.),(0.,0.001),
 .UNSPECIFIED.);
#5926=B_SPLINE_SURFACE_WITH_KNOTS('',2,1,((#9275,#9276),(#9277,#9278),(#9279,
#9280)),.UNSPECIFIED.,.F.,.F.,.F.,(3,3),(2,2),(0.,1.),(0.,0.001),
 .UNSPECIFIED.);
#5927=B_SPLINE_SURFACE_WITH_KNOTS('',2,1,((#9290,#9291),(#9292,#9293),(#9294,
#9295)),.UNSPECIFIED.,.F.,.F.,.F.,(3,3),(2,2),(0.,1.),(0.,0.001),
 .UNSPECIFIED.);
#5928=B_SPLINE_SURFACE_WITH_KNOTS('',2,1,((#9305,#9306),(#9307,#9308),(#9309,
#9310)),.UNSPECIFIED.,.F.,.F.,.F.,(3,3),(2,2),(0.,1.),(0.,0.001),
 .UNSPECIFIED.);
#5929=B_SPLINE_SURFACE_WITH_KNOTS('',2,1,((#9320,#9321),(#9322,#9323),(#9324,
#9325)),.UNSPECIFIED.,.F.,.F.,.F.,(3,3),(2,2),(0.,1.),(0.,0.001),
 .UNSPECIFIED.);
#5930=B_SPLINE_SURFACE_WITH_KNOTS('',2,1,((#9335,#9336),(#9337,#9338),(#9339,
#9340)),.UNSPECIFIED.,.F.,.F.,.F.,(3,3),(2,2),(0.,1.),(0.,0.001),
 .UNSPECIFIED.);
#5931=B_SPLINE_SURFACE_WITH_KNOTS('',2,1,((#9356,#9357),(#9358,#9359),(#9360,
#9361)),.UNSPECIFIED.,.F.,.F.,.F.,(3,3),(2,2),(0.,1.),(0.,0.001),
 .UNSPECIFIED.);
#5932=B_SPLINE_SURFACE_WITH_KNOTS('',2,1,((#9369,#9370),(#9371,#9372),(#9373,
#9374)),.UNSPECIFIED.,.F.,.F.,.F.,(3,3),(2,2),(0.,1.),(0.,0.001),
 .UNSPECIFIED.);
#5933=B_SPLINE_SURFACE_WITH_KNOTS('',2,1,((#9387,#9388),(#9389,#9390),(#9391,
#9392)),.UNSPECIFIED.,.F.,.F.,.F.,(3,3),(2,2),(0.,1.),(0.,0.001),
 .UNSPECIFIED.);
#5934=B_SPLINE_SURFACE_WITH_KNOTS('',2,1,((#9402,#9403),(#9404,#9405),(#9406,
#9407)),.UNSPECIFIED.,.F.,.F.,.F.,(3,3),(2,2),(0.,1.),(0.,0.001),
 .UNSPECIFIED.);
#5935=B_SPLINE_SURFACE_WITH_KNOTS('',2,1,((#9417,#9418),(#9419,#9420),(#9421,
#9422)),.UNSPECIFIED.,.F.,.F.,.F.,(3,3),(2,2),(0.,1.),(0.,0.001),
 .UNSPECIFIED.);
#5936=B_SPLINE_SURFACE_WITH_KNOTS('',2,1,((#9432,#9433),(#9434,#9435),(#9436,
#9437)),.UNSPECIFIED.,.F.,.F.,.F.,(3,3),(2,2),(0.,1.),(0.,0.001),
 .UNSPECIFIED.);
#5937=B_SPLINE_SURFACE_WITH_KNOTS('',2,1,((#9447,#9448),(#9449,#9450),(#9451,
#9452)),.UNSPECIFIED.,.F.,.F.,.F.,(3,3),(2,2),(0.,1.),(0.,0.001),
 .UNSPECIFIED.);
#5938=B_SPLINE_SURFACE_WITH_KNOTS('',2,1,((#9462,#9463),(#9464,#9465),(#9466,
#9467)),.UNSPECIFIED.,.F.,.F.,.F.,(3,3),(2,2),(0.,1.),(0.,0.001),
 .UNSPECIFIED.);
#5939=B_SPLINE_SURFACE_WITH_KNOTS('',2,1,((#9477,#9478),(#9479,#9480),(#9481,
#9482)),.UNSPECIFIED.,.F.,.F.,.F.,(3,3),(2,2),(0.,1.),(0.,0.001),
 .UNSPECIFIED.);
#5940=B_SPLINE_SURFACE_WITH_KNOTS('',2,1,((#9489,#9490),(#9491,#9492),(#9493,
#9494)),.UNSPECIFIED.,.F.,.F.,.F.,(3,3),(2,2),(0.,1.),(0.,0.001),
 .UNSPECIFIED.);
#5941=B_SPLINE_SURFACE_WITH_KNOTS('',2,1,((#9507,#9508),(#9509,#9510),(#9511,
#9512)),.UNSPECIFIED.,.F.,.F.,.F.,(3,3),(2,2),(0.,1.),(0.,0.001),
 .UNSPECIFIED.);
#5942=B_SPLINE_SURFACE_WITH_KNOTS('',2,1,((#9522,#9523),(#9524,#9525),(#9526,
#9527)),.UNSPECIFIED.,.F.,.F.,.F.,(3,3),(2,2),(0.,1.),(0.,0.001),
 .UNSPECIFIED.);
#5943=B_SPLINE_SURFACE_WITH_KNOTS('',2,1,((#9537,#9538),(#9539,#9540),(#9541,
#9542)),.UNSPECIFIED.,.F.,.F.,.F.,(3,3),(2,2),(0.,1.),(0.,0.001),
 .UNSPECIFIED.);
#5944=B_SPLINE_SURFACE_WITH_KNOTS('',2,1,((#9552,#9553),(#9554,#9555),(#9556,
#9557)),.UNSPECIFIED.,.F.,.F.,.F.,(3,3),(2,2),(0.,1.),(0.,0.001),
 .UNSPECIFIED.);
#5945=B_SPLINE_SURFACE_WITH_KNOTS('',2,1,((#9567,#9568),(#9569,#9570),(#9571,
#9572)),.UNSPECIFIED.,.F.,.F.,.F.,(3,3),(2,2),(0.,1.),(0.,0.001),
 .UNSPECIFIED.);
#5946=B_SPLINE_SURFACE_WITH_KNOTS('',2,1,((#9582,#9583),(#9584,#9585),(#9586,
#9587)),.UNSPECIFIED.,.F.,.F.,.F.,(3,3),(2,2),(0.,1.),(0.,0.001),
 .UNSPECIFIED.);
#5947=B_SPLINE_SURFACE_WITH_KNOTS('',2,1,((#9597,#9598),(#9599,#9600),(#9601,
#9602)),.UNSPECIFIED.,.F.,.F.,.F.,(3,3),(2,2),(0.,1.),(0.,0.001),
 .UNSPECIFIED.);
#5948=B_SPLINE_SURFACE_WITH_KNOTS('',2,1,((#9612,#9613),(#9614,#9615),(#9616,
#9617)),.UNSPECIFIED.,.F.,.F.,.F.,(3,3),(2,2),(0.,1.),(0.,0.001),
 .UNSPECIFIED.);
#5949=B_SPLINE_SURFACE_WITH_KNOTS('',2,1,((#9627,#9628),(#9629,#9630),(#9631,
#9632)),.UNSPECIFIED.,.F.,.F.,.F.,(3,3),(2,2),(0.,1.),(0.,0.001),
 .UNSPECIFIED.);
#5950=B_SPLINE_SURFACE_WITH_KNOTS('',2,1,((#9640,#9641),(#9642,#9643),(#9644,
#9645)),.UNSPECIFIED.,.F.,.F.,.F.,(3,3),(2,2),(0.,1.),(0.,0.001),
 .UNSPECIFIED.);
#5951=B_SPLINE_SURFACE_WITH_KNOTS('',2,1,((#9658,#9659),(#9660,#9661),(#9662,
#9663)),.UNSPECIFIED.,.F.,.F.,.F.,(3,3),(2,2),(0.,1.),(0.,0.001),
 .UNSPECIFIED.);
#5952=B_SPLINE_SURFACE_WITH_KNOTS('',2,1,((#9673,#9674),(#9675,#9676),(#9677,
#9678)),.UNSPECIFIED.,.F.,.F.,.F.,(3,3),(2,2),(0.,1.),(0.,0.001),
 .UNSPECIFIED.);
#5953=B_SPLINE_SURFACE_WITH_KNOTS('',2,1,((#9688,#9689),(#9690,#9691),(#9692,
#9693)),.UNSPECIFIED.,.F.,.F.,.F.,(3,3),(2,2),(0.,1.),(0.,0.001),
 .UNSPECIFIED.);
#5954=B_SPLINE_SURFACE_WITH_KNOTS('',2,1,((#9703,#9704),(#9705,#9706),(#9707,
#9708)),.UNSPECIFIED.,.F.,.F.,.F.,(3,3),(2,2),(0.,1.),(0.,0.001),
 .UNSPECIFIED.);
#5955=B_SPLINE_SURFACE_WITH_KNOTS('',2,1,((#9718,#9719),(#9720,#9721),(#9722,
#9723)),.UNSPECIFIED.,.F.,.F.,.F.,(3,3),(2,2),(0.,1.),(0.,0.001),
 .UNSPECIFIED.);
#5956=B_SPLINE_SURFACE_WITH_KNOTS('',2,1,((#9733,#9734),(#9735,#9736),(#9737,
#9738)),.UNSPECIFIED.,.F.,.F.,.F.,(3,3),(2,2),(0.,1.),(0.,0.001),
 .UNSPECIFIED.);
#5957=B_SPLINE_SURFACE_WITH_KNOTS('',2,1,((#9748,#9749),(#9750,#9751),(#9752,
#9753)),.UNSPECIFIED.,.F.,.F.,.F.,(3,3),(2,2),(0.,1.),(0.,0.001),
 .UNSPECIFIED.);
#5958=B_SPLINE_SURFACE_WITH_KNOTS('',2,1,((#9763,#9764),(#9765,#9766),(#9767,
#9768)),.UNSPECIFIED.,.F.,.F.,.F.,(3,3),(2,2),(0.,1.),(0.,0.001),
 .UNSPECIFIED.);
#5959=B_SPLINE_SURFACE_WITH_KNOTS('',2,1,((#9778,#9779),(#9780,#9781),(#9782,
#9783)),.UNSPECIFIED.,.F.,.F.,.F.,(3,3),(2,2),(0.,1.),(0.,0.001),
 .UNSPECIFIED.);
#5960=B_SPLINE_SURFACE_WITH_KNOTS('',2,1,((#9793,#9794),(#9795,#9796),(#9797,
#9798)),.UNSPECIFIED.,.F.,.F.,.F.,(3,3),(2,2),(0.,1.),(0.,0.001),
 .UNSPECIFIED.);
#5961=B_SPLINE_SURFACE_WITH_KNOTS('',2,1,((#9814,#9815),(#9816,#9817),(#9818,
#9819)),.UNSPECIFIED.,.F.,.F.,.F.,(3,3),(2,2),(0.,1.),(0.,0.001),
 .UNSPECIFIED.);
#5962=B_SPLINE_SURFACE_WITH_KNOTS('',2,1,((#9829,#9830),(#9831,#9832),(#9833,
#9834)),.UNSPECIFIED.,.F.,.F.,.F.,(3,3),(2,2),(0.,1.),(0.,0.001),
 .UNSPECIFIED.);
#5963=B_SPLINE_SURFACE_WITH_KNOTS('',2,1,((#9844,#9845),(#9846,#9847),(#9848,
#9849)),.UNSPECIFIED.,.F.,.F.,.F.,(3,3),(2,2),(0.,1.),(0.,0.001),
 .UNSPECIFIED.);
#5964=B_SPLINE_SURFACE_WITH_KNOTS('',2,1,((#9859,#9860),(#9861,#9862),(#9863,
#9864)),.UNSPECIFIED.,.F.,.F.,.F.,(3,3),(2,2),(0.,1.),(0.,0.001),
 .UNSPECIFIED.);
#5965=B_SPLINE_SURFACE_WITH_KNOTS('',2,1,((#9874,#9875),(#9876,#9877),(#9878,
#9879)),.UNSPECIFIED.,.F.,.F.,.F.,(3,3),(2,2),(0.,1.),(0.,0.001),
 .UNSPECIFIED.);
#5966=B_SPLINE_SURFACE_WITH_KNOTS('',2,1,((#9889,#9890),(#9891,#9892),(#9893,
#9894)),.UNSPECIFIED.,.F.,.F.,.F.,(3,3),(2,2),(0.,1.),(0.,0.001),
 .UNSPECIFIED.);
#5967=B_SPLINE_SURFACE_WITH_KNOTS('',2,1,((#9904,#9905),(#9906,#9907),(#9908,
#9909)),.UNSPECIFIED.,.F.,.F.,.F.,(3,3),(2,2),(0.,1.),(0.,0.001),
 .UNSPECIFIED.);
#5968=B_SPLINE_SURFACE_WITH_KNOTS('',2,1,((#9919,#9920),(#9921,#9922),(#9923,
#9924)),.UNSPECIFIED.,.F.,.F.,.F.,(3,3),(2,2),(0.,1.),(0.,0.001),
 .UNSPECIFIED.);
#5969=B_SPLINE_SURFACE_WITH_KNOTS('',2,1,((#9934,#9935),(#9936,#9937),(#9938,
#9939)),.UNSPECIFIED.,.F.,.F.,.F.,(3,3),(2,2),(0.,1.),(0.,0.001),
 .UNSPECIFIED.);
#5970=B_SPLINE_SURFACE_WITH_KNOTS('',2,1,((#9949,#9950),(#9951,#9952),(#9953,
#9954)),.UNSPECIFIED.,.F.,.F.,.F.,(3,3),(2,2),(0.,1.),(0.,0.001),
 .UNSPECIFIED.);
#5971=B_SPLINE_SURFACE_WITH_KNOTS('',2,1,((#9964,#9965),(#9966,#9967),(#9968,
#9969)),.UNSPECIFIED.,.F.,.F.,.F.,(3,3),(2,2),(0.,1.),(0.,0.001),
 .UNSPECIFIED.);
#5972=B_SPLINE_SURFACE_WITH_KNOTS('',2,1,((#9979,#9980),(#9981,#9982),(#9983,
#9984)),.UNSPECIFIED.,.F.,.F.,.F.,(3,3),(2,2),(0.,1.),(0.,0.001),
 .UNSPECIFIED.);
#5973=B_SPLINE_SURFACE_WITH_KNOTS('',2,1,((#10000,#10001),(#10002,#10003),
(#10004,#10005)),.UNSPECIFIED.,.F.,.F.,.F.,(3,3),(2,2),(0.,1.),(0.,0.001),
 .UNSPECIFIED.);
#5974=B_SPLINE_SURFACE_WITH_KNOTS('',2,1,((#10013,#10014),(#10015,#10016),
(#10017,#10018)),.UNSPECIFIED.,.F.,.F.,.F.,(3,3),(2,2),(0.,1.),(0.,0.001),
 .UNSPECIFIED.);
#5975=B_SPLINE_SURFACE_WITH_KNOTS('',2,1,((#10031,#10032),(#10033,#10034),
(#10035,#10036)),.UNSPECIFIED.,.F.,.F.,.F.,(3,3),(2,2),(0.,1.),(0.,0.001),
 .UNSPECIFIED.);
#5976=B_SPLINE_SURFACE_WITH_KNOTS('',2,1,((#10046,#10047),(#10048,#10049),
(#10050,#10051)),.UNSPECIFIED.,.F.,.F.,.F.,(3,3),(2,2),(0.,1.),(0.,0.001),
 .UNSPECIFIED.);
#5977=B_SPLINE_SURFACE_WITH_KNOTS('',2,1,((#10061,#10062),(#10063,#10064),
(#10065,#10066)),.UNSPECIFIED.,.F.,.F.,.F.,(3,3),(2,2),(0.,1.),(0.,0.001),
 .UNSPECIFIED.);
#5978=B_SPLINE_SURFACE_WITH_KNOTS('',2,1,((#10076,#10077),(#10078,#10079),
(#10080,#10081)),.UNSPECIFIED.,.F.,.F.,.F.,(3,3),(2,2),(0.,1.),(0.,0.001),
 .UNSPECIFIED.);
#5979=B_SPLINE_SURFACE_WITH_KNOTS('',2,1,((#10091,#10092),(#10093,#10094),
(#10095,#10096)),.UNSPECIFIED.,.F.,.F.,.F.,(3,3),(2,2),(0.,1.),(0.,0.001),
 .UNSPECIFIED.);
#5980=B_SPLINE_SURFACE_WITH_KNOTS('',2,1,((#10106,#10107),(#10108,#10109),
(#10110,#10111)),.UNSPECIFIED.,.F.,.F.,.F.,(3,3),(2,2),(0.,1.),(0.,0.001),
 .UNSPECIFIED.);
#5981=B_SPLINE_SURFACE_WITH_KNOTS('',2,1,((#10121,#10122),(#10123,#10124),
(#10125,#10126)),.UNSPECIFIED.,.F.,.F.,.F.,(3,3),(2,2),(0.,1.),(0.,0.001),
 .UNSPECIFIED.);
#5982=B_SPLINE_SURFACE_WITH_KNOTS('',2,1,((#10139,#10140),(#10141,#10142),
(#10143,#10144)),.UNSPECIFIED.,.F.,.F.,.F.,(3,3),(2,2),(0.,1.),(0.,0.001),
 .UNSPECIFIED.);
#5983=B_SPLINE_SURFACE_WITH_KNOTS('',2,1,((#10157,#10158),(#10159,#10160),
(#10161,#10162)),.UNSPECIFIED.,.F.,.F.,.F.,(3,3),(2,2),(0.,1.),(0.,0.001),
 .UNSPECIFIED.);
#5984=B_SPLINE_SURFACE_WITH_KNOTS('',2,1,((#10172,#10173),(#10174,#10175),
(#10176,#10177)),.UNSPECIFIED.,.F.,.F.,.F.,(3,3),(2,2),(0.,1.),(0.,0.001),
 .UNSPECIFIED.);
#5985=B_SPLINE_SURFACE_WITH_KNOTS('',2,1,((#10193,#10194),(#10195,#10196),
(#10197,#10198)),.UNSPECIFIED.,.F.,.F.,.F.,(3,3),(2,2),(0.,1.),(0.,0.001),
 .UNSPECIFIED.);
#5986=B_SPLINE_SURFACE_WITH_KNOTS('',2,1,((#10208,#10209),(#10210,#10211),
(#10212,#10213)),.UNSPECIFIED.,.F.,.F.,.F.,(3,3),(2,2),(0.,1.),(0.,0.001),
 .UNSPECIFIED.);
#5987=B_SPLINE_SURFACE_WITH_KNOTS('',2,1,((#10223,#10224),(#10225,#10226),
(#10227,#10228)),.UNSPECIFIED.,.F.,.F.,.F.,(3,3),(2,2),(0.,1.),(0.,0.001),
 .UNSPECIFIED.);
#5988=B_SPLINE_SURFACE_WITH_KNOTS('',2,1,((#10238,#10239),(#10240,#10241),
(#10242,#10243)),.UNSPECIFIED.,.F.,.F.,.F.,(3,3),(2,2),(0.,1.),(0.,0.001),
 .UNSPECIFIED.);
#5989=B_SPLINE_SURFACE_WITH_KNOTS('',2,1,((#10253,#10254),(#10255,#10256),
(#10257,#10258)),.UNSPECIFIED.,.F.,.F.,.F.,(3,3),(2,2),(0.,1.),(0.,0.001),
 .UNSPECIFIED.);
#5990=B_SPLINE_SURFACE_WITH_KNOTS('',2,1,((#10268,#10269),(#10270,#10271),
(#10272,#10273)),.UNSPECIFIED.,.F.,.F.,.F.,(3,3),(2,2),(0.,1.),(0.,0.001),
 .UNSPECIFIED.);
#5991=B_SPLINE_SURFACE_WITH_KNOTS('',2,1,((#10283,#10284),(#10285,#10286),
(#10287,#10288)),.UNSPECIFIED.,.F.,.F.,.F.,(3,3),(2,2),(0.,1.),(0.,0.001),
 .UNSPECIFIED.);
#5992=B_SPLINE_SURFACE_WITH_KNOTS('',2,1,((#10298,#10299),(#10300,#10301),
(#10302,#10303)),.UNSPECIFIED.,.F.,.F.,.F.,(3,3),(2,2),(0.,1.),(0.,0.001),
 .UNSPECIFIED.);
#5993=B_SPLINE_SURFACE_WITH_KNOTS('',2,1,((#10313,#10314),(#10315,#10316),
(#10317,#10318)),.UNSPECIFIED.,.F.,.F.,.F.,(3,3),(2,2),(0.,1.),(0.,0.001),
 .UNSPECIFIED.);
#5994=B_SPLINE_SURFACE_WITH_KNOTS('',2,1,((#10328,#10329),(#10330,#10331),
(#10332,#10333)),.UNSPECIFIED.,.F.,.F.,.F.,(3,3),(2,2),(0.,1.),(0.,0.001),
 .UNSPECIFIED.);
#5995=B_SPLINE_SURFACE_WITH_KNOTS('',2,1,((#10349,#10350),(#10351,#10352),
(#10353,#10354)),.UNSPECIFIED.,.F.,.F.,.F.,(3,3),(2,2),(0.,1.),(0.,0.001),
 .UNSPECIFIED.);
#5996=B_SPLINE_SURFACE_WITH_KNOTS('',2,1,((#10364,#10365),(#10366,#10367),
(#10368,#10369)),.UNSPECIFIED.,.F.,.F.,.F.,(3,3),(2,2),(0.,1.),(0.,0.001),
 .UNSPECIFIED.);
#5997=B_SPLINE_SURFACE_WITH_KNOTS('',2,1,((#10385,#10386),(#10387,#10388),
(#10389,#10390)),.UNSPECIFIED.,.F.,.F.,.F.,(3,3),(2,2),(0.,1.),(0.,0.001),
 .UNSPECIFIED.);
#5998=B_SPLINE_SURFACE_WITH_KNOTS('',2,1,((#10400,#10401),(#10402,#10403),
(#10404,#10405)),.UNSPECIFIED.,.F.,.F.,.F.,(3,3),(2,2),(0.,1.),(0.,0.001),
 .UNSPECIFIED.);
#5999=B_SPLINE_SURFACE_WITH_KNOTS('',2,1,((#10415,#10416),(#10417,#10418),
(#10419,#10420)),.UNSPECIFIED.,.F.,.F.,.F.,(3,3),(2,2),(0.,1.),(0.,0.001),
 .UNSPECIFIED.);
#6000=B_SPLINE_SURFACE_WITH_KNOTS('',2,1,((#10430,#10431),(#10432,#10433),
(#10434,#10435)),.UNSPECIFIED.,.F.,.F.,.F.,(3,3),(2,2),(0.,1.),(0.,0.001),
 .UNSPECIFIED.);
#6001=B_SPLINE_SURFACE_WITH_KNOTS('',2,1,((#10445,#10446),(#10447,#10448),
(#10449,#10450)),.UNSPECIFIED.,.F.,.F.,.F.,(3,3),(2,2),(0.,1.),(0.,0.001),
 .UNSPECIFIED.);
#6002=B_SPLINE_SURFACE_WITH_KNOTS('',2,1,((#10466,#10467),(#10468,#10469),
(#10470,#10471)),.UNSPECIFIED.,.F.,.F.,.F.,(3,3),(2,2),(0.,1.),(0.,0.001),
 .UNSPECIFIED.);
#6003=B_SPLINE_SURFACE_WITH_KNOTS('',2,1,((#10540,#10541),(#10542,#10543),
(#10544,#10545)),.UNSPECIFIED.,.F.,.F.,.F.,(3,3),(2,2),(0.,1.),(0.,0.001),
 .UNSPECIFIED.);
#6004=B_SPLINE_SURFACE_WITH_KNOTS('',2,1,((#10558,#10559),(#10560,#10561),
(#10562,#10563)),.UNSPECIFIED.,.F.,.F.,.F.,(3,3),(2,2),(0.,1.),(0.,0.001),
 .UNSPECIFIED.);
#6005=B_SPLINE_SURFACE_WITH_KNOTS('',2,1,((#10573,#10574),(#10575,#10576),
(#10577,#10578)),.UNSPECIFIED.,.F.,.F.,.F.,(3,3),(2,2),(0.,1.),(0.,0.001),
 .UNSPECIFIED.);
#6006=B_SPLINE_SURFACE_WITH_KNOTS('',2,1,((#10588,#10589),(#10590,#10591),
(#10592,#10593)),.UNSPECIFIED.,.F.,.F.,.F.,(3,3),(2,2),(0.,1.),(0.,0.001),
 .UNSPECIFIED.);
#6007=B_SPLINE_SURFACE_WITH_KNOTS('',2,1,((#10603,#10604),(#10605,#10606),
(#10607,#10608)),.UNSPECIFIED.,.F.,.F.,.F.,(3,3),(2,2),(0.,1.),(0.,0.001),
 .UNSPECIFIED.);
#6008=B_SPLINE_SURFACE_WITH_KNOTS('',2,1,((#10618,#10619),(#10620,#10621),
(#10622,#10623)),.UNSPECIFIED.,.F.,.F.,.F.,(3,3),(2,2),(0.,1.),(0.,0.001),
 .UNSPECIFIED.);
#6009=B_SPLINE_SURFACE_WITH_KNOTS('',2,1,((#10633,#10634),(#10635,#10636),
(#10637,#10638)),.UNSPECIFIED.,.F.,.F.,.F.,(3,3),(2,2),(0.,1.),(0.,0.001),
 .UNSPECIFIED.);
#6010=B_SPLINE_SURFACE_WITH_KNOTS('',2,1,((#10648,#10649),(#10650,#10651),
(#10652,#10653)),.UNSPECIFIED.,.F.,.F.,.F.,(3,3),(2,2),(0.,1.),(0.,0.001),
 .UNSPECIFIED.);
#6011=B_SPLINE_SURFACE_WITH_KNOTS('',2,1,((#10660,#10661),(#10662,#10663),
(#10664,#10665)),.UNSPECIFIED.,.F.,.F.,.F.,(3,3),(2,2),(0.,1.),(0.,0.001),
 .UNSPECIFIED.);
#6012=B_SPLINE_SURFACE_WITH_KNOTS('',2,1,((#10678,#10679),(#10680,#10681),
(#10682,#10683)),.UNSPECIFIED.,.F.,.F.,.F.,(3,3),(2,2),(0.,1.),(0.,0.001),
 .UNSPECIFIED.);
#6013=B_SPLINE_SURFACE_WITH_KNOTS('',2,1,((#10693,#10694),(#10695,#10696),
(#10697,#10698)),.UNSPECIFIED.,.F.,.F.,.F.,(3,3),(2,2),(0.,1.),(0.,0.001),
 .UNSPECIFIED.);
#6014=B_SPLINE_SURFACE_WITH_KNOTS('',2,1,((#10708,#10709),(#10710,#10711),
(#10712,#10713)),.UNSPECIFIED.,.F.,.F.,.F.,(3,3),(2,2),(0.,1.),(0.,0.001),
 .UNSPECIFIED.);
#6015=B_SPLINE_SURFACE_WITH_KNOTS('',2,1,((#10723,#10724),(#10725,#10726),
(#10727,#10728)),.UNSPECIFIED.,.F.,.F.,.F.,(3,3),(2,2),(0.,1.),(0.,0.001),
 .UNSPECIFIED.);
#6016=B_SPLINE_SURFACE_WITH_KNOTS('',2,1,((#10738,#10739),(#10740,#10741),
(#10742,#10743)),.UNSPECIFIED.,.F.,.F.,.F.,(3,3),(2,2),(0.,1.),(0.,0.001),
 .UNSPECIFIED.);
#6017=B_SPLINE_SURFACE_WITH_KNOTS('',2,1,((#10753,#10754),(#10755,#10756),
(#10757,#10758)),.UNSPECIFIED.,.F.,.F.,.F.,(3,3),(2,2),(0.,1.),(0.,0.001),
 .UNSPECIFIED.);
#6018=B_SPLINE_SURFACE_WITH_KNOTS('',2,1,((#10768,#10769),(#10770,#10771),
(#10772,#10773)),.UNSPECIFIED.,.F.,.F.,.F.,(3,3),(2,2),(0.,1.),(0.,0.001),
 .UNSPECIFIED.);
#6019=B_SPLINE_SURFACE_WITH_KNOTS('',2,1,((#10783,#10784),(#10785,#10786),
(#10787,#10788)),.UNSPECIFIED.,.F.,.F.,.F.,(3,3),(2,2),(0.,1.),(0.,0.001),
 .UNSPECIFIED.);
#6020=B_SPLINE_SURFACE_WITH_KNOTS('',2,1,((#10798,#10799),(#10800,#10801),
(#10802,#10803)),.UNSPECIFIED.,.F.,.F.,.F.,(3,3),(2,2),(0.,1.),(0.,0.001),
 .UNSPECIFIED.);
#6021=ADVANCED_FACE('',(#223),#5826,.F.);
#6022=ADVANCED_FACE('',(#224),#5827,.F.);
#6023=ADVANCED_FACE('',(#225),#5828,.F.);
#6024=ADVANCED_FACE('',(#226),#5829,.F.);
#6025=ADVANCED_FACE('',(#227),#5830,.F.);
#6026=ADVANCED_FACE('',(#228),#5831,.F.);
#6027=ADVANCED_FACE('',(#229),#5832,.F.);
#6028=ADVANCED_FACE('',(#230),#5833,.F.);
#6029=ADVANCED_FACE('',(#231),#5834,.F.);
#6030=ADVANCED_FACE('',(#232),#5835,.F.);
#6031=ADVANCED_FACE('',(#233),#5836,.F.);
#6032=ADVANCED_FACE('',(#234),#5837,.F.);
#6033=ADVANCED_FACE('',(#235),#5838,.F.);
#6034=ADVANCED_FACE('',(#236),#5839,.F.);
#6035=ADVANCED_FACE('',(#237),#5840,.F.);
#6036=ADVANCED_FACE('',(#238),#5841,.F.);
#6037=ADVANCED_FACE('',(#239),#5842,.F.);
#6038=ADVANCED_FACE('',(#240),#5843,.F.);
#6039=ADVANCED_FACE('',(#241,#51),#89,.T.);
#6040=ADVANCED_FACE('',(#242),#90,.F.);
#6041=ADVANCED_FACE('',(#243),#91,.F.);
#6042=ADVANCED_FACE('',(#244),#92,.F.);
#6043=ADVANCED_FACE('',(#245),#93,.F.);
#6044=ADVANCED_FACE('',(#246),#94,.F.);
#6045=ADVANCED_FACE('',(#247),#95,.F.);
#6046=ADVANCED_FACE('',(#248),#96,.F.);
#6047=ADVANCED_FACE('',(#249),#97,.F.);
#6048=ADVANCED_FACE('',(#250),#98,.F.);
#6049=ADVANCED_FACE('',(#251),#99,.F.);
#6050=ADVANCED_FACE('',(#252),#100,.F.);
#6051=ADVANCED_FACE('',(#253),#101,.F.);
#6052=ADVANCED_FACE('',(#254),#102,.F.);
#6053=ADVANCED_FACE('',(#255),#103,.F.);
#6054=ADVANCED_FACE('',(#256),#104,.F.);
#6055=ADVANCED_FACE('',(#257),#105,.F.);
#6056=ADVANCED_FACE('',(#258),#106,.F.);
#6057=ADVANCED_FACE('',(#259),#107,.F.);
#6058=ADVANCED_FACE('',(#260),#108,.F.);
#6059=ADVANCED_FACE('',(#261),#109,.F.);
#6060=ADVANCED_FACE('',(#262),#110,.F.);
#6061=ADVANCED_FACE('',(#263),#111,.F.);
#6062=ADVANCED_FACE('',(#264),#112,.F.);
#6063=ADVANCED_FACE('',(#265),#113,.F.);
#6064=ADVANCED_FACE('',(#266),#5844,.F.);
#6065=ADVANCED_FACE('',(#267),#5845,.F.);
#6066=ADVANCED_FACE('',(#268),#5846,.F.);
#6067=ADVANCED_FACE('',(#269),#5847,.F.);
#6068=ADVANCED_FACE('',(#270),#5848,.F.);
#6069=ADVANCED_FACE('',(#271),#114,.F.);
#6070=ADVANCED_FACE('',(#272),#115,.F.);
#6071=ADVANCED_FACE('',(#273),#116,.F.);
#6072=ADVANCED_FACE('',(#274),#117,.F.);
#6073=ADVANCED_FACE('',(#275),#118,.F.);
#6074=ADVANCED_FACE('',(#276),#5849,.F.);
#6075=ADVANCED_FACE('',(#277),#5850,.F.);
#6076=ADVANCED_FACE('',(#278),#5851,.F.);
#6077=ADVANCED_FACE('',(#279),#5852,.F.);
#6078=ADVANCED_FACE('',(#280),#5853,.F.);
#6079=ADVANCED_FACE('',(#281),#5854,.F.);
#6080=ADVANCED_FACE('',(#282),#119,.F.);
#6081=ADVANCED_FACE('',(#283),#120,.F.);
#6082=ADVANCED_FACE('',(#284),#121,.F.);
#6083=ADVANCED_FACE('',(#285),#122,.T.);
#6084=ADVANCED_FACE('',(#286),#5855,.F.);
#6085=ADVANCED_FACE('',(#287),#5856,.F.);
#6086=ADVANCED_FACE('',(#288),#5857,.F.);
#6087=ADVANCED_FACE('',(#289),#5858,.F.);
#6088=ADVANCED_FACE('',(#290),#123,.F.);
#6089=ADVANCED_FACE('',(#291),#5859,.F.);
#6090=ADVANCED_FACE('',(#292),#5860,.F.);
#6091=ADVANCED_FACE('',(#293),#5861,.F.);
#6092=ADVANCED_FACE('',(#294),#5862,.F.);
#6093=ADVANCED_FACE('',(#295),#5863,.F.);
#6094=ADVANCED_FACE('',(#296),#124,.F.);
#6095=ADVANCED_FACE('',(#297),#125,.F.);
#6096=ADVANCED_FACE('',(#298),#126,.F.);
#6097=ADVANCED_FACE('',(#299),#127,.T.);
#6098=ADVANCED_FACE('',(#300),#128,.F.);
#6099=ADVANCED_FACE('',(#301),#129,.F.);
#6100=ADVANCED_FACE('',(#302),#130,.F.);
#6101=ADVANCED_FACE('',(#303),#131,.F.);
#6102=ADVANCED_FACE('',(#304),#132,.F.);
#6103=ADVANCED_FACE('',(#305),#5864,.F.);
#6104=ADVANCED_FACE('',(#306),#5865,.F.);
#6105=ADVANCED_FACE('',(#307),#5866,.F.);
#6106=ADVANCED_FACE('',(#308),#5867,.F.);
#6107=ADVANCED_FACE('',(#309),#5868,.F.);
#6108=ADVANCED_FACE('',(#310),#5869,.F.);
#6109=ADVANCED_FACE('',(#311),#5870,.F.);
#6110=ADVANCED_FACE('',(#312),#5871,.F.);
#6111=ADVANCED_FACE('',(#313),#5872,.F.);
#6112=ADVANCED_FACE('',(#314),#5873,.F.);
#6113=ADVANCED_FACE('',(#315),#5874,.F.);
#6114=ADVANCED_FACE('',(#316),#5875,.F.);
#6115=ADVANCED_FACE('',(#317),#5876,.F.);
#6116=ADVANCED_FACE('',(#318),#5877,.F.);
#6117=ADVANCED_FACE('',(#319),#133,.F.);
#6118=ADVANCED_FACE('',(#320),#134,.F.);
#6119=ADVANCED_FACE('',(#321),#135,.F.);
#6120=ADVANCED_FACE('',(#322),#5878,.F.);
#6121=ADVANCED_FACE('',(#323),#5879,.F.);
#6122=ADVANCED_FACE('',(#324),#5880,.F.);
#6123=ADVANCED_FACE('',(#325),#5881,.F.);
#6124=ADVANCED_FACE('',(#326),#5882,.F.);
#6125=ADVANCED_FACE('',(#327),#5883,.F.);
#6126=ADVANCED_FACE('',(#328),#136,.F.);
#6127=ADVANCED_FACE('',(#329),#5884,.F.);
#6128=ADVANCED_FACE('',(#330),#5885,.F.);
#6129=ADVANCED_FACE('',(#331),#5886,.F.);
#6130=ADVANCED_FACE('',(#332),#5887,.F.);
#6131=ADVANCED_FACE('',(#333),#5888,.F.);
#6132=ADVANCED_FACE('',(#334),#137,.F.);
#6133=ADVANCED_FACE('',(#335),#5889,.F.);
#6134=ADVANCED_FACE('',(#336,#52),#138,.T.);
#6135=ADVANCED_FACE('',(#337),#139,.F.);
#6136=ADVANCED_FACE('',(#338),#140,.F.);
#6137=ADVANCED_FACE('',(#339),#141,.F.);
#6138=ADVANCED_FACE('',(#340),#142,.F.);
#6139=ADVANCED_FACE('',(#341),#143,.F.);
#6140=ADVANCED_FACE('',(#342),#144,.F.);
#6141=ADVANCED_FACE('',(#343),#145,.F.);
#6142=ADVANCED_FACE('',(#344),#146,.F.);
#6143=ADVANCED_FACE('',(#345),#147,.F.);
#6144=ADVANCED_FACE('',(#346),#148,.F.);
#6145=ADVANCED_FACE('',(#347),#5890,.F.);
#6146=ADVANCED_FACE('',(#348),#5891,.F.);
#6147=ADVANCED_FACE('',(#349),#5892,.F.);
#6148=ADVANCED_FACE('',(#350),#5893,.F.);
#6149=ADVANCED_FACE('',(#351),#149,.F.);
#6150=ADVANCED_FACE('',(#352),#5894,.F.);
#6151=ADVANCED_FACE('',(#353),#5895,.F.);
#6152=ADVANCED_FACE('',(#354),#5896,.F.);
#6153=ADVANCED_FACE('',(#355),#150,.F.);
#6154=ADVANCED_FACE('',(#356),#5897,.F.);
#6155=ADVANCED_FACE('',(#357),#5898,.F.);
#6156=ADVANCED_FACE('',(#358),#5899,.F.);
#6157=ADVANCED_FACE('',(#359),#5900,.F.);
#6158=ADVANCED_FACE('',(#360),#5901,.F.);
#6159=ADVANCED_FACE('',(#361),#5902,.F.);
#6160=ADVANCED_FACE('',(#362),#5903,.F.);
#6161=ADVANCED_FACE('',(#363),#5904,.F.);
#6162=ADVANCED_FACE('',(#364),#151,.F.);
#6163=ADVANCED_FACE('',(#365),#5905,.F.);
#6164=ADVANCED_FACE('',(#366,#53),#152,.T.);
#6165=ADVANCED_FACE('',(#367),#5906,.F.);
#6166=ADVANCED_FACE('',(#368),#5907,.F.);
#6167=ADVANCED_FACE('',(#369),#5908,.F.);
#6168=ADVANCED_FACE('',(#370),#5909,.F.);
#6169=ADVANCED_FACE('',(#371),#5910,.F.);
#6170=ADVANCED_FACE('',(#372),#5911,.F.);
#6171=ADVANCED_FACE('',(#373),#5912,.F.);
#6172=ADVANCED_FACE('',(#374),#5913,.F.);
#6173=ADVANCED_FACE('',(#375),#5914,.F.);
#6174=ADVANCED_FACE('',(#376),#5915,.F.);
#6175=ADVANCED_FACE('',(#377),#5916,.F.);
#6176=ADVANCED_FACE('',(#378),#5917,.F.);
#6177=ADVANCED_FACE('',(#379),#5918,.F.);
#6178=ADVANCED_FACE('',(#380),#5919,.F.);
#6179=ADVANCED_FACE('',(#381),#153,.F.);
#6180=ADVANCED_FACE('',(#382),#154,.F.);
#6181=ADVANCED_FACE('',(#383),#155,.F.);
#6182=ADVANCED_FACE('',(#384),#5920,.F.);
#6183=ADVANCED_FACE('',(#385),#5921,.F.);
#6184=ADVANCED_FACE('',(#386),#5922,.F.);
#6185=ADVANCED_FACE('',(#387),#5923,.F.);
#6186=ADVANCED_FACE('',(#388),#5924,.F.);
#6187=ADVANCED_FACE('',(#389),#5925,.F.);
#6188=ADVANCED_FACE('',(#390),#156,.F.);
#6189=ADVANCED_FACE('',(#391),#5926,.F.);
#6190=ADVANCED_FACE('',(#392),#5927,.F.);
#6191=ADVANCED_FACE('',(#393),#5928,.F.);
#6192=ADVANCED_FACE('',(#394),#5929,.F.);
#6193=ADVANCED_FACE('',(#395),#5930,.F.);
#6194=ADVANCED_FACE('',(#396),#157,.F.);
#6195=ADVANCED_FACE('',(#397),#5931,.F.);
#6196=ADVANCED_FACE('',(#398,#54),#158,.T.);
#6197=ADVANCED_FACE('',(#399),#5932,.F.);
#6198=ADVANCED_FACE('',(#400),#5933,.F.);
#6199=ADVANCED_FACE('',(#401),#5934,.F.);
#6200=ADVANCED_FACE('',(#402),#5935,.F.);
#6201=ADVANCED_FACE('',(#403),#5936,.F.);
#6202=ADVANCED_FACE('',(#404),#5937,.F.);
#6203=ADVANCED_FACE('',(#405),#5938,.F.);
#6204=ADVANCED_FACE('',(#406),#5939,.F.);
#6205=ADVANCED_FACE('',(#407),#5940,.F.);
#6206=ADVANCED_FACE('',(#408),#5941,.F.);
#6207=ADVANCED_FACE('',(#409),#5942,.F.);
#6208=ADVANCED_FACE('',(#410),#5943,.F.);
#6209=ADVANCED_FACE('',(#411),#5944,.F.);
#6210=ADVANCED_FACE('',(#412),#5945,.F.);
#6211=ADVANCED_FACE('',(#413),#5946,.F.);
#6212=ADVANCED_FACE('',(#414),#5947,.F.);
#6213=ADVANCED_FACE('',(#415),#5948,.F.);
#6214=ADVANCED_FACE('',(#416),#5949,.F.);
#6215=ADVANCED_FACE('',(#417,#55),#159,.T.);
#6216=ADVANCED_FACE('',(#418),#5950,.F.);
#6217=ADVANCED_FACE('',(#419),#5951,.F.);
#6218=ADVANCED_FACE('',(#420),#5952,.F.);
#6219=ADVANCED_FACE('',(#421),#5953,.F.);
#6220=ADVANCED_FACE('',(#422),#5954,.F.);
#6221=ADVANCED_FACE('',(#423),#5955,.F.);
#6222=ADVANCED_FACE('',(#424),#5956,.F.);
#6223=ADVANCED_FACE('',(#425),#5957,.F.);
#6224=ADVANCED_FACE('',(#426),#5958,.F.);
#6225=ADVANCED_FACE('',(#427),#5959,.F.);
#6226=ADVANCED_FACE('',(#428),#5960,.F.);
#6227=ADVANCED_FACE('',(#429),#160,.F.);
#6228=ADVANCED_FACE('',(#430),#5961,.F.);
#6229=ADVANCED_FACE('',(#431),#5962,.F.);
#6230=ADVANCED_FACE('',(#432),#5963,.F.);
#6231=ADVANCED_FACE('',(#433),#5964,.F.);
#6232=ADVANCED_FACE('',(#434),#5965,.F.);
#6233=ADVANCED_FACE('',(#435),#5966,.F.);
#6234=ADVANCED_FACE('',(#436),#5967,.F.);
#6235=ADVANCED_FACE('',(#437),#5968,.F.);
#6236=ADVANCED_FACE('',(#438),#5969,.F.);
#6237=ADVANCED_FACE('',(#439),#5970,.F.);
#6238=ADVANCED_FACE('',(#440),#5971,.F.);
#6239=ADVANCED_FACE('',(#441),#5972,.F.);
#6240=ADVANCED_FACE('',(#442),#161,.F.);
#6241=ADVANCED_FACE('',(#443),#5973,.F.);
#6242=ADVANCED_FACE('',(#444),#162,.T.);
#6243=ADVANCED_FACE('',(#445),#5974,.F.);
#6244=ADVANCED_FACE('',(#446),#5975,.F.);
#6245=ADVANCED_FACE('',(#447),#5976,.F.);
#6246=ADVANCED_FACE('',(#448),#5977,.F.);
#6247=ADVANCED_FACE('',(#449),#5978,.F.);
#6248=ADVANCED_FACE('',(#450),#5979,.F.);
#6249=ADVANCED_FACE('',(#451),#5980,.F.);
#6250=ADVANCED_FACE('',(#452),#5981,.F.);
#6251=ADVANCED_FACE('',(#453),#163,.F.);
#6252=ADVANCED_FACE('',(#454),#5982,.F.);
#6253=ADVANCED_FACE('',(#455),#5983,.F.);
#6254=ADVANCED_FACE('',(#456),#5984,.F.);
#6255=ADVANCED_FACE('',(#457),#164,.F.);
#6256=ADVANCED_FACE('',(#458),#5985,.F.);
#6257=ADVANCED_FACE('',(#459),#5986,.F.);
#6258=ADVANCED_FACE('',(#460),#5987,.F.);
#6259=ADVANCED_FACE('',(#461),#5988,.F.);
#6260=ADVANCED_FACE('',(#462),#5989,.F.);
#6261=ADVANCED_FACE('',(#463),#5990,.F.);
#6262=ADVANCED_FACE('',(#464),#5991,.F.);
#6263=ADVANCED_FACE('',(#465),#5992,.F.);
#6264=ADVANCED_FACE('',(#466),#5993,.F.);
#6265=ADVANCED_FACE('',(#467),#5994,.F.);
#6266=ADVANCED_FACE('',(#468),#165,.F.);
#6267=ADVANCED_FACE('',(#469),#5995,.F.);
#6268=ADVANCED_FACE('',(#470),#5996,.F.);
#6269=ADVANCED_FACE('',(#471),#166,.F.);
#6270=ADVANCED_FACE('',(#472),#5997,.F.);
#6271=ADVANCED_FACE('',(#473),#5998,.F.);
#6272=ADVANCED_FACE('',(#474),#5999,.F.);
#6273=ADVANCED_FACE('',(#475),#6000,.F.);
#6274=ADVANCED_FACE('',(#476),#6001,.F.);
#6275=ADVANCED_FACE('',(#477),#167,.F.);
#6276=ADVANCED_FACE('',(#478),#6002,.F.);
#6277=ADVANCED_FACE('',(#479,#56),#168,.T.);
#6278=ADVANCED_FACE('',(#480),#169,.F.);
#6279=ADVANCED_FACE('',(#481),#170,.F.);
#6280=ADVANCED_FACE('',(#482),#171,.F.);
#6281=ADVANCED_FACE('',(#483),#172,.F.);
#6282=ADVANCED_FACE('',(#484),#173,.F.);
#6283=ADVANCED_FACE('',(#485),#174,.F.);
#6284=ADVANCED_FACE('',(#486),#175,.F.);
#6285=ADVANCED_FACE('',(#487),#176,.F.);
#6286=ADVANCED_FACE('',(#488),#177,.F.);
#6287=ADVANCED_FACE('',(#489),#178,.F.);
#6288=ADVANCED_FACE('',(#490),#179,.F.);
#6289=ADVANCED_FACE('',(#491),#6003,.F.);
#6290=ADVANCED_FACE('',(#492),#6004,.F.);
#6291=ADVANCED_FACE('',(#493),#6005,.F.);
#6292=ADVANCED_FACE('',(#494),#6006,.F.);
#6293=ADVANCED_FACE('',(#495),#6007,.F.);
#6294=ADVANCED_FACE('',(#496),#6008,.F.);
#6295=ADVANCED_FACE('',(#497),#6009,.F.);
#6296=ADVANCED_FACE('',(#498),#6010,.F.);
#6297=ADVANCED_FACE('',(#499),#6011,.F.);
#6298=ADVANCED_FACE('',(#500),#6012,.F.);
#6299=ADVANCED_FACE('',(#501),#6013,.F.);
#6300=ADVANCED_FACE('',(#502),#6014,.F.);
#6301=ADVANCED_FACE('',(#503),#6015,.F.);
#6302=ADVANCED_FACE('',(#504),#6016,.F.);
#6303=ADVANCED_FACE('',(#505),#6017,.F.);
#6304=ADVANCED_FACE('',(#506),#6018,.F.);
#6305=ADVANCED_FACE('',(#507),#6019,.F.);
#6306=ADVANCED_FACE('',(#508),#6020,.F.);
#6307=ADVANCED_FACE('',(#509,#57),#180,.T.);
#6308=ADVANCED_FACE('',(#510),#181,.F.);
#6309=ADVANCED_FACE('',(#511),#182,.F.);
#6310=ADVANCED_FACE('',(#512),#183,.F.);
#6311=ADVANCED_FACE('',(#513),#184,.F.);
#6312=ADVANCED_FACE('',(#514),#185,.F.);
#6313=ADVANCED_FACE('',(#515),#186,.F.);
#6314=ADVANCED_FACE('',(#516),#187,.F.);
#6315=ADVANCED_FACE('',(#517),#188,.F.);
#6316=ADVANCED_FACE('',(#518),#189,.F.);
#6317=ADVANCED_FACE('',(#519),#190,.F.);
#6318=ADVANCED_FACE('',(#520),#191,.F.);
#6319=ADVANCED_FACE('',(#521),#192,.T.);
#6320=ADVANCED_FACE('',(#522),#193,.T.);
#6321=ADVANCED_FACE('',(#523),#194,.T.);
#6322=ADVANCED_FACE('',(#524),#195,.T.);
#6323=ADVANCED_FACE('',(#525),#196,.T.);
#6324=ADVANCED_FACE('',(#526),#197,.T.);
#6325=ADVANCED_FACE('',(#527),#198,.T.);
#6326=ADVANCED_FACE('',(#528),#39,.T.);
#6327=ADVANCED_FACE('',(#529,#58,#59,#60,#61,#62,#63,#64,#65,#66,#67,#68,
#69,#70,#71,#72,#73,#74,#75,#76,#77,#78,#79,#80),#199,.T.);
#6328=ADVANCED_FACE('',(#530),#200,.T.);
#6329=ADVANCED_FACE('',(#531),#40,.T.);
#6330=ADVANCED_FACE('',(#532),#41,.T.);
#6331=ADVANCED_FACE('',(#533),#201,.T.);
#6332=ADVANCED_FACE('',(#534),#42,.T.);
#6333=ADVANCED_FACE('',(#535),#202,.T.);
#6334=ADVANCED_FACE('',(#536),#203,.T.);
#6335=ADVANCED_FACE('',(#537),#204,.T.);
#6336=ADVANCED_FACE('',(#538),#205,.T.);
#6337=ADVANCED_FACE('',(#539),#206,.T.);
#6338=ADVANCED_FACE('',(#540,#81),#207,.T.);
#6339=ADVANCED_FACE('',(#541,#82,#83),#208,.F.);
#6340=ADVANCED_FACE('',(#542),#209,.T.);
#6341=ADVANCED_FACE('',(#543),#210,.T.);
#6342=ADVANCED_FACE('',(#544),#211,.T.);
#6343=ADVANCED_FACE('',(#545),#212,.T.);
#6344=ADVANCED_FACE('',(#546),#213,.T.);
#6345=ADVANCED_FACE('',(#547),#214,.T.);
#6346=ADVANCED_FACE('',(#548),#215,.T.);
#6347=ADVANCED_FACE('',(#549),#216,.T.);
#6348=ADVANCED_FACE('',(#550),#217,.T.);
#6349=ADVANCED_FACE('',(#551),#43,.T.);
#6350=ADVANCED_FACE('',(#552),#218,.T.);
#6351=ADVANCED_FACE('',(#553),#44,.T.);
#6352=ADVANCED_FACE('',(#554),#219,.T.);
#6353=ADVANCED_FACE('',(#555),#45,.T.);
#6354=ADVANCED_FACE('',(#556),#220,.T.);
#6355=ADVANCED_FACE('',(#557),#46,.T.);
#6356=ADVANCED_FACE('',(#558),#47,.F.);
#6357=ADVANCED_FACE('',(#559),#48,.F.);
#6358=ADVANCED_FACE('',(#560),#49,.F.);
#6359=ADVANCED_FACE('',(#561),#50,.F.);
#6360=ADVANCED_FACE('',(#562),#221,.T.);
#6361=ADVANCED_FACE('',(#563,#84,#85,#86,#87,#88),#222,.F.);
#6362=CLOSED_SHELL('',(#6021,#6022,#6023,#6024,#6025,#6026,#6027,#6028,
#6029,#6030,#6031,#6032,#6033,#6034,#6035,#6036,#6037,#6038,#6039,#6040,
#6041,#6042,#6043,#6044,#6045,#6046,#6047,#6048,#6049,#6050,#6051,#6052,
#6053,#6054,#6055,#6056,#6057,#6058,#6059,#6060,#6061,#6062,#6063,#6064,
#6065,#6066,#6067,#6068,#6069,#6070,#6071,#6072,#6073,#6074,#6075,#6076,
#6077,#6078,#6079,#6080,#6081,#6082,#6083,#6084,#6085,#6086,#6087,#6088,
#6089,#6090,#6091,#6092,#6093,#6094,#6095,#6096,#6097,#6098,#6099,#6100,
#6101,#6102,#6103,#6104,#6105,#6106,#6107,#6108,#6109,#6110,#6111,#6112,
#6113,#6114,#6115,#6116,#6117,#6118,#6119,#6120,#6121,#6122,#6123,#6124,
#6125,#6126,#6127,#6128,#6129,#6130,#6131,#6132,#6133,#6134,#6135,#6136,
#6137,#6138,#6139,#6140,#6141,#6142,#6143,#6144,#6145,#6146,#6147,#6148,
#6149,#6150,#6151,#6152,#6153,#6154,#6155,#6156,#6157,#6158,#6159,#6160,
#6161,#6162,#6163,#6164,#6165,#6166,#6167,#6168,#6169,#6170,#6171,#6172,
#6173,#6174,#6175,#6176,#6177,#6178,#6179,#6180,#6181,#6182,#6183,#6184,
#6185,#6186,#6187,#6188,#6189,#6190,#6191,#6192,#6193,#6194,#6195,#6196,
#6197,#6198,#6199,#6200,#6201,#6202,#6203,#6204,#6205,#6206,#6207,#6208,
#6209,#6210,#6211,#6212,#6213,#6214,#6215,#6216,#6217,#6218,#6219,#6220,
#6221,#6222,#6223,#6224,#6225,#6226,#6227,#6228,#6229,#6230,#6231,#6232,
#6233,#6234,#6235,#6236,#6237,#6238,#6239,#6240,#6241,#6242,#6243,#6244,
#6245,#6246,#6247,#6248,#6249,#6250,#6251,#6252,#6253,#6254,#6255,#6256,
#6257,#6258,#6259,#6260,#6261,#6262,#6263,#6264,#6265,#6266,#6267,#6268,
#6269,#6270,#6271,#6272,#6273,#6274,#6275,#6276,#6277,#6278,#6279,#6280,
#6281,#6282,#6283,#6284,#6285,#6286,#6287,#6288,#6289,#6290,#6291,#6292,
#6293,#6294,#6295,#6296,#6297,#6298,#6299,#6300,#6301,#6302,#6303,#6304,
#6305,#6306,#6307,#6308,#6309,#6310,#6311,#6312,#6313,#6314,#6315,#6316,
#6317,#6318,#6319,#6320,#6321,#6322,#6323,#6324,#6325,#6326,#6327,#6328,
#6329,#6330,#6331,#6332,#6333,#6334,#6335,#6336,#6337,#6338,#6339,#6340,
#6341,#6342,#6343,#6344,#6345,#6346,#6347,#6348,#6349,#6350,#6351,#6352,
#6353,#6354,#6355,#6356,#6357,#6358,#6359,#6360,#6361));
#6363=DERIVED_UNIT_ELEMENT(#6365,1.);
#6364=DERIVED_UNIT_ELEMENT(#11080,-3.);
#6365=(
MASS_UNIT()
NAMED_UNIT(*)
SI_UNIT(.KILO.,.GRAM.)
);
#6366=DERIVED_UNIT((#6363,#6364));
#6367=MEASURE_REPRESENTATION_ITEM('density measure',
POSITIVE_RATIO_MEASURE(7850.),#6366);
#6368=PROPERTY_DEFINITION_REPRESENTATION(#6373,#6370);
#6369=PROPERTY_DEFINITION_REPRESENTATION(#6374,#6371);
#6370=REPRESENTATION('material name',(#6372),#11077);
#6371=REPRESENTATION('density',(#6367),#11077);
#6372=DESCRIPTIVE_REPRESENTATION_ITEM('Steel','Steel');
#6373=PROPERTY_DEFINITION('material property','material name',#11087);
#6374=PROPERTY_DEFINITION('material property','density of part',#11087);
#6375=AXIS2_PLACEMENT_3D('',#7413,#6546,#6547);
#6376=AXIS2_PLACEMENT_3D('',#7684,#6566,#6567);
#6377=AXIS2_PLACEMENT_3D('',#7685,#6568,#6569);
#6378=AXIS2_PLACEMENT_3D('',#7694,#6574,#6575);
#6379=AXIS2_PLACEMENT_3D('',#7700,#6579,#6580);
#6380=AXIS2_PLACEMENT_3D('',#7706,#6584,#6585);
#6381=AXIS2_PLACEMENT_3D('',#7712,#6589,#6590);
#6382=AXIS2_PLACEMENT_3D('',#7718,#6594,#6595);
#6383=AXIS2_PLACEMENT_3D('',#7724,#6599,#6600);
#6384=AXIS2_PLACEMENT_3D('',#7730,#6604,#6605);
#6385=AXIS2_PLACEMENT_3D('',#7736,#6609,#6610);
#6386=AXIS2_PLACEMENT_3D('',#7742,#6614,#6615);
#6387=AXIS2_PLACEMENT_3D('',#7745,#6618,#6619);
#6388=AXIS2_PLACEMENT_3D('',#7746,#6620,#6621);
#6389=AXIS2_PLACEMENT_3D('',#7755,#6626,#6627);
#6390=AXIS2_PLACEMENT_3D('',#7761,#6631,#6632);
#6391=AXIS2_PLACEMENT_3D('',#7767,#6636,#6637);
#6392=AXIS2_PLACEMENT_3D('',#7773,#6641,#6642);
#6393=AXIS2_PLACEMENT_3D('',#7779,#6646,#6647);
#6394=AXIS2_PLACEMENT_3D('',#7785,#6651,#6652);
#6395=AXIS2_PLACEMENT_3D('',#7791,#6656,#6657);
#6396=AXIS2_PLACEMENT_3D('',#7797,#6661,#6662);
#6397=AXIS2_PLACEMENT_3D('',#7803,#6666,#6667);
#6398=AXIS2_PLACEMENT_3D('',#7809,#6671,#6672);
#6399=AXIS2_PLACEMENT_3D('',#7815,#6676,#6677);
#6400=AXIS2_PLACEMENT_3D('',#7818,#6680,#6681);
#6401=AXIS2_PLACEMENT_3D('',#7897,#6688,#6689);
#6402=AXIS2_PLACEMENT_3D('',#7903,#6693,#6694);
#6403=AXIS2_PLACEMENT_3D('',#7909,#6698,#6699);
#6404=AXIS2_PLACEMENT_3D('',#7915,#6703,#6704);
#6405=AXIS2_PLACEMENT_3D('',#7921,#6708,#6709);
#6406=AXIS2_PLACEMENT_3D('',#8017,#6719,#6720);
#6407=AXIS2_PLACEMENT_3D('',#8023,#6724,#6725);
#6408=AXIS2_PLACEMENT_3D('',#8029,#6729,#6730);
#6409=AXIS2_PLACEMENT_3D('',#8032,#6733,#6734);
#6410=AXIS2_PLACEMENT_3D('',#8096,#6740,#6741);
#6411=AXIS2_PLACEMENT_3D('',#8177,#6750,#6751);
#6412=AXIS2_PLACEMENT_3D('',#8183,#6755,#6756);
#6413=AXIS2_PLACEMENT_3D('',#8189,#6760,#6761);
#6414=AXIS2_PLACEMENT_3D('',#8192,#6764,#6765);
#6415=AXIS2_PLACEMENT_3D('',#8193,#6766,#6767);
#6416=AXIS2_PLACEMENT_3D('',#8202,#6772,#6773);
#6417=AXIS2_PLACEMENT_3D('',#8208,#6777,#6778);
#6418=AXIS2_PLACEMENT_3D('',#8214,#6782,#6783);
#6419=AXIS2_PLACEMENT_3D('',#8217,#6786,#6787);
#6420=AXIS2_PLACEMENT_3D('',#8431,#6803,#6804);
#6421=AXIS2_PLACEMENT_3D('',#8437,#6808,#6809);
#6422=AXIS2_PLACEMENT_3D('',#8443,#6813,#6814);
#6423=AXIS2_PLACEMENT_3D('',#8539,#6824,#6825);
#6424=AXIS2_PLACEMENT_3D('',#8620,#6834,#6835);
#6425=AXIS2_PLACEMENT_3D('',#8638,#6839,#6840);
#6426=AXIS2_PLACEMENT_3D('',#8639,#6841,#6842);
#6427=AXIS2_PLACEMENT_3D('',#8648,#6847,#6848);
#6428=AXIS2_PLACEMENT_3D('',#8654,#6852,#6853);
#6429=AXIS2_PLACEMENT_3D('',#8660,#6857,#6858);
#6430=AXIS2_PLACEMENT_3D('',#8663,#6861,#6862);
#6431=AXIS2_PLACEMENT_3D('',#8664,#6863,#6864);
#6432=AXIS2_PLACEMENT_3D('',#8673,#6869,#6870);
#6433=AXIS2_PLACEMENT_3D('',#8679,#6874,#6875);
#6434=AXIS2_PLACEMENT_3D('',#8685,#6879,#6880);
#6435=AXIS2_PLACEMENT_3D('',#8688,#6883,#6884);
#6436=AXIS2_PLACEMENT_3D('',#8752,#6890,#6891);
#6437=AXIS2_PLACEMENT_3D('',#8803,#6898,#6899);
#6438=AXIS2_PLACEMENT_3D('',#8929,#6911,#6912);
#6439=AXIS2_PLACEMENT_3D('',#8947,#6916,#6917);
#6440=AXIS2_PLACEMENT_3D('',#9161,#6933,#6934);
#6441=AXIS2_PLACEMENT_3D('',#9167,#6938,#6939);
#6442=AXIS2_PLACEMENT_3D('',#9173,#6943,#6944);
#6443=AXIS2_PLACEMENT_3D('',#9269,#6954,#6955);
#6444=AXIS2_PLACEMENT_3D('',#9350,#6964,#6965);
#6445=AXIS2_PLACEMENT_3D('',#9368,#6969,#6970);
#6446=AXIS2_PLACEMENT_3D('',#9639,#6989,#6990);
#6447=AXIS2_PLACEMENT_3D('',#9808,#7003,#7004);
#6448=AXIS2_PLACEMENT_3D('',#9994,#7020,#7021);
#6449=AXIS2_PLACEMENT_3D('',#10012,#7025,#7026);
#6450=AXIS2_PLACEMENT_3D('',#10136,#7036,#7037);
#6451=AXIS2_PLACEMENT_3D('',#10187,#7044,#7045);
#6452=AXIS2_PLACEMENT_3D('',#10343,#7059,#7060);
#6453=AXIS2_PLACEMENT_3D('',#10379,#7066,#7067);
#6454=AXIS2_PLACEMENT_3D('',#10460,#7076,#7077);
#6455=AXIS2_PLACEMENT_3D('',#10478,#7081,#7082);
#6456=AXIS2_PLACEMENT_3D('',#10479,#7083,#7084);
#6457=AXIS2_PLACEMENT_3D('',#10488,#7089,#7090);
#6458=AXIS2_PLACEMENT_3D('',#10494,#7094,#7095);
#6459=AXIS2_PLACEMENT_3D('',#10500,#7099,#7100);
#6460=AXIS2_PLACEMENT_3D('',#10506,#7104,#7105);
#6461=AXIS2_PLACEMENT_3D('',#10512,#7109,#7110);
#6462=AXIS2_PLACEMENT_3D('',#10518,#7114,#7115);
#6463=AXIS2_PLACEMENT_3D('',#10524,#7119,#7120);
#6464=AXIS2_PLACEMENT_3D('',#10530,#7124,#7125);
#6465=AXIS2_PLACEMENT_3D('',#10536,#7129,#7130);
#6466=AXIS2_PLACEMENT_3D('',#10539,#7133,#7134);
#6467=AXIS2_PLACEMENT_3D('',#10810,#7153,#7154);
#6468=AXIS2_PLACEMENT_3D('',#10811,#7155,#7156);
#6469=AXIS2_PLACEMENT_3D('',#10820,#7161,#7162);
#6470=AXIS2_PLACEMENT_3D('',#10826,#7166,#7167);
#6471=AXIS2_PLACEMENT_3D('',#10832,#7171,#7172);
#6472=AXIS2_PLACEMENT_3D('',#10838,#7176,#7177);
#6473=AXIS2_PLACEMENT_3D('',#10844,#7181,#7182);
#6474=AXIS2_PLACEMENT_3D('',#10850,#7186,#7187);
#6475=AXIS2_PLACEMENT_3D('',#10856,#7191,#7192);
#6476=AXIS2_PLACEMENT_3D('',#10862,#7196,#7197);
#6477=AXIS2_PLACEMENT_3D('',#10868,#7201,#7202);
#6478=AXIS2_PLACEMENT_3D('',#10871,#7205,#7206);
#6479=AXIS2_PLACEMENT_3D('',#10872,#7207,#7208);
#6480=AXIS2_PLACEMENT_3D('',#10873,#7209,#7210);
#6481=AXIS2_PLACEMENT_3D('',#10874,#7211,#7212);
#6482=AXIS2_PLACEMENT_3D('',#10875,#7213,#7214);
#6483=AXIS2_PLACEMENT_3D('',#10876,#7215,#7216);
#6484=AXIS2_PLACEMENT_3D('',#10877,#7217,#7218);
#6485=AXIS2_PLACEMENT_3D('',#10878,#7219,#7220);
#6486=AXIS2_PLACEMENT_3D('',#10879,#7221,#7222);
#6487=AXIS2_PLACEMENT_3D('',#10882,#7223,#7224);
#6488=AXIS2_PLACEMENT_3D('',#10886,#7226,#7227);
#6489=AXIS2_PLACEMENT_3D('',#10888,#7229,#7230);
#6490=AXIS2_PLACEMENT_3D('',#10892,#7232,#7233);
#6491=AXIS2_PLACEMENT_3D('',#10896,#7235,#7236);
#6492=AXIS2_PLACEMENT_3D('',#10900,#7238,#7239);
#6493=AXIS2_PLACEMENT_3D('',#10903,#7241,#7242);
#6494=AXIS2_PLACEMENT_3D('',#10905,#7243,#7244);
#6495=AXIS2_PLACEMENT_3D('',#10907,#7245,#7246);
#6496=AXIS2_PLACEMENT_3D('',#10909,#7247,#7248);
#6497=AXIS2_PLACEMENT_3D('',#10926,#7257,#7258);
#6498=AXIS2_PLACEMENT_3D('',#10930,#7261,#7262);
#6499=AXIS2_PLACEMENT_3D('',#10932,#7263,#7264);
#6500=AXIS2_PLACEMENT_3D('',#10934,#7266,#7267);
#6501=AXIS2_PLACEMENT_3D('',#10937,#7268,#7269);
#6502=AXIS2_PLACEMENT_3D('',#10940,#7272,#7273);
#6503=AXIS2_PLACEMENT_3D('',#10944,#7276,#7277);
#6504=AXIS2_PLACEMENT_3D('',#10947,#7279,#7280);
#6505=AXIS2_PLACEMENT_3D('',#10948,#7281,#7282);
#6506=AXIS2_PLACEMENT_3D('',#10950,#7284,#7285);
#6507=AXIS2_PLACEMENT_3D('',#10959,#7290,#7291);
#6508=AXIS2_PLACEMENT_3D('',#10965,#7295,#7296);
#6509=AXIS2_PLACEMENT_3D('',#10971,#7300,#7301);
#6510=AXIS2_PLACEMENT_3D('',#10974,#7304,#7305);
#6511=AXIS2_PLACEMENT_3D('',#10983,#7310,#7311);
#6512=AXIS2_PLACEMENT_3D('',#10988,#7313,#7314);
#6513=AXIS2_PLACEMENT_3D('',#10992,#7316,#7317);
#6514=AXIS2_PLACEMENT_3D('',#10996,#7319,#7320);
#6515=AXIS2_PLACEMENT_3D('',#10999,#7322,#7323);
#6516=AXIS2_PLACEMENT_3D('',#11008,#7328,#7329);
#6517=AXIS2_PLACEMENT_3D('',#11011,#7332,#7333);
#6518=AXIS2_PLACEMENT_3D('',#11013,#7335,#7336);
#6519=AXIS2_PLACEMENT_3D('',#11015,#7338,#7339);
#6520=AXIS2_PLACEMENT_3D('',#11016,#7340,#7341);
#6521=AXIS2_PLACEMENT_3D('',#11019,#7344,#7345);
#6522=AXIS2_PLACEMENT_3D('',#11021,#7347,#7348);
#6523=AXIS2_PLACEMENT_3D('',#11023,#7350,#7351);
#6524=AXIS2_PLACEMENT_3D('',#11024,#7352,#7353);
#6525=AXIS2_PLACEMENT_3D('',#11030,#7357,#7358);
#6526=AXIS2_PLACEMENT_3D('',#11032,#7359,#7360);
#6527=AXIS2_PLACEMENT_3D('',#11034,#7362,#7363);
#6528=AXIS2_PLACEMENT_3D('',#11038,#7366,#7367);
#6529=AXIS2_PLACEMENT_3D('',#11040,#7368,#7369);
#6530=AXIS2_PLACEMENT_3D('',#11042,#7371,#7372);
#6531=AXIS2_PLACEMENT_3D('',#11046,#7375,#7376);
#6532=AXIS2_PLACEMENT_3D('',#11048,#7377,#7378);
#6533=AXIS2_PLACEMENT_3D('',#11050,#7380,#7381);
#6534=AXIS2_PLACEMENT_3D('',#11054,#7384,#7385);
#6535=AXIS2_PLACEMENT_3D('',#11055,#7386,#7387);
#6536=AXIS2_PLACEMENT_3D('',#11056,#7388,#7389);
#6537=AXIS2_PLACEMENT_3D('',#11058,#7390,#7391);
#6538=AXIS2_PLACEMENT_3D('',#11060,#7393,#7394);
#6539=AXIS2_PLACEMENT_3D('',#11062,#7395,#7396);
#6540=AXIS2_PLACEMENT_3D('',#11064,#7398,#7399);
#6541=AXIS2_PLACEMENT_3D('',#11066,#7400,#7401);
#6542=AXIS2_PLACEMENT_3D('',#11068,#7403,#7404);
#6543=AXIS2_PLACEMENT_3D('',#11070,#7405,#7406);
#6544=AXIS2_PLACEMENT_3D('',#11072,#7408,#7409);
#6545=AXIS2_PLACEMENT_3D('',#11074,#7411,#7412);
#6546=DIRECTION('axis',(0.,0.,1.));
#6547=DIRECTION('refdir',(1.,0.,0.));
#6548=DIRECTION('',(0.,-1.,0.));
#6549=DIRECTION('',(0.,-1.,0.));
#6550=DIRECTION('',(0.,-1.,0.));
#6551=DIRECTION('',(0.,-1.,0.));
#6552=DIRECTION('',(0.,-1.,0.));
#6553=DIRECTION('',(0.,-1.,0.));
#6554=DIRECTION('',(0.,-1.,0.));
#6555=DIRECTION('',(0.,-1.,0.));
#6556=DIRECTION('',(0.,-1.,0.));
#6557=DIRECTION('',(0.,-1.,0.));
#6558=DIRECTION('',(0.,-1.,0.));
#6559=DIRECTION('',(0.,-1.,0.));
#6560=DIRECTION('',(0.,-1.,0.));
#6561=DIRECTION('',(0.,-1.,0.));
#6562=DIRECTION('',(0.,-1.,0.));
#6563=DIRECTION('',(0.,-1.,0.));
#6564=DIRECTION('',(0.,-1.,0.));
#6565=DIRECTION('',(0.,-1.,0.));
#6566=DIRECTION('center_axis',(0.,1.,0.));
#6567=DIRECTION('ref_axis',(-1.,0.,0.));
#6568=DIRECTION('center_axis',(-0.00218066197347202,0.,-0.999997622353852));
#6569=DIRECTION('ref_axis',(0.999997622353852,0.,-0.00218066197347202));
#6570=DIRECTION('',(0.999997622353852,0.,-0.00218066197347202));
#6571=DIRECTION('',(0.,-1.,0.));
#6572=DIRECTION('',(0.999997622353852,0.,-0.00218066197347202));
#6573=DIRECTION('',(0.,-1.,0.));
#6574=DIRECTION('center_axis',(0.999997622353852,0.,-0.00218066197347206));
#6575=DIRECTION('ref_axis',(0.00218066197347206,0.,0.999997622353852));
#6576=DIRECTION('',(0.00218066197347206,0.,0.999997622353852));
#6577=DIRECTION('',(0.,-1.,0.));
#6578=DIRECTION('',(0.00218066197347206,0.,0.999997622353852));
#6579=DIRECTION('center_axis',(-0.0021806619734712,0.,-0.999997622353852));
#6580=DIRECTION('ref_axis',(0.999997622353852,0.,-0.0021806619734712));
#6581=DIRECTION('',(0.999997622353852,0.,-0.0021806619734712));
#6582=DIRECTION('',(0.,-1.,0.));
#6583=DIRECTION('',(0.999997622353852,0.,-0.0021806619734712));
#6584=DIRECTION('center_axis',(-0.999997622353852,0.,0.00218066197347206));
#6585=DIRECTION('ref_axis',(-0.00218066197347206,0.,-0.999997622353852));
#6586=DIRECTION('',(-0.00218066197347206,0.,-0.999997622353852));
#6587=DIRECTION('',(0.,-1.,0.));
#6588=DIRECTION('',(-0.00218066197347206,0.,-0.999997622353852));
#6589=DIRECTION('center_axis',(-0.0021806619734717,0.,-0.999997622353852));
#6590=DIRECTION('ref_axis',(0.999997622353852,0.,-0.0021806619734717));
#6591=DIRECTION('',(0.999997622353852,0.,-0.0021806619734717));
#6592=DIRECTION('',(0.,-1.,0.));
#6593=DIRECTION('',(0.999997622353852,0.,-0.0021806619734717));
#6594=DIRECTION('center_axis',(0.999997622353852,0.,-0.0021806619734714));
#6595=DIRECTION('ref_axis',(0.0021806619734714,0.,0.999997622353852));
#6596=DIRECTION('',(0.0021806619734714,0.,0.999997622353852));
#6597=DIRECTION('',(0.,-1.,0.));
#6598=DIRECTION('',(0.0021806619734714,0.,0.999997622353852));
#6599=DIRECTION('center_axis',(-0.0021806619734712,0.,-0.999997622353852));
#6600=DIRECTION('ref_axis',(0.999997622353852,0.,-0.0021806619734712));
#6601=DIRECTION('',(0.999997622353852,0.,-0.0021806619734712));
#6602=DIRECTION('',(0.,-1.,0.));
#6603=DIRECTION('',(0.999997622353852,0.,-0.0021806619734712));
#6604=DIRECTION('center_axis',(-0.999997622353852,0.,0.00218066197347206));
#6605=DIRECTION('ref_axis',(-0.00218066197347206,0.,-0.999997622353852));
#6606=DIRECTION('',(-0.00218066197347206,0.,-0.999997622353852));
#6607=DIRECTION('',(0.,-1.,0.));
#6608=DIRECTION('',(-0.00218066197347206,0.,-0.999997622353852));
#6609=DIRECTION('center_axis',(0.00218066197347211,0.,0.999997622353852));
#6610=DIRECTION('ref_axis',(-0.999997622353852,0.,0.00218066197347211));
#6611=DIRECTION('',(-0.999997622353852,0.,0.00218066197347211));
#6612=DIRECTION('',(0.,-1.,0.));
#6613=DIRECTION('',(-0.999997622353852,0.,0.00218066197347211));
#6614=DIRECTION('center_axis',(0.999997622353852,0.,-0.00218066197347146));
#6615=DIRECTION('ref_axis',(0.00218066197347146,0.,0.999997622353852));
#6616=DIRECTION('',(0.00218066197347146,0.,0.999997622353852));
#6617=DIRECTION('',(0.00218066197347146,0.,0.999997622353852));
#6618=DIRECTION('center_axis',(0.,-1.,0.));
#6619=DIRECTION('ref_axis',(0.,0.,-1.));
#6620=DIRECTION('center_axis',(-3.90636516819541E-16,0.,-1.));
#6621=DIRECTION('ref_axis',(1.,0.,-3.90636516819541E-16));
#6622=DIRECTION('',(1.,0.,-3.90636516819541E-16));
#6623=DIRECTION('',(0.,-1.,0.));
#6624=DIRECTION('',(1.,0.,-3.90636516819541E-16));
#6625=DIRECTION('',(0.,-1.,0.));
#6626=DIRECTION('center_axis',(1.,0.,0.));
#6627=DIRECTION('ref_axis',(0.,0.,1.));
#6628=DIRECTION('',(0.,0.,1.));
#6629=DIRECTION('',(0.,-1.,0.));
#6630=DIRECTION('',(0.,0.,1.));
#6631=DIRECTION('center_axis',(3.90636516819541E-16,0.,1.));
#6632=DIRECTION('ref_axis',(-1.,0.,3.90636516819541E-16));
#6633=DIRECTION('',(-1.,0.,3.90636516819541E-16));
#6634=DIRECTION('',(0.,-1.,0.));
#6635=DIRECTION('',(-1.,0.,3.90636516819541E-16));
#6636=DIRECTION('center_axis',(1.,0.,0.));
#6637=DIRECTION('ref_axis',(0.,0.,1.));
#6638=DIRECTION('',(0.,0.,1.));
#6639=DIRECTION('',(0.,-1.,0.));
#6640=DIRECTION('',(0.,0.,1.));
#6641=DIRECTION('center_axis',(-5.12410645545183E-16,0.,-1.));
#6642=DIRECTION('ref_axis',(1.,0.,-5.12410645545183E-16));
#6643=DIRECTION('',(1.,0.,-5.12410645545183E-16));
#6644=DIRECTION('',(0.,-1.,0.));
#6645=DIRECTION('',(1.,0.,-5.12410645545183E-16));
#6646=DIRECTION('center_axis',(-1.,0.,0.));
#6647=DIRECTION('ref_axis',(0.,0.,-1.));
#6648=DIRECTION('',(0.,0.,-1.));
#6649=DIRECTION('',(0.,-1.,0.));
#6650=DIRECTION('',(0.,0.,-1.));
#6651=DIRECTION('center_axis',(4.33965378256326E-16,0.,1.));
#6652=DIRECTION('ref_axis',(-1.,0.,4.33965378256326E-16));
#6653=DIRECTION('',(-1.,0.,4.33965378256326E-16));
#6654=DIRECTION('',(0.,-1.,0.));
#6655=DIRECTION('',(-1.,0.,4.33965378256326E-16));
#6656=DIRECTION('center_axis',(-1.,0.,0.));
#6657=DIRECTION('ref_axis',(0.,0.,-1.));
#6658=DIRECTION('',(0.,0.,-1.));
#6659=DIRECTION('',(0.,-1.,0.));
#6660=DIRECTION('',(0.,0.,-1.));
#6661=DIRECTION('center_axis',(-4.33965378256326E-16,0.,-1.));
#6662=DIRECTION('ref_axis',(1.,0.,-4.33965378256326E-16));
#6663=DIRECTION('',(1.,0.,-4.33965378256326E-16));
#6664=DIRECTION('',(0.,-1.,0.));
#6665=DIRECTION('',(1.,0.,-4.33965378256326E-16));
#6666=DIRECTION('center_axis',(-1.,0.,0.));
#6667=DIRECTION('ref_axis',(0.,0.,-1.));
#6668=DIRECTION('',(0.,0.,-1.));
#6669=DIRECTION('',(0.,-1.,0.));
#6670=DIRECTION('',(0.,0.,-1.));
#6671=DIRECTION('center_axis',(3.41607097030122E-16,0.,1.));
#6672=DIRECTION('ref_axis',(-1.,0.,3.41607097030122E-16));
#6673=DIRECTION('',(-1.,0.,3.41607097030122E-16));
#6674=DIRECTION('',(0.,-1.,0.));
#6675=DIRECTION('',(-1.,0.,3.41607097030122E-16));
#6676=DIRECTION('center_axis',(1.,0.,0.));
#6677=DIRECTION('ref_axis',(0.,0.,1.));
#6678=DIRECTION('',(0.,0.,1.));
#6679=DIRECTION('',(0.,0.,1.));
#6680=DIRECTION('center_axis',(0.,-1.,0.));
#6681=DIRECTION('ref_axis',(0.,0.,-1.));
#6682=DIRECTION('',(0.,-1.,0.));
#6683=DIRECTION('',(0.,-1.,0.));
#6684=DIRECTION('',(0.,-1.,0.));
#6685=DIRECTION('',(0.,-1.,0.));
#6686=DIRECTION('',(0.,-1.,0.));
#6687=DIRECTION('',(0.,-1.,0.));
#6688=DIRECTION('center_axis',(-4.01278897203688E-16,0.,-1.));
#6689=DIRECTION('ref_axis',(1.,0.,-4.01278897203688E-16));
#6690=DIRECTION('',(1.,0.,-4.01278897203688E-16));
#6691=DIRECTION('',(0.,-1.,0.));
#6692=DIRECTION('',(1.,0.,-4.01278897203688E-16));
#6693=DIRECTION('center_axis',(-1.,0.,0.));
#6694=DIRECTION('ref_axis',(0.,0.,-1.));
#6695=DIRECTION('',(0.,0.,-1.));
#6696=DIRECTION('',(0.,-1.,0.));
#6697=DIRECTION('',(0.,0.,-1.));
#6698=DIRECTION('center_axis',(4.71559315445676E-16,0.,1.));
#6699=DIRECTION('ref_axis',(-1.,0.,4.71559315445676E-16));
#6700=DIRECTION('',(-1.,0.,4.71559315445676E-16));
#6701=DIRECTION('',(0.,-1.,0.));
#6702=DIRECTION('',(-1.,0.,4.71559315445676E-16));
#6703=DIRECTION('center_axis',(1.,0.,0.));
#6704=DIRECTION('ref_axis',(0.,0.,1.));
#6705=DIRECTION('',(0.,0.,1.));
#6706=DIRECTION('',(0.,-1.,0.));
#6707=DIRECTION('',(0.,0.,1.));
#6708=DIRECTION('center_axis',(-5.20577968182786E-16,0.,-1.));
#6709=DIRECTION('ref_axis',(1.,0.,-5.20577968182786E-16));
#6710=DIRECTION('',(1.,0.,-5.20577968182786E-16));
#6711=DIRECTION('',(0.,-1.,0.));
#6712=DIRECTION('',(1.,0.,-5.20577968182786E-16));
#6713=DIRECTION('',(0.,-1.,0.));
#6714=DIRECTION('',(0.,-1.,0.));
#6715=DIRECTION('',(0.,-1.,0.));
#6716=DIRECTION('',(0.,-1.,0.));
#6717=DIRECTION('',(0.,-1.,0.));
#6718=DIRECTION('',(0.,-1.,0.));
#6719=DIRECTION('center_axis',(4.61988937245574E-16,0.,1.));
#6720=DIRECTION('ref_axis',(-1.,0.,4.61988937245574E-16));
#6721=DIRECTION('',(-1.,0.,4.61988937245574E-16));
#6722=DIRECTION('',(0.,-1.,0.));
#6723=DIRECTION('',(-1.,0.,4.61988937245574E-16));
#6724=DIRECTION('center_axis',(1.,0.,0.));
#6725=DIRECTION('ref_axis',(0.,0.,1.));
#6726=DIRECTION('',(0.,0.,1.));
#6727=DIRECTION('',(0.,-1.,0.));
#6728=DIRECTION('',(0.,0.,1.));
#6729=DIRECTION('center_axis',(-3.79390921690438E-16,0.,-1.));
#6730=DIRECTION('ref_axis',(1.,0.,-3.79390921690438E-16));
#6731=DIRECTION('',(1.,0.,-3.79390921690438E-16));
#6732=DIRECTION('',(1.,0.,-3.79390921690438E-16));
#6733=DIRECTION('center_axis',(0.,1.,0.));
#6734=DIRECTION('ref_axis',(-1.,0.,0.));
#6735=DIRECTION('',(0.,-1.,0.));
#6736=DIRECTION('',(0.,-1.,0.));
#6737=DIRECTION('',(0.,-1.,0.));
#6738=DIRECTION('',(0.,-1.,0.));
#6739=DIRECTION('',(0.,-1.,0.));
#6740=DIRECTION('center_axis',(-0.993486660599594,0.,0.113948476122616));
#6741=DIRECTION('ref_axis',(-0.113948476122616,0.,-0.993486660599594));
#6742=DIRECTION('',(-0.113948476122616,0.,-0.993486660599594));
#6743=DIRECTION('',(0.,-1.,0.));
#6744=DIRECTION('',(-0.113948476122616,0.,-0.993486660599594));
#6745=DIRECTION('',(0.,-1.,0.));
#6746=DIRECTION('',(0.,-1.,0.));
#6747=DIRECTION('',(0.,-1.,0.));
#6748=DIRECTION('',(0.,-1.,0.));
#6749=DIRECTION('',(0.,-1.,0.));
#6750=DIRECTION('center_axis',(-5.39650782390925E-16,0.,-1.));
#6751=DIRECTION('ref_axis',(1.,0.,-5.39650782390925E-16));
#6752=DIRECTION('',(1.,0.,-5.39650782390925E-16));
#6753=DIRECTION('',(0.,-1.,0.));
#6754=DIRECTION('',(1.,0.,-5.39650782390925E-16));
#6755=DIRECTION('center_axis',(-1.,0.,0.));
#6756=DIRECTION('ref_axis',(0.,0.,-1.));
#6757=DIRECTION('',(0.,0.,-1.));
#6758=DIRECTION('',(0.,-1.,0.));
#6759=DIRECTION('',(0.,0.,-1.));
#6760=DIRECTION('center_axis',(5.2882342882292E-16,0.,1.));
#6761=DIRECTION('ref_axis',(-1.,0.,5.2882342882292E-16));
#6762=DIRECTION('',(-1.,0.,5.2882342882292E-16));
#6763=DIRECTION('',(-1.,0.,5.2882342882292E-16));
#6764=DIRECTION('center_axis',(0.,1.,0.));
#6765=DIRECTION('ref_axis',(-1.,0.,0.));
#6766=DIRECTION('center_axis',(-4.71559315445676E-16,0.,-1.));
#6767=DIRECTION('ref_axis',(1.,0.,-4.71559315445676E-16));
#6768=DIRECTION('',(1.,0.,-4.71559315445676E-16));
#6769=DIRECTION('',(0.,-1.,0.));
#6770=DIRECTION('',(1.,0.,-4.71559315445676E-16));
#6771=DIRECTION('',(0.,-1.,0.));
#6772=DIRECTION('center_axis',(-1.,0.,0.));
#6773=DIRECTION('ref_axis',(0.,0.,-1.));
#6774=DIRECTION('',(0.,0.,-1.));
#6775=DIRECTION('',(0.,-1.,0.));
#6776=DIRECTION('',(0.,0.,-1.));
#6777=DIRECTION('center_axis',(4.71559315445676E-16,0.,1.));
#6778=DIRECTION('ref_axis',(-1.,0.,4.71559315445676E-16));
#6779=DIRECTION('',(-1.,0.,4.71559315445676E-16));
#6780=DIRECTION('',(0.,-1.,0.));
#6781=DIRECTION('',(-1.,0.,4.71559315445676E-16));
#6782=DIRECTION('center_axis',(1.,0.,0.));
#6783=DIRECTION('ref_axis',(0.,0.,1.));
#6784=DIRECTION('',(0.,0.,1.));
#6785=DIRECTION('',(0.,0.,1.));
#6786=DIRECTION('center_axis',(0.,-1.,0.));
#6787=DIRECTION('ref_axis',(0.,0.,-1.));
#6788=DIRECTION('',(0.,-1.,0.));
#6789=DIRECTION('',(0.,-1.,0.));
#6790=DIRECTION('',(0.,-1.,0.));
#6791=DIRECTION('',(0.,-1.,0.));
#6792=DIRECTION('',(0.,-1.,0.));
#6793=DIRECTION('',(0.,-1.,0.));
#6794=DIRECTION('',(0.,-1.,0.));
#6795=DIRECTION('',(0.,-1.,0.));
#6796=DIRECTION('',(0.,-1.,0.));
#6797=DIRECTION('',(0.,-1.,0.));
#6798=DIRECTION('',(0.,-1.,0.));
#6799=DIRECTION('',(0.,-1.,0.));
#6800=DIRECTION('',(0.,-1.,0.));
#6801=DIRECTION('',(0.,-1.,0.));
#6802=DIRECTION('',(0.,-1.,0.));
#6803=DIRECTION('center_axis',(-5.25494186789092E-16,0.,-1.));
#6804=DIRECTION('ref_axis',(1.,0.,-5.25494186789092E-16));
#6805=DIRECTION('',(1.,0.,-5.25494186789092E-16));
#6806=DIRECTION('',(0.,-1.,0.));
#6807=DIRECTION('',(1.,0.,-5.25494186789092E-16));
#6808=DIRECTION('center_axis',(-1.,0.,0.));
#6809=DIRECTION('ref_axis',(0.,0.,-1.));
#6810=DIRECTION('',(0.,0.,-1.));
#6811=DIRECTION('',(0.,-1.,0.));
#6812=DIRECTION('',(0.,0.,-1.));
#6813=DIRECTION('center_axis',(8.40261730371643E-16,0.,1.));
#6814=DIRECTION('ref_axis',(-1.,0.,8.40261730371643E-16));
#6815=DIRECTION('',(-1.,0.,8.40261730371643E-16));
#6816=DIRECTION('',(0.,-1.,0.));
#6817=DIRECTION('',(-1.,0.,8.40261730371643E-16));
#6818=DIRECTION('',(0.,-1.,0.));
#6819=DIRECTION('',(0.,-1.,0.));
#6820=DIRECTION('',(0.,-1.,0.));
#6821=DIRECTION('',(0.,-1.,0.));
#6822=DIRECTION('',(0.,-1.,0.));
#6823=DIRECTION('',(0.,-1.,0.));
#6824=DIRECTION('center_axis',(8.07735770747958E-16,0.,1.));
#6825=DIRECTION('ref_axis',(-1.,0.,8.07735770747958E-16));
#6826=DIRECTION('',(-1.,0.,8.07735770747958E-16));
#6827=DIRECTION('',(0.,-1.,0.));
#6828=DIRECTION('',(-1.,0.,8.07735770747958E-16));
#6829=DIRECTION('',(0.,-1.,0.));
#6830=DIRECTION('',(0.,-1.,0.));
#6831=DIRECTION('',(0.,-1.,0.));
#6832=DIRECTION('',(0.,-1.,0.));
#6833=DIRECTION('',(0.,-1.,0.));
#6834=DIRECTION('center_axis',(-0.992700192893266,0.,-0.12060815490535));
#6835=DIRECTION('ref_axis',(0.12060815490535,0.,-0.992700192893266));
#6836=DIRECTION('',(0.12060815490535,0.,-0.992700192893266));
#6837=DIRECTION('',(0.,-1.,0.));
#6838=DIRECTION('',(0.12060815490535,0.,-0.992700192893266));
#6839=DIRECTION('center_axis',(0.,1.,0.));
#6840=DIRECTION('ref_axis',(-1.,0.,0.));
#6841=DIRECTION('center_axis',(-3.41607097030122E-16,0.,-1.));
#6842=DIRECTION('ref_axis',(1.,0.,-3.41607097030122E-16));
#6843=DIRECTION('',(1.,0.,-3.41607097030122E-16));
#6844=DIRECTION('',(0.,-1.,0.));
#6845=DIRECTION('',(1.,0.,-3.41607097030122E-16));
#6846=DIRECTION('',(0.,-1.,0.));
#6847=DIRECTION('center_axis',(-1.,0.,0.));
#6848=DIRECTION('ref_axis',(0.,0.,-1.));
#6849=DIRECTION('',(0.,0.,-1.));
#6850=DIRECTION('',(0.,-1.,0.));
#6851=DIRECTION('',(0.,0.,-1.));
#6852=DIRECTION('center_axis',(3.41607097030122E-16,0.,1.));
#6853=DIRECTION('ref_axis',(-1.,0.,3.41607097030122E-16));
#6854=DIRECTION('',(-1.,0.,3.41607097030122E-16));
#6855=DIRECTION('',(0.,-1.,0.));
#6856=DIRECTION('',(-1.,0.,3.41607097030122E-16));
#6857=DIRECTION('center_axis',(1.,0.,0.));
#6858=DIRECTION('ref_axis',(0.,0.,1.));
#6859=DIRECTION('',(0.,0.,1.));
#6860=DIRECTION('',(0.,0.,1.));
#6861=DIRECTION('center_axis',(0.,-1.,0.));
#6862=DIRECTION('ref_axis',(0.,0.,-1.));
#6863=DIRECTION('center_axis',(0.,0.,-1.));
#6864=DIRECTION('ref_axis',(1.,0.,0.));
#6865=DIRECTION('',(1.,0.,0.));
#6866=DIRECTION('',(0.,-1.,0.));
#6867=DIRECTION('',(1.,0.,0.));
#6868=DIRECTION('',(0.,-1.,0.));
#6869=DIRECTION('center_axis',(-1.,0.,0.));
#6870=DIRECTION('ref_axis',(0.,0.,-1.));
#6871=DIRECTION('',(0.,0.,-1.));
#6872=DIRECTION('',(0.,-1.,0.));
#6873=DIRECTION('',(0.,0.,-1.));
#6874=DIRECTION('center_axis',(0.,0.,1.));
#6875=DIRECTION('ref_axis',(-1.,0.,0.));
#6876=DIRECTION('',(-1.,0.,0.));
#6877=DIRECTION('',(0.,-1.,0.));
#6878=DIRECTION('',(-1.,0.,0.));
#6879=DIRECTION('center_axis',(1.,0.,0.));
#6880=DIRECTION('ref_axis',(0.,0.,1.));
#6881=DIRECTION('',(0.,0.,1.));
#6882=DIRECTION('',(0.,0.,1.));
#6883=DIRECTION('center_axis',(0.,-1.,0.));
#6884=DIRECTION('ref_axis',(0.,0.,-1.));
#6885=DIRECTION('',(0.,-1.,0.));
#6886=DIRECTION('',(0.,-1.,0.));
#6887=DIRECTION('',(0.,-1.,0.));
#6888=DIRECTION('',(0.,-1.,0.));
#6889=DIRECTION('',(0.,-1.,0.));
#6890=DIRECTION('center_axis',(-1.,0.,1.19237372336714E-15));
#6891=DIRECTION('ref_axis',(-1.19237372336714E-15,0.,-1.));
#6892=DIRECTION('',(-1.19237372336714E-15,0.,-1.));
#6893=DIRECTION('',(-1.19237372336714E-15,0.,-1.));
#6894=DIRECTION('',(0.,-1.,0.));
#6895=DIRECTION('',(0.,-1.,0.));
#6896=DIRECTION('',(0.,-1.,0.));
#6897=DIRECTION('',(0.,-1.,0.));
#6898=DIRECTION('center_axis',(1.,0.,-7.11357905723477E-16));
#6899=DIRECTION('ref_axis',(7.11357905723477E-16,0.,1.));
#6900=DIRECTION('',(7.11357905723477E-16,0.,1.));
#6901=DIRECTION('',(0.,-1.,0.));
#6902=DIRECTION('',(7.11357905723477E-16,0.,1.));
#6903=DIRECTION('',(0.,-1.,0.));
#6904=DIRECTION('',(0.,-1.,0.));
#6905=DIRECTION('',(0.,-1.,0.));
#6906=DIRECTION('',(0.,-1.,0.));
#6907=DIRECTION('',(0.,-1.,0.));
#6908=DIRECTION('',(0.,-1.,0.));
#6909=DIRECTION('',(0.,-1.,0.));
#6910=DIRECTION('',(0.,-1.,0.));
#6911=DIRECTION('center_axis',(-0.986202791803128,0.,-0.16554169698211));
#6912=DIRECTION('ref_axis',(0.16554169698211,0.,-0.986202791803128));
#6913=DIRECTION('',(0.16554169698211,0.,-0.986202791803128));
#6914=DIRECTION('',(0.,-1.,0.));
#6915=DIRECTION('',(0.16554169698211,0.,-0.986202791803128));
#6916=DIRECTION('center_axis',(0.,1.,0.));
#6917=DIRECTION('ref_axis',(-1.,0.,0.));
#6918=DIRECTION('',(0.,-1.,0.));
#6919=DIRECTION('',(0.,-1.,0.));
#6920=DIRECTION('',(0.,-1.,0.));
#6921=DIRECTION('',(0.,-1.,0.));
#6922=DIRECTION('',(0.,-1.,0.));
#6923=DIRECTION('',(0.,-1.,0.));
#6924=DIRECTION('',(0.,-1.,0.));
#6925=DIRECTION('',(0.,-1.,0.));
#6926=DIRECTION('',(0.,-1.,0.));
#6927=DIRECTION('',(0.,-1.,0.));
#6928=DIRECTION('',(0.,-1.,0.));
#6929=DIRECTION('',(0.,-1.,0.));
#6930=DIRECTION('',(0.,-1.,0.));
#6931=DIRECTION('',(0.,-1.,0.));
#6932=DIRECTION('',(0.,-1.,0.));
#6933=DIRECTION('center_axis',(-4.68018260109035E-16,0.,-1.));
#6934=DIRECTION('ref_axis',(1.,0.,-4.68018260109035E-16));
#6935=DIRECTION('',(1.,0.,-4.68018260109035E-16));
#6936=DIRECTION('',(0.,-1.,0.));
#6937=DIRECTION('',(1.,0.,-4.68018260109035E-16));
#6938=DIRECTION('center_axis',(-1.,0.,0.));
#6939=DIRECTION('ref_axis',(0.,0.,-1.));
#6940=DIRECTION('',(0.,0.,-1.));
#6941=DIRECTION('',(0.,-1.,0.));
#6942=DIRECTION('',(0.,0.,-1.));
#6943=DIRECTION('center_axis',(4.20130865185821E-16,0.,1.));
#6944=DIRECTION('ref_axis',(-1.,0.,4.20130865185821E-16));
#6945=DIRECTION('',(-1.,0.,4.20130865185821E-16));
#6946=DIRECTION('',(0.,-1.,0.));
#6947=DIRECTION('',(-1.,0.,4.20130865185821E-16));
#6948=DIRECTION('',(0.,-1.,0.));
#6949=DIRECTION('',(0.,-1.,0.));
#6950=DIRECTION('',(0.,-1.,0.));
#6951=DIRECTION('',(0.,-1.,0.));
#6952=DIRECTION('',(0.,-1.,0.));
#6953=DIRECTION('',(0.,-1.,0.));
#6954=DIRECTION('center_axis',(4.03867885373979E-16,0.,1.));
#6955=DIRECTION('ref_axis',(-1.,0.,4.03867885373979E-16));
#6956=DIRECTION('',(-1.,0.,4.03867885373979E-16));
#6957=DIRECTION('',(0.,-1.,0.));
#6958=DIRECTION('',(-1.,0.,4.03867885373979E-16));
#6959=DIRECTION('',(0.,-1.,0.));
#6960=DIRECTION('',(0.,-1.,0.));
#6961=DIRECTION('',(0.,-1.,0.));
#6962=DIRECTION('',(0.,-1.,0.));
#6963=DIRECTION('',(0.,-1.,0.));
#6964=DIRECTION('center_axis',(-0.992700192893266,0.,-0.12060815490535));
#6965=DIRECTION('ref_axis',(0.12060815490535,0.,-0.992700192893266));
#6966=DIRECTION('',(0.12060815490535,0.,-0.992700192893266));
#6967=DIRECTION('',(0.,-1.,0.));
#6968=DIRECTION('',(0.12060815490535,0.,-0.992700192893266));
#6969=DIRECTION('center_axis',(0.,1.,0.));
#6970=DIRECTION('ref_axis',(-1.,0.,0.));
#6971=DIRECTION('',(0.,-1.,0.));
#6972=DIRECTION('',(0.,-1.,0.));
#6973=DIRECTION('',(0.,-1.,0.));
#6974=DIRECTION('',(0.,-1.,0.));
#6975=DIRECTION('',(0.,-1.,0.));
#6976=DIRECTION('',(0.,-1.,0.));
#6977=DIRECTION('',(0.,-1.,0.));
#6978=DIRECTION('',(0.,-1.,0.));
#6979=DIRECTION('',(0.,-1.,0.));
#6980=DIRECTION('',(0.,-1.,0.));
#6981=DIRECTION('',(0.,-1.,0.));
#6982=DIRECTION('',(0.,-1.,0.));
#6983=DIRECTION('',(0.,-1.,0.));
#6984=DIRECTION('',(0.,-1.,0.));
#6985=DIRECTION('',(0.,-1.,0.));
#6986=DIRECTION('',(0.,-1.,0.));
#6987=DIRECTION('',(0.,-1.,0.));
#6988=DIRECTION('',(0.,-1.,0.));
#6989=DIRECTION('center_axis',(0.,1.,0.));
#6990=DIRECTION('ref_axis',(-1.,0.,0.));
#6991=DIRECTION('',(0.,-1.,0.));
#6992=DIRECTION('',(0.,-1.,0.));
#6993=DIRECTION('',(0.,-1.,0.));
#6994=DIRECTION('',(0.,-1.,0.));
#6995=DIRECTION('',(0.,-1.,0.));
#6996=DIRECTION('',(0.,-1.,0.));
#6997=DIRECTION('',(0.,-1.,0.));
#6998=DIRECTION('',(0.,-1.,0.));
#6999=DIRECTION('',(0.,-1.,0.));
#7000=DIRECTION('',(0.,-1.,0.));
#7001=DIRECTION('',(0.,-1.,0.));
#7002=DIRECTION('',(0.,-1.,0.));
#7003=DIRECTION('center_axis',(0.983331236905935,0.,-0.181823206783522));
#7004=DIRECTION('ref_axis',(0.181823206783522,0.,0.983331236905935));
#7005=DIRECTION('',(0.181823206783522,0.,0.983331236905935));
#7006=DIRECTION('',(0.,-1.,0.));
#7007=DIRECTION('',(0.181823206783522,0.,0.983331236905935));
#7008=DIRECTION('',(0.,-1.,0.));
#7009=DIRECTION('',(0.,-1.,0.));
#7010=DIRECTION('',(0.,-1.,0.));
#7011=DIRECTION('',(0.,-1.,0.));
#7012=DIRECTION('',(0.,-1.,0.));
#7013=DIRECTION('',(0.,-1.,0.));
#7014=DIRECTION('',(0.,-1.,0.));
#7015=DIRECTION('',(0.,-1.,0.));
#7016=DIRECTION('',(0.,-1.,0.));
#7017=DIRECTION('',(0.,-1.,0.));
#7018=DIRECTION('',(0.,-1.,0.));
#7019=DIRECTION('',(0.,-1.,0.));
#7020=DIRECTION('center_axis',(-0.988573462166898,0.,0.150739874948046));
#7021=DIRECTION('ref_axis',(-0.150739874948046,0.,-0.988573462166898));
#7022=DIRECTION('',(-0.150739874948046,0.,-0.988573462166898));
#7023=DIRECTION('',(0.,-1.,0.));
#7024=DIRECTION('',(-0.150739874948046,0.,-0.988573462166898));
#7025=DIRECTION('center_axis',(0.,1.,0.));
#7026=DIRECTION('ref_axis',(-1.,0.,0.));
#7027=DIRECTION('',(0.,-1.,0.));
#7028=DIRECTION('',(0.,-1.,0.));
#7029=DIRECTION('',(0.,-1.,0.));
#7030=DIRECTION('',(0.,-1.,0.));
#7031=DIRECTION('',(0.,-1.,0.));
#7032=DIRECTION('',(0.,-1.,0.));
#7033=DIRECTION('',(0.,-1.,0.));
#7034=DIRECTION('',(0.,-1.,0.));
#7035=DIRECTION('',(0.,-1.,0.));
#7036=DIRECTION('center_axis',(5.58923214955157E-16,0.,1.));
#7037=DIRECTION('ref_axis',(-1.,0.,5.58923214955157E-16));
#7038=DIRECTION('',(-1.,0.,5.58923214955157E-16));
#7039=DIRECTION('',(-1.,0.,5.58923214955157E-16));
#7040=DIRECTION('',(0.,-1.,0.));
#7041=DIRECTION('',(0.,-1.,0.));
#7042=DIRECTION('',(0.,-1.,0.));
#7043=DIRECTION('',(0.,-1.,0.));
#7044=DIRECTION('center_axis',(0.,0.,1.));
#7045=DIRECTION('ref_axis',(-1.,0.,0.));
#7046=DIRECTION('',(-1.,0.,0.));
#7047=DIRECTION('',(0.,-1.,0.));
#7048=DIRECTION('',(-1.,0.,0.));
#7049=DIRECTION('',(0.,-1.,0.));
#7050=DIRECTION('',(0.,-1.,0.));
#7051=DIRECTION('',(0.,-1.,0.));
#7052=DIRECTION('',(0.,-1.,0.));
#7053=DIRECTION('',(0.,-1.,0.));
#7054=DIRECTION('',(0.,-1.,0.));
#7055=DIRECTION('',(0.,-1.,0.));
#7056=DIRECTION('',(0.,-1.,0.));
#7057=DIRECTION('',(0.,-1.,0.));
#7058=DIRECTION('',(0.,-1.,0.));
#7059=DIRECTION('center_axis',(1.,0.,0.));
#7060=DIRECTION('ref_axis',(0.,0.,1.));
#7061=DIRECTION('',(0.,0.,1.));
#7062=DIRECTION('',(0.,-1.,0.));
#7063=DIRECTION('',(0.,0.,1.));
#7064=DIRECTION('',(0.,-1.,0.));
#7065=DIRECTION('',(0.,-1.,0.));
#7066=DIRECTION('center_axis',(0.00914587145883811,0.,-0.999958175642991));
#7067=DIRECTION('ref_axis',(0.999958175642991,0.,0.00914587145883811));
#7068=DIRECTION('',(0.999958175642991,0.,0.00914587145883811));
#7069=DIRECTION('',(0.,-1.,0.));
#7070=DIRECTION('',(0.999958175642991,0.,0.00914587145883811));
#7071=DIRECTION('',(0.,-1.,0.));
#7072=DIRECTION('',(0.,-1.,0.));
#7073=DIRECTION('',(0.,-1.,0.));
#7074=DIRECTION('',(0.,-1.,0.));
#7075=DIRECTION('',(0.,-1.,0.));
#7076=DIRECTION('center_axis',(0.984115990949559,0.,0.177526663792703));
#7077=DIRECTION('ref_axis',(-0.177526663792703,0.,0.984115990949559));
#7078=DIRECTION('',(-0.177526663792703,0.,0.984115990949559));
#7079=DIRECTION('',(0.,-1.,0.));
#7080=DIRECTION('',(-0.177526663792703,0.,0.984115990949559));
#7081=DIRECTION('center_axis',(0.,1.,0.));
#7082=DIRECTION('ref_axis',(-1.,0.,0.));
#7083=DIRECTION('center_axis',(-0.00218066197347202,0.,-0.999997622353852));
#7084=DIRECTION('ref_axis',(0.999997622353852,0.,-0.00218066197347202));
#7085=DIRECTION('',(0.999997622353852,0.,-0.00218066197347202));
#7086=DIRECTION('',(0.,-1.,0.));
#7087=DIRECTION('',(0.999997622353852,0.,-0.00218066197347202));
#7088=DIRECTION('',(0.,-1.,0.));
#7089=DIRECTION('center_axis',(0.999997622353852,0.,-0.00218066197347205));
#7090=DIRECTION('ref_axis',(0.00218066197347205,0.,0.999997622353852));
#7091=DIRECTION('',(0.00218066197347205,0.,0.999997622353852));
#7092=DIRECTION('',(0.,-1.,0.));
#7093=DIRECTION('',(0.00218066197347205,0.,0.999997622353852));
#7094=DIRECTION('center_axis',(-0.0021806619734712,0.,-0.999997622353852));
#7095=DIRECTION('ref_axis',(0.999997622353852,0.,-0.0021806619734712));
#7096=DIRECTION('',(0.999997622353852,0.,-0.0021806619734712));
#7097=DIRECTION('',(0.,-1.,0.));
#7098=DIRECTION('',(0.999997622353852,0.,-0.0021806619734712));
#7099=DIRECTION('center_axis',(-0.999997622353852,0.,0.00218066197347205));
#7100=DIRECTION('ref_axis',(-0.00218066197347205,0.,-0.999997622353852));
#7101=DIRECTION('',(-0.00218066197347205,0.,-0.999997622353852));
#7102=DIRECTION('',(0.,-1.,0.));
#7103=DIRECTION('',(-0.00218066197347205,0.,-0.999997622353852));
#7104=DIRECTION('center_axis',(-0.0021806619734717,0.,-0.999997622353852));
#7105=DIRECTION('ref_axis',(0.999997622353852,0.,-0.0021806619734717));
#7106=DIRECTION('',(0.999997622353852,0.,-0.0021806619734717));
#7107=DIRECTION('',(0.,-1.,0.));
#7108=DIRECTION('',(0.999997622353852,0.,-0.0021806619734717));
#7109=DIRECTION('center_axis',(0.999997622353852,0.,-0.0021806619734714));
#7110=DIRECTION('ref_axis',(0.0021806619734714,0.,0.999997622353852));
#7111=DIRECTION('',(0.0021806619734714,0.,0.999997622353852));
#7112=DIRECTION('',(0.,-1.,0.));
#7113=DIRECTION('',(0.0021806619734714,0.,0.999997622353852));
#7114=DIRECTION('center_axis',(-0.0021806619734712,0.,-0.999997622353852));
#7115=DIRECTION('ref_axis',(0.999997622353852,0.,-0.0021806619734712));
#7116=DIRECTION('',(0.999997622353852,0.,-0.0021806619734712));
#7117=DIRECTION('',(0.,-1.,0.));
#7118=DIRECTION('',(0.999997622353852,0.,-0.0021806619734712));
#7119=DIRECTION('center_axis',(-0.999997622353852,0.,0.00218066197347206));
#7120=DIRECTION('ref_axis',(-0.00218066197347206,0.,-0.999997622353852));
#7121=DIRECTION('',(-0.00218066197347206,0.,-0.999997622353852));
#7122=DIRECTION('',(0.,-1.,0.));
#7123=DIRECTION('',(-0.00218066197347206,0.,-0.999997622353852));
#7124=DIRECTION('center_axis',(0.00218066197347255,0.,0.999997622353852));
#7125=DIRECTION('ref_axis',(-0.999997622353852,0.,0.00218066197347255));
#7126=DIRECTION('',(-0.999997622353852,0.,0.00218066197347255));
#7127=DIRECTION('',(0.,-1.,0.));
#7128=DIRECTION('',(-0.999997622353852,0.,0.00218066197347255));
#7129=DIRECTION('center_axis',(0.999997622353852,0.,-0.00218066197347145));
#7130=DIRECTION('ref_axis',(0.00218066197347145,0.,0.999997622353852));
#7131=DIRECTION('',(0.00218066197347145,0.,0.999997622353852));
#7132=DIRECTION('',(0.00218066197347145,0.,0.999997622353852));
#7133=DIRECTION('center_axis',(0.,-1.,0.));
#7134=DIRECTION('ref_axis',(0.,0.,-1.));
#7135=DIRECTION('',(0.,-1.,0.));
#7136=DIRECTION('',(0.,-1.,0.));
#7137=DIRECTION('',(0.,-1.,0.));
#7138=DIRECTION('',(0.,-1.,0.));
#7139=DIRECTION('',(0.,-1.,0.));
#7140=DIRECTION('',(0.,-1.,0.));
#7141=DIRECTION('',(0.,-1.,0.));
#7142=DIRECTION('',(0.,-1.,0.));
#7143=DIRECTION('',(0.,-1.,0.));
#7144=DIRECTION('',(0.,-1.,0.));
#7145=DIRECTION('',(0.,-1.,0.));
#7146=DIRECTION('',(0.,-1.,0.));
#7147=DIRECTION('',(0.,-1.,0.));
#7148=DIRECTION('',(0.,-1.,0.));
#7149=DIRECTION('',(0.,-1.,0.));
#7150=DIRECTION('',(0.,-1.,0.));
#7151=DIRECTION('',(0.,-1.,0.));
#7152=DIRECTION('',(0.,-1.,0.));
#7153=DIRECTION('center_axis',(0.,1.,0.));
#7154=DIRECTION('ref_axis',(-1.,0.,0.));
#7155=DIRECTION('center_axis',(0.,0.,-1.));
#7156=DIRECTION('ref_axis',(1.,0.,0.));
#7157=DIRECTION('',(1.,0.,0.));
#7158=DIRECTION('',(0.,-1.,0.));
#7159=DIRECTION('',(1.,0.,0.));
#7160=DIRECTION('',(0.,-1.,0.));
#7161=DIRECTION('center_axis',(0.525833795382002,0.,0.850587338040109));
#7162=DIRECTION('ref_axis',(-0.850587338040109,0.,0.525833795382002));
#7163=DIRECTION('',(-0.850587338040109,0.,0.525833795382002));
#7164=DIRECTION('',(0.,-1.,0.));
#7165=DIRECTION('',(-0.850587338040109,0.,0.525833795382002));
#7166=DIRECTION('center_axis',(1.,0.,0.));
#7167=DIRECTION('ref_axis',(0.,0.,1.));
#7168=DIRECTION('',(0.,0.,1.));
#7169=DIRECTION('',(0.,-1.,0.));
#7170=DIRECTION('',(0.,0.,1.));
#7171=DIRECTION('center_axis',(0.,0.,-1.));
#7172=DIRECTION('ref_axis',(1.,0.,0.));
#7173=DIRECTION('',(1.,0.,0.));
#7174=DIRECTION('',(0.,-1.,0.));
#7175=DIRECTION('',(1.,0.,0.));
#7176=DIRECTION('center_axis',(-1.,0.,0.));
#7177=DIRECTION('ref_axis',(0.,0.,-1.));
#7178=DIRECTION('',(0.,0.,-1.));
#7179=DIRECTION('',(0.,-1.,0.));
#7180=DIRECTION('',(0.,0.,-1.));
#7181=DIRECTION('center_axis',(0.,0.,1.));
#7182=DIRECTION('ref_axis',(-1.,0.,0.));
#7183=DIRECTION('',(-1.,0.,0.));
#7184=DIRECTION('',(0.,-1.,0.));
#7185=DIRECTION('',(-1.,0.,0.));
#7186=DIRECTION('center_axis',(-0.522541553993569,0.,-0.85261381900013));
#7187=DIRECTION('ref_axis',(0.85261381900013,0.,-0.522541553993569));
#7188=DIRECTION('',(0.85261381900013,0.,-0.522541553993569));
#7189=DIRECTION('',(0.,-1.,0.));
#7190=DIRECTION('',(0.85261381900013,0.,-0.522541553993569));
#7191=DIRECTION('center_axis',(-1.,0.,0.));
#7192=DIRECTION('ref_axis',(0.,0.,-1.));
#7193=DIRECTION('',(0.,0.,-1.));
#7194=DIRECTION('',(0.,-1.,0.));
#7195=DIRECTION('',(0.,0.,-1.));
#7196=DIRECTION('center_axis',(0.,0.,1.));
#7197=DIRECTION('ref_axis',(-1.,0.,0.));
#7198=DIRECTION('',(-1.,0.,0.));
#7199=DIRECTION('',(0.,-1.,0.));
#7200=DIRECTION('',(-1.,0.,0.));
#7201=DIRECTION('center_axis',(1.,0.,0.));
#7202=DIRECTION('ref_axis',(0.,0.,1.));
#7203=DIRECTION('',(0.,0.,1.));
#7204=DIRECTION('',(0.,0.,1.));
#7205=DIRECTION('center_axis',(0.,-1.,0.));
#7206=DIRECTION('ref_axis',(0.,0.,-1.));
#7207=DIRECTION('center_axis',(0.,1.,0.));
#7208=DIRECTION('ref_axis',(1.,0.,0.));
#7209=DIRECTION('center_axis',(0.,1.,0.));
#7210=DIRECTION('ref_axis',(1.,0.,0.));
#7211=DIRECTION('center_axis',(0.,1.,0.));
#7212=DIRECTION('ref_axis',(1.,0.,0.));
#7213=DIRECTION('center_axis',(0.,1.,0.));
#7214=DIRECTION('ref_axis',(1.,0.,0.));
#7215=DIRECTION('center_axis',(0.,1.,0.));
#7216=DIRECTION('ref_axis',(1.,0.,0.));
#7217=DIRECTION('center_axis',(0.,1.,0.));
#7218=DIRECTION('ref_axis',(1.,0.,0.));
#7219=DIRECTION('center_axis',(0.,1.,0.));
#7220=DIRECTION('ref_axis',(1.,0.,0.));
#7221=DIRECTION('center_axis',(0.,1.,0.));
#7222=DIRECTION('ref_axis',(-0.707106781186547,0.,-0.707106781186548));
#7223=DIRECTION('center_axis',(0.,-1.,0.));
#7224=DIRECTION('ref_axis',(-0.707106781186547,0.,-0.707106781186548));
#7225=DIRECTION('',(0.,-1.,0.));
#7226=DIRECTION('center_axis',(0.,1.,0.));
#7227=DIRECTION('ref_axis',(-0.707106781186547,0.,-0.707106781186548));
#7228=DIRECTION('',(0.,1.,0.));
#7229=DIRECTION('center_axis',(0.,1.,0.));
#7230=DIRECTION('ref_axis',(1.,0.,0.));
#7231=DIRECTION('',(0.,0.,1.));
#7232=DIRECTION('center_axis',(0.,-1.,0.));
#7233=DIRECTION('ref_axis',(-0.707106781186547,0.,0.707106781186548));
#7234=DIRECTION('',(1.,0.,0.));
#7235=DIRECTION('center_axis',(0.,-1.,0.));
#7236=DIRECTION('ref_axis',(0.707106781186548,0.,0.707106781186547));
#7237=DIRECTION('',(-1.26701629058506E-16,0.,-1.));
#7238=DIRECTION('center_axis',(0.,-1.,0.));
#7239=DIRECTION('ref_axis',(0.707106781186548,0.,-0.707106781186547));
#7240=DIRECTION('',(-1.,0.,3.21803775253669E-17));
#7241=DIRECTION('center_axis',(0.,-1.,0.));
#7242=DIRECTION('ref_axis',(1.,0.,0.));
#7243=DIRECTION('center_axis',(0.,-1.,0.));
#7244=DIRECTION('ref_axis',(1.,0.,0.));
#7245=DIRECTION('center_axis',(0.,-1.,0.));
#7246=DIRECTION('ref_axis',(1.,0.,0.));
#7247=DIRECTION('center_axis',(0.,-1.,0.));
#7248=DIRECTION('ref_axis',(1.,0.,0.));
#7249=DIRECTION('',(1.48029736616687E-16,0.,1.));
#7250=DIRECTION('',(-1.,0.,0.));
#7251=DIRECTION('',(3.70074341541719E-16,0.,-1.));
#7252=DIRECTION('',(1.,0.,0.));
#7253=DIRECTION('',(1.,0.,0.));
#7254=DIRECTION('',(9.17140759472955E-16,0.,1.));
#7255=DIRECTION('',(-1.,0.,1.2335811384724E-16));
#7256=DIRECTION('',(-1.17056123248522E-15,0.,-1.));
#7257=DIRECTION('center_axis',(-1.,0.,0.));
#7258=DIRECTION('ref_axis',(0.,0.,-1.));
#7259=DIRECTION('',(0.,0.,-1.));
#7260=DIRECTION('',(0.,-1.,0.));
#7261=DIRECTION('center_axis',(0.,1.,0.));
#7262=DIRECTION('ref_axis',(-0.707106781186547,0.,0.707106781186548));
#7263=DIRECTION('center_axis',(0.,1.,0.));
#7264=DIRECTION('ref_axis',(-0.707106781186547,0.,0.707106781186548));
#7265=DIRECTION('',(0.,1.,0.));
#7266=DIRECTION('center_axis',(0.,-1.,0.));
#7267=DIRECTION('ref_axis',(0.707106781186548,0.,-0.707106781186547));
#7268=DIRECTION('center_axis',(0.,1.,0.));
#7269=DIRECTION('ref_axis',(0.707106781186548,0.,-0.707106781186547));
#7270=DIRECTION('',(0.,1.,0.));
#7271=DIRECTION('',(0.,-1.,0.));
#7272=DIRECTION('center_axis',(1.,0.,-1.26701629058506E-16));
#7273=DIRECTION('ref_axis',(1.26701629058506E-16,0.,1.));
#7274=DIRECTION('',(0.,1.,0.));
#7275=DIRECTION('',(1.26701629058506E-16,0.,1.));
#7276=DIRECTION('center_axis',(0.,1.,0.));
#7277=DIRECTION('ref_axis',(0.707106781186548,0.,0.707106781186547));
#7278=DIRECTION('',(0.,-1.,0.));
#7279=DIRECTION('center_axis',(0.,1.,0.));
#7280=DIRECTION('ref_axis',(0.707106781186548,0.,0.707106781186547));
#7281=DIRECTION('center_axis',(0.,0.,1.));
#7282=DIRECTION('ref_axis',(-1.,0.,0.));
#7283=DIRECTION('',(-1.,0.,0.));
#7284=DIRECTION('center_axis',(0.,0.,-1.));
#7285=DIRECTION('ref_axis',(1.,0.,0.));
#7286=DIRECTION('',(-1.,0.,0.));
#7287=DIRECTION('',(0.,-1.,0.));
#7288=DIRECTION('',(1.,0.,0.));
#7289=DIRECTION('',(0.,-1.,0.));
#7290=DIRECTION('center_axis',(-1.,0.,7.47265497343855E-16));
#7291=DIRECTION('ref_axis',(-7.47265497343855E-16,0.,-1.));
#7292=DIRECTION('',(7.47265497343855E-16,0.,1.));
#7293=DIRECTION('',(-7.47265497343855E-16,0.,-1.));
#7294=DIRECTION('',(0.,-1.,0.));
#7295=DIRECTION('center_axis',(0.,0.,1.));
#7296=DIRECTION('ref_axis',(-1.,0.,0.));
#7297=DIRECTION('',(1.,0.,0.));
#7298=DIRECTION('',(-1.,0.,0.));
#7299=DIRECTION('',(0.,-1.,0.));
#7300=DIRECTION('center_axis',(1.,0.,-6.83214169000096E-16));
#7301=DIRECTION('ref_axis',(6.83214169000096E-16,0.,1.));
#7302=DIRECTION('',(-6.83214169000096E-16,0.,-1.));
#7303=DIRECTION('',(6.83214169000096E-16,0.,1.));
#7304=DIRECTION('center_axis',(0.,-1.,0.));
#7305=DIRECTION('ref_axis',(0.,0.,-1.));
#7306=DIRECTION('',(-1.,0.,0.));
#7307=DIRECTION('',(1.17056123248522E-15,0.,1.));
#7308=DIRECTION('',(1.,0.,-1.2335811384724E-16));
#7309=DIRECTION('',(-9.17140759472955E-16,0.,-1.));
#7310=DIRECTION('center_axis',(0.,1.,0.));
#7311=DIRECTION('ref_axis',(1.,0.,0.));
#7312=DIRECTION('',(0.,0.,1.));
#7313=DIRECTION('center_axis',(0.,1.,0.));
#7314=DIRECTION('ref_axis',(1.,0.,0.));
#7315=DIRECTION('',(-1.,0.,0.));
#7316=DIRECTION('center_axis',(0.,1.,0.));
#7317=DIRECTION('ref_axis',(1.,0.,0.));
#7318=DIRECTION('',(0.,0.,-1.));
#7319=DIRECTION('center_axis',(0.,1.,0.));
#7320=DIRECTION('ref_axis',(1.,0.,0.));
#7321=DIRECTION('',(1.,0.,0.));
#7322=DIRECTION('center_axis',(0.,1.,0.));
#7323=DIRECTION('ref_axis',(1.,0.,0.));
#7324=DIRECTION('',(1.48029736616687E-16,0.,1.));
#7325=DIRECTION('',(1.,0.,0.));
#7326=DIRECTION('',(3.70074341541719E-16,0.,-1.));
#7327=DIRECTION('',(-1.,0.,0.));
#7328=DIRECTION('center_axis',(1.,0.,-1.17056123248522E-15));
#7329=DIRECTION('ref_axis',(-1.17056123248522E-15,0.,-1.));
#7330=DIRECTION('',(0.,-1.,0.));
#7331=DIRECTION('',(0.,1.,0.));
#7332=DIRECTION('center_axis',(-1.2335811384724E-16,0.,-1.));
#7333=DIRECTION('ref_axis',(-1.,0.,1.2335811384724E-16));
#7334=DIRECTION('',(0.,1.,0.));
#7335=DIRECTION('center_axis',(-1.,0.,9.17140759472955E-16));
#7336=DIRECTION('ref_axis',(9.17140759472955E-16,0.,1.));
#7337=DIRECTION('',(0.,1.,0.));
#7338=DIRECTION('center_axis',(0.,0.,1.));
#7339=DIRECTION('ref_axis',(1.,0.,0.));
#7340=DIRECTION('center_axis',(0.,0.,1.));
#7341=DIRECTION('ref_axis',(1.,0.,0.));
#7342=DIRECTION('',(0.,1.,0.));
#7343=DIRECTION('',(0.,1.,0.));
#7344=DIRECTION('center_axis',(1.,0.,3.70074341541719E-16));
#7345=DIRECTION('ref_axis',(3.70074341541719E-16,0.,-1.));
#7346=DIRECTION('',(0.,1.,0.));
#7347=DIRECTION('center_axis',(0.,0.,-1.));
#7348=DIRECTION('ref_axis',(-1.,0.,0.));
#7349=DIRECTION('',(0.,1.,0.));
#7350=DIRECTION('center_axis',(-1.,0.,1.48029736616687E-16));
#7351=DIRECTION('ref_axis',(1.48029736616687E-16,0.,1.));
#7352=DIRECTION('center_axis',(-1.,0.,0.));
#7353=DIRECTION('ref_axis',(0.,0.,-1.));
#7354=DIRECTION('',(0.,-1.,0.));
#7355=DIRECTION('',(0.,0.,-1.));
#7356=DIRECTION('',(0.,-1.,0.));
#7357=DIRECTION('center_axis',(0.,-1.,0.));
#7358=DIRECTION('ref_axis',(1.,0.,0.));
#7359=DIRECTION('center_axis',(0.,-1.,0.));
#7360=DIRECTION('ref_axis',(1.,0.,0.));
#7361=DIRECTION('',(0.,-1.,0.));
#7362=DIRECTION('center_axis',(0.,0.,-1.));
#7363=DIRECTION('ref_axis',(1.,0.,0.));
#7364=DIRECTION('',(1.,0.,0.));
#7365=DIRECTION('',(0.,-1.,0.));
#7366=DIRECTION('center_axis',(0.,-1.,0.));
#7367=DIRECTION('ref_axis',(1.,0.,0.));
#7368=DIRECTION('center_axis',(0.,-1.,0.));
#7369=DIRECTION('ref_axis',(1.,0.,0.));
#7370=DIRECTION('',(0.,-1.,0.));
#7371=DIRECTION('center_axis',(1.,0.,0.));
#7372=DIRECTION('ref_axis',(0.,0.,1.));
#7373=DIRECTION('',(0.,0.,1.));
#7374=DIRECTION('',(0.,-1.,0.));
#7375=DIRECTION('center_axis',(0.,-1.,0.));
#7376=DIRECTION('ref_axis',(1.,0.,0.));
#7377=DIRECTION('center_axis',(0.,-1.,0.));
#7378=DIRECTION('ref_axis',(1.,0.,0.));
#7379=DIRECTION('',(0.,-1.,0.));
#7380=DIRECTION('center_axis',(0.,0.,1.));
#7381=DIRECTION('ref_axis',(-1.,0.,0.));
#7382=DIRECTION('',(-1.,0.,0.));
#7383=DIRECTION('',(0.,-1.,0.));
#7384=DIRECTION('center_axis',(0.,-1.,0.));
#7385=DIRECTION('ref_axis',(1.,0.,0.));
#7386=DIRECTION('center_axis',(0.,-1.,0.));
#7387=DIRECTION('ref_axis',(1.,0.,0.));
#7388=DIRECTION('center_axis',(0.,-1.,0.));
#7389=DIRECTION('ref_axis',(1.,0.,0.));
#7390=DIRECTION('center_axis',(0.,1.,0.));
#7391=DIRECTION('ref_axis',(1.,0.,0.));
#7392=DIRECTION('',(0.,1.,0.));
#7393=DIRECTION('center_axis',(0.,-1.,0.));
#7394=DIRECTION('ref_axis',(1.,0.,0.));
#7395=DIRECTION('center_axis',(0.,1.,0.));
#7396=DIRECTION('ref_axis',(1.,0.,0.));
#7397=DIRECTION('',(0.,1.,0.));
#7398=DIRECTION('center_axis',(0.,-1.,0.));
#7399=DIRECTION('ref_axis',(1.,0.,0.));
#7400=DIRECTION('center_axis',(0.,1.,0.));
#7401=DIRECTION('ref_axis',(1.,0.,0.));
#7402=DIRECTION('',(0.,1.,0.));
#7403=DIRECTION('center_axis',(0.,-1.,0.));
#7404=DIRECTION('ref_axis',(1.,0.,0.));
#7405=DIRECTION('center_axis',(0.,1.,0.));
#7406=DIRECTION('ref_axis',(1.,0.,0.));
#7407=DIRECTION('',(0.,1.,0.));
#7408=DIRECTION('center_axis',(-3.21803775253669E-17,0.,-1.));
#7409=DIRECTION('ref_axis',(1.,0.,-3.21803775253669E-17));
#7410=DIRECTION('',(1.,0.,-3.21803775253669E-17));
#7411=DIRECTION('center_axis',(0.,1.,0.));
#7412=DIRECTION('ref_axis',(1.,0.,0.));
#7413=CARTESIAN_POINT('',(0.,0.,0.));
#7414=CARTESIAN_POINT('Ctrl Pts',(16.0514674938843,2.,21.0163047661326));
#7415=CARTESIAN_POINT('Ctrl Pts',(16.0514674938843,1.99,21.0163047661326));
#7416=CARTESIAN_POINT('Ctrl Pts',(16.0514674938843,2.,21.6404519726775));
#7417=CARTESIAN_POINT('Ctrl Pts',(16.0514674938843,1.99,21.6404519726775));
#7418=CARTESIAN_POINT('Ctrl Pts',(16.4795030511543,2.,22.0224436869166));
#7419=CARTESIAN_POINT('Ctrl Pts',(16.4795030511543,1.99,22.0224436869166));
#7420=CARTESIAN_POINT('',(16.0514674938843,2.,21.0163047661326));
#7421=CARTESIAN_POINT('',(16.4795030511543,2.,22.0224436869166));
#7422=CARTESIAN_POINT('Ctrl Pts',(16.0514674938843,2.,21.0163047661326));
#7423=CARTESIAN_POINT('Ctrl Pts',(16.0514674938843,2.,21.6404519726775));
#7424=CARTESIAN_POINT('Ctrl Pts',(16.4795030511543,2.,22.0224436869166));
#7425=CARTESIAN_POINT('',(16.0514674938843,1.99,21.0163047661326));
#7426=CARTESIAN_POINT('',(16.0514674938843,2.,21.0163047661326));
#7427=CARTESIAN_POINT('',(16.4795030511543,1.99,22.0224436869166));
#7428=CARTESIAN_POINT('Ctrl Pts',(16.0514674938843,1.99,21.0163047661326));
#7429=CARTESIAN_POINT('Ctrl Pts',(16.0514674938843,1.99,21.6404519726775));
#7430=CARTESIAN_POINT('Ctrl Pts',(16.4795030511543,1.99,22.0224436869166));
#7431=CARTESIAN_POINT('',(16.4795030511543,2.,22.0224436869166));
#7432=CARTESIAN_POINT('Ctrl Pts',(16.4743871844933,2.,20.0152814139864));
#7433=CARTESIAN_POINT('Ctrl Pts',(16.4743871844933,1.99,20.0152814139864));
#7434=CARTESIAN_POINT('Ctrl Pts',(16.0514674938843,2.,20.3921571125529));
#7435=CARTESIAN_POINT('Ctrl Pts',(16.0514674938843,1.99,20.3921571125529));
#7436=CARTESIAN_POINT('Ctrl Pts',(16.0514674938843,2.,21.0163047661326));
#7437=CARTESIAN_POINT('Ctrl Pts',(16.0514674938843,1.99,21.0163047661326));
#7438=CARTESIAN_POINT('',(16.4743871844933,2.,20.0152814139864));
#7439=CARTESIAN_POINT('Ctrl Pts',(16.4743871844933,2.,20.0152814139864));
#7440=CARTESIAN_POINT('Ctrl Pts',(16.0514674938843,2.,20.3921571125529));
#7441=CARTESIAN_POINT('Ctrl Pts',(16.0514674938843,2.,21.0163047661326));
#7442=CARTESIAN_POINT('',(16.4743871844933,1.99,20.0152814139864));
#7443=CARTESIAN_POINT('',(16.4743871844933,2.,20.0152814139864));
#7444=CARTESIAN_POINT('Ctrl Pts',(16.4743871844933,1.99,20.0152814139864));
#7445=CARTESIAN_POINT('Ctrl Pts',(16.0514674938843,1.99,20.3921571125529));
#7446=CARTESIAN_POINT('Ctrl Pts',(16.0514674938843,1.99,21.0163047661326));
#7447=CARTESIAN_POINT('Ctrl Pts',(17.75678797137,2.,19.6384054173968));
#7448=CARTESIAN_POINT('Ctrl Pts',(17.75678797137,1.99,19.6384054173968));
#7449=CARTESIAN_POINT('Ctrl Pts',(16.897306577079,2.,19.6384054173968));
#7450=CARTESIAN_POINT('Ctrl Pts',(16.897306577079,1.99,19.6384054173968));
#7451=CARTESIAN_POINT('Ctrl Pts',(16.4743871844933,2.,20.0152814139864));
#7452=CARTESIAN_POINT('Ctrl Pts',(16.4743871844933,1.99,20.0152814139864));
#7453=CARTESIAN_POINT('',(17.75678797137,2.,19.6384054173968));
#7454=CARTESIAN_POINT('Ctrl Pts',(17.75678797137,2.,19.6384054173968));
#7455=CARTESIAN_POINT('Ctrl Pts',(16.897306577079,2.,19.6384054173968));
#7456=CARTESIAN_POINT('Ctrl Pts',(16.4743871844933,2.,20.0152814139864));
#7457=CARTESIAN_POINT('',(17.75678797137,1.99,19.6384054173968));
#7458=CARTESIAN_POINT('',(17.75678797137,2.,19.6384054173968));
#7459=CARTESIAN_POINT('Ctrl Pts',(17.75678797137,1.99,19.6384054173968));
#7460=CARTESIAN_POINT('Ctrl Pts',(16.897306577079,1.99,19.6384054173968));
#7461=CARTESIAN_POINT('Ctrl Pts',(16.4743871844933,1.99,20.0152814139864));
#7462=CARTESIAN_POINT('Ctrl Pts',(19.0613581098244,2.,20.0255134453318));
#7463=CARTESIAN_POINT('Ctrl Pts',(19.0613581098244,1.99,20.0255134453318));
#7464=CARTESIAN_POINT('Ctrl Pts',(18.6265016950295,2.,19.6384054173968));
#7465=CARTESIAN_POINT('Ctrl Pts',(18.6265016950295,1.99,19.6384054173968));
#7466=CARTESIAN_POINT('Ctrl Pts',(17.75678797137,2.,19.6384054173968));
#7467=CARTESIAN_POINT('Ctrl Pts',(17.75678797137,1.99,19.6384054173968));
#7468=CARTESIAN_POINT('',(19.0613581098244,2.,20.0255134453318));
#7469=CARTESIAN_POINT('Ctrl Pts',(19.0613581098244,2.,20.0255134453318));
#7470=CARTESIAN_POINT('Ctrl Pts',(18.6265016950295,2.,19.6384054173968));
#7471=CARTESIAN_POINT('Ctrl Pts',(17.75678797137,2.,19.6384054173968));
#7472=CARTESIAN_POINT('',(19.0613581098244,1.99,20.0255134453318));
#7473=CARTESIAN_POINT('',(19.0613581098244,2.,20.0255134453318));
#7474=CARTESIAN_POINT('Ctrl Pts',(19.0613581098244,1.99,20.0255134453318));
#7475=CARTESIAN_POINT('Ctrl Pts',(18.6265016950295,1.99,19.6384054173968));
#7476=CARTESIAN_POINT('Ctrl Pts',(17.75678797137,1.99,19.6384054173968));
#7477=CARTESIAN_POINT('Ctrl Pts',(19.4962151206658,2.,21.0163047661326));
#7478=CARTESIAN_POINT('Ctrl Pts',(19.4962151206658,1.99,21.0163047661326));
#7479=CARTESIAN_POINT('Ctrl Pts',(19.4962151206658,2.,20.4126211752436));
#7480=CARTESIAN_POINT('Ctrl Pts',(19.4962151206658,1.99,20.4126211752436));
#7481=CARTESIAN_POINT('Ctrl Pts',(19.0613581098244,2.,20.0255134453318));
#7482=CARTESIAN_POINT('Ctrl Pts',(19.0613581098244,1.99,20.0255134453318));
#7483=CARTESIAN_POINT('',(19.4962151206658,2.,21.0163047661326));
#7484=CARTESIAN_POINT('Ctrl Pts',(19.4962151206658,2.,21.0163047661326));
#7485=CARTESIAN_POINT('Ctrl Pts',(19.4962151206658,2.,20.4126211752436));
#7486=CARTESIAN_POINT('Ctrl Pts',(19.0613581098244,2.,20.0255134453318));
#7487=CARTESIAN_POINT('',(19.4962151206658,1.99,21.0163047661326));
#7488=CARTESIAN_POINT('',(19.4962151206658,2.,21.0163047661326));
#7489=CARTESIAN_POINT('Ctrl Pts',(19.4962151206658,1.99,21.0163047661326));
#7490=CARTESIAN_POINT('Ctrl Pts',(19.4962151206658,1.99,20.4126211752436));
#7491=CARTESIAN_POINT('Ctrl Pts',(19.0613581098244,1.99,20.0255134453318));
#7492=CARTESIAN_POINT('Ctrl Pts',(19.0579475320503,2.,22.0122118045828));
#7493=CARTESIAN_POINT('Ctrl Pts',(19.0579475320503,1.99,22.0122118045828));
#7494=CARTESIAN_POINT('Ctrl Pts',(19.4962151206658,2.,21.6199880589983));
#7495=CARTESIAN_POINT('Ctrl Pts',(19.4962151206658,1.99,21.6199880589983));
#7496=CARTESIAN_POINT('Ctrl Pts',(19.4962151206658,2.,21.0163047661326));
#7497=CARTESIAN_POINT('Ctrl Pts',(19.4962151206658,1.99,21.0163047661326));
#7498=CARTESIAN_POINT('',(19.0579475320503,2.,22.0122118045828));
#7499=CARTESIAN_POINT('Ctrl Pts',(19.0579475320503,2.,22.0122118045828));
#7500=CARTESIAN_POINT('Ctrl Pts',(19.4962151206658,2.,21.6199880589983));
#7501=CARTESIAN_POINT('Ctrl Pts',(19.4962151206658,2.,21.0163047661326));
#7502=CARTESIAN_POINT('',(19.0579475320503,1.99,22.0122118045828));
#7503=CARTESIAN_POINT('',(19.0579475320503,2.,22.0122118045828));
#7504=CARTESIAN_POINT('Ctrl Pts',(19.0579475320503,1.99,22.0122118045828));
#7505=CARTESIAN_POINT('Ctrl Pts',(19.4962151206658,1.99,21.6199880589983));
#7506=CARTESIAN_POINT('Ctrl Pts',(19.4962151206658,1.99,21.0163047661326));
#7507=CARTESIAN_POINT('Ctrl Pts',(17.7704305804894,2.,22.4044355501673));
#7508=CARTESIAN_POINT('Ctrl Pts',(17.7704305804894,1.99,22.4044355501673));
#7509=CARTESIAN_POINT('Ctrl Pts',(18.6196805394814,2.,22.4044355501673));
#7510=CARTESIAN_POINT('Ctrl Pts',(18.6196805394814,1.99,22.4044355501673));
#7511=CARTESIAN_POINT('Ctrl Pts',(19.0579475320503,2.,22.0122118045828));
#7512=CARTESIAN_POINT('Ctrl Pts',(19.0579475320503,1.99,22.0122118045828));
#7513=CARTESIAN_POINT('',(17.7704305804894,2.,22.4044355501673));
#7514=CARTESIAN_POINT('Ctrl Pts',(17.7704305804894,2.,22.4044355501673));
#7515=CARTESIAN_POINT('Ctrl Pts',(18.6196805394814,2.,22.4044355501673));
#7516=CARTESIAN_POINT('Ctrl Pts',(19.0579475320503,2.,22.0122118045828));
#7517=CARTESIAN_POINT('',(17.7704305804894,1.99,22.4044355501673));
#7518=CARTESIAN_POINT('',(17.7704305804894,2.,22.4044355501673));
#7519=CARTESIAN_POINT('Ctrl Pts',(17.7704305804894,1.99,22.4044355501673));
#7520=CARTESIAN_POINT('Ctrl Pts',(18.6196805394814,1.99,22.4044355501673));
#7521=CARTESIAN_POINT('Ctrl Pts',(19.0579475320503,1.99,22.0122118045828));
#7522=CARTESIAN_POINT('Ctrl Pts',(16.4795030511543,2.,22.0224436869166));
#7523=CARTESIAN_POINT('Ctrl Pts',(16.4795030511543,1.99,22.0224436869166));
#7524=CARTESIAN_POINT('Ctrl Pts',(16.9075386084244,2.,22.4044355501673));
#7525=CARTESIAN_POINT('Ctrl Pts',(16.9075386084244,1.99,22.4044355501673));
#7526=CARTESIAN_POINT('Ctrl Pts',(17.7704305804894,2.,22.4044355501673));
#7527=CARTESIAN_POINT('Ctrl Pts',(17.7704305804894,1.99,22.4044355501673));
#7528=CARTESIAN_POINT('Ctrl Pts',(16.4795030511543,2.,22.0224436869166));
#7529=CARTESIAN_POINT('Ctrl Pts',(16.9075386084244,2.,22.4044355501673));
#7530=CARTESIAN_POINT('Ctrl Pts',(17.7704305804894,2.,22.4044355501673));
#7531=CARTESIAN_POINT('Ctrl Pts',(16.4795030511543,1.99,22.0224436869166));
#7532=CARTESIAN_POINT('Ctrl Pts',(16.9075386084244,1.99,22.4044355501673));
#7533=CARTESIAN_POINT('Ctrl Pts',(17.7704305804894,1.99,22.4044355501673));
#7534=CARTESIAN_POINT('Ctrl Pts',(20.359107390754,2.,21.0128938903353));
#7535=CARTESIAN_POINT('Ctrl Pts',(20.359107390754,1.99,21.0128938903353));
#7536=CARTESIAN_POINT('Ctrl Pts',(20.359107390754,2.,22.1281736840746));
#7537=CARTESIAN_POINT('Ctrl Pts',(20.359107390754,1.99,22.1281736840746));
#7538=CARTESIAN_POINT('Ctrl Pts',(19.678684607856,2.,22.786427413418));
#7539=CARTESIAN_POINT('Ctrl Pts',(19.678684607856,1.99,22.786427413418));
#7540=CARTESIAN_POINT('',(20.359107390754,2.,21.0128938903353));
#7541=CARTESIAN_POINT('',(19.678684607856,2.,22.786427413418));
#7542=CARTESIAN_POINT('Ctrl Pts',(20.359107390754,2.,21.0128938903353));
#7543=CARTESIAN_POINT('Ctrl Pts',(20.359107390754,2.,22.1281736840746));
#7544=CARTESIAN_POINT('Ctrl Pts',(19.678684607856,2.,22.786427413418));
#7545=CARTESIAN_POINT('',(20.359107390754,1.99,21.0128938903353));
#7546=CARTESIAN_POINT('',(20.359107390754,2.,21.0128938903353));
#7547=CARTESIAN_POINT('',(19.678684607856,1.99,22.786427413418));
#7548=CARTESIAN_POINT('Ctrl Pts',(20.359107390754,1.99,21.0128938903353));
#7549=CARTESIAN_POINT('Ctrl Pts',(20.359107390754,1.99,22.1281736840746));
#7550=CARTESIAN_POINT('Ctrl Pts',(19.678684607856,1.99,22.786427413418));
#7551=CARTESIAN_POINT('',(19.678684607856,2.,22.786427413418));
#7552=CARTESIAN_POINT('Ctrl Pts',(19.6752734340355,2.,19.253002976372));
#7553=CARTESIAN_POINT('Ctrl Pts',(19.6752734340355,1.99,19.253002976372));
#7554=CARTESIAN_POINT('Ctrl Pts',(20.359107390754,2.,19.9112567057154));
#7555=CARTESIAN_POINT('Ctrl Pts',(20.359107390754,1.99,19.9112567057154));
#7556=CARTESIAN_POINT('Ctrl Pts',(20.359107390754,2.,21.0128938903353));
#7557=CARTESIAN_POINT('Ctrl Pts',(20.359107390754,1.99,21.0128938903353));
#7558=CARTESIAN_POINT('',(19.6752734340355,2.,19.253002976372));
#7559=CARTESIAN_POINT('Ctrl Pts',(19.6752734340355,2.,19.253002976372));
#7560=CARTESIAN_POINT('Ctrl Pts',(20.359107390754,2.,19.9112567057154));
#7561=CARTESIAN_POINT('Ctrl Pts',(20.359107390754,2.,21.0128938903353));
#7562=CARTESIAN_POINT('',(19.6752734340355,1.99,19.253002976372));
#7563=CARTESIAN_POINT('',(19.6752734340355,2.,19.253002976372));
#7564=CARTESIAN_POINT('Ctrl Pts',(19.6752734340355,1.99,19.253002976372));
#7565=CARTESIAN_POINT('Ctrl Pts',(20.359107390754,1.99,19.9112567057154));
#7566=CARTESIAN_POINT('Ctrl Pts',(20.359107390754,1.99,21.0128938903353));
#7567=CARTESIAN_POINT('Ctrl Pts',(17.780662909858,2.,18.5947492470286));
#7568=CARTESIAN_POINT('Ctrl Pts',(17.780662909858,1.99,18.5947492470286));
#7569=CARTESIAN_POINT('Ctrl Pts',(18.9914400733635,2.,18.5947492470286));
#7570=CARTESIAN_POINT('Ctrl Pts',(18.9914400733635,1.99,18.5947492470286));
#7571=CARTESIAN_POINT('Ctrl Pts',(19.6752734340355,2.,19.253002976372));
#7572=CARTESIAN_POINT('Ctrl Pts',(19.6752734340355,1.99,19.253002976372));
#7573=CARTESIAN_POINT('',(17.780662909858,2.,18.5947492470286));
#7574=CARTESIAN_POINT('Ctrl Pts',(17.780662909858,2.,18.5947492470286));
#7575=CARTESIAN_POINT('Ctrl Pts',(18.9914400733635,2.,18.5947492470286));
#7576=CARTESIAN_POINT('Ctrl Pts',(19.6752734340355,2.,19.253002976372));
#7577=CARTESIAN_POINT('',(17.780662909858,1.99,18.5947492470286));
#7578=CARTESIAN_POINT('',(17.780662909858,2.,18.5947492470286));
#7579=CARTESIAN_POINT('Ctrl Pts',(17.780662909858,1.99,18.5947492470286));
#7580=CARTESIAN_POINT('Ctrl Pts',(18.9914400733635,1.99,18.5947492470286));
#7581=CARTESIAN_POINT('Ctrl Pts',(19.6752734340355,1.99,19.253002976372));
#7582=CARTESIAN_POINT('Ctrl Pts',(15.8741141713783,2.,19.2581191410563));
#7583=CARTESIAN_POINT('Ctrl Pts',(15.8741141713783,1.99,19.2581191410563));
#7584=CARTESIAN_POINT('Ctrl Pts',(16.5596531189606,2.,18.5947492470286));
#7585=CARTESIAN_POINT('Ctrl Pts',(16.5596531189606,1.99,18.5947492470286));
#7586=CARTESIAN_POINT('Ctrl Pts',(17.780662909858,2.,18.5947492470286));
#7587=CARTESIAN_POINT('Ctrl Pts',(17.780662909858,1.99,18.5947492470286));
#7588=CARTESIAN_POINT('',(15.8741141713783,2.,19.2581191410563));
#7589=CARTESIAN_POINT('Ctrl Pts',(15.8741141713783,2.,19.2581191410563));
#7590=CARTESIAN_POINT('Ctrl Pts',(16.5596531189606,2.,18.5947492470286));
#7591=CARTESIAN_POINT('Ctrl Pts',(17.780662909858,2.,18.5947492470286));
#7592=CARTESIAN_POINT('',(15.8741141713783,1.99,19.2581191410563));
#7593=CARTESIAN_POINT('',(15.8741141713783,2.,19.2581191410563));
#7594=CARTESIAN_POINT('Ctrl Pts',(15.8741141713783,1.99,19.2581191410563));
#7595=CARTESIAN_POINT('Ctrl Pts',(16.5596531189606,1.99,18.5947492470286));
#7596=CARTESIAN_POINT('Ctrl Pts',(17.780662909858,1.99,18.5947492470286));
#7597=CARTESIAN_POINT('Ctrl Pts',(15.1885755218193,2.,21.0265364994547));
#7598=CARTESIAN_POINT('Ctrl Pts',(15.1885755218193,1.99,21.0265364994547));
#7599=CARTESIAN_POINT('Ctrl Pts',(15.1885755218193,2.,19.9214887370608));
#7600=CARTESIAN_POINT('Ctrl Pts',(15.1885755218193,1.99,19.9214887370608));
#7601=CARTESIAN_POINT('Ctrl Pts',(15.8741141713783,2.,19.2581191410563));
#7602=CARTESIAN_POINT('Ctrl Pts',(15.8741141713783,1.99,19.2581191410563));
#7603=CARTESIAN_POINT('',(15.1885755218193,2.,21.0265364994547));
#7604=CARTESIAN_POINT('Ctrl Pts',(15.1885755218193,2.,21.0265364994547));
#7605=CARTESIAN_POINT('Ctrl Pts',(15.1885755218193,2.,19.9214887370608));
#7606=CARTESIAN_POINT('Ctrl Pts',(15.8741141713783,2.,19.2581191410563));
#7607=CARTESIAN_POINT('',(15.1885755218193,1.99,21.0265364994547));
#7608=CARTESIAN_POINT('',(15.1885755218193,2.,21.0265364994547));
#7609=CARTESIAN_POINT('Ctrl Pts',(15.1885755218193,1.99,21.0265364994547));
#7610=CARTESIAN_POINT('Ctrl Pts',(15.1885755218193,1.99,19.9214887370608));
#7611=CARTESIAN_POINT('Ctrl Pts',(15.8741141713783,1.99,19.2581191410563));
#7612=CARTESIAN_POINT('Ctrl Pts',(15.3863926089928,2.,22.1042991926215));
#7613=CARTESIAN_POINT('Ctrl Pts',(15.3863926089928,1.99,22.1042991926215));
#7614=CARTESIAN_POINT('Ctrl Pts',(15.1885755218193,2.,21.6370412458918));
#7615=CARTESIAN_POINT('Ctrl Pts',(15.1885755218193,1.99,21.6370412458918));
#7616=CARTESIAN_POINT('Ctrl Pts',(15.1885755218193,2.,21.0265364994547));
#7617=CARTESIAN_POINT('Ctrl Pts',(15.1885755218193,1.99,21.0265364994547));
#7618=CARTESIAN_POINT('',(15.3863926089928,2.,22.1042991926215));
#7619=CARTESIAN_POINT('Ctrl Pts',(15.3863926089928,2.,22.1042991926215));
#7620=CARTESIAN_POINT('Ctrl Pts',(15.1885755218193,2.,21.6370412458918));
#7621=CARTESIAN_POINT('Ctrl Pts',(15.1885755218193,2.,21.0265364994547));
#7622=CARTESIAN_POINT('',(15.3863926089928,1.99,22.1042991926215));
#7623=CARTESIAN_POINT('',(15.3863926089928,2.,22.1042991926215));
#7624=CARTESIAN_POINT('Ctrl Pts',(15.3863926089928,1.99,22.1042991926215));
#7625=CARTESIAN_POINT('Ctrl Pts',(15.1885755218193,1.99,21.6370412458918));
#7626=CARTESIAN_POINT('Ctrl Pts',(15.1885755218193,1.99,21.0265364994547));
#7627=CARTESIAN_POINT('Ctrl Pts',(15.8365972198174,2.,22.7506156762383));
#7628=CARTESIAN_POINT('Ctrl Pts',(15.8365972198174,1.99,22.7506156762383));
#7629=CARTESIAN_POINT('Ctrl Pts',(15.5330501354859,2.,22.4555952598593));
#7630=CARTESIAN_POINT('Ctrl Pts',(15.5330501354859,1.99,22.4555952598593));
#7631=CARTESIAN_POINT('Ctrl Pts',(15.3863926089928,2.,22.1042991926215));
#7632=CARTESIAN_POINT('Ctrl Pts',(15.3863926089928,1.99,22.1042991926215));
#7633=CARTESIAN_POINT('',(15.8365972198174,2.,22.7506156762383));
#7634=CARTESIAN_POINT('Ctrl Pts',(15.8365972198174,2.,22.7506156762383));
#7635=CARTESIAN_POINT('Ctrl Pts',(15.5330501354859,2.,22.4555952598593));
#7636=CARTESIAN_POINT('Ctrl Pts',(15.3863926089928,2.,22.1042991926215));
#7637=CARTESIAN_POINT('',(15.8365972198174,1.99,22.7506156762383));
#7638=CARTESIAN_POINT('',(15.8365972198174,2.,22.7506156762383));
#7639=CARTESIAN_POINT('Ctrl Pts',(15.8365972198174,1.99,22.7506156762383));
#7640=CARTESIAN_POINT('Ctrl Pts',(15.5330501354859,1.99,22.4555952598593));
#7641=CARTESIAN_POINT('Ctrl Pts',(15.3863926089928,1.99,22.1042991926215));
#7642=CARTESIAN_POINT('Ctrl Pts',(16.5221361673996,2.,23.2161681850693));
#7643=CARTESIAN_POINT('Ctrl Pts',(16.5221361673996,1.99,23.2161681850693));
#7644=CARTESIAN_POINT('Ctrl Pts',(16.1401443041489,2.,23.0456361671231));
#7645=CARTESIAN_POINT('Ctrl Pts',(16.1401443041489,1.99,23.0456361671231));
#7646=CARTESIAN_POINT('Ctrl Pts',(15.8365972198174,2.,22.7506156762383));
#7647=CARTESIAN_POINT('Ctrl Pts',(15.8365972198174,1.99,22.7506156762383));
#7648=CARTESIAN_POINT('',(16.5221361673996,2.,23.2161681850693));
#7649=CARTESIAN_POINT('Ctrl Pts',(16.5221361673996,2.,23.2161681850693));
#7650=CARTESIAN_POINT('Ctrl Pts',(16.1401443041489,2.,23.0456361671231));
#7651=CARTESIAN_POINT('Ctrl Pts',(15.8365972198174,2.,22.7506156762383));
#7652=CARTESIAN_POINT('',(16.5221361673996,1.99,23.2161681850693));
#7653=CARTESIAN_POINT('',(16.5221361673996,2.,23.2161681850693));
#7654=CARTESIAN_POINT('Ctrl Pts',(16.5221361673996,1.99,23.2161681850693));
#7655=CARTESIAN_POINT('Ctrl Pts',(16.1401443041489,1.99,23.0456361671231));
#7656=CARTESIAN_POINT('Ctrl Pts',(15.8365972198174,1.99,22.7506156762383));
#7657=CARTESIAN_POINT('Ctrl Pts',(17.8045369542763,2.,23.4446811613879));
#7658=CARTESIAN_POINT('Ctrl Pts',(17.8045369542763,1.99,23.4446811613879));
#7659=CARTESIAN_POINT('Ctrl Pts',(17.0405535257981,2.,23.4446811613879));
#7660=CARTESIAN_POINT('Ctrl Pts',(17.0405535257981,1.99,23.4446811613879));
#7661=CARTESIAN_POINT('Ctrl Pts',(16.5221361673996,2.,23.2161681850693));
#7662=CARTESIAN_POINT('Ctrl Pts',(16.5221361673996,1.99,23.2161681850693));
#7663=CARTESIAN_POINT('',(17.8045369542763,2.,23.4446811613879));
#7664=CARTESIAN_POINT('Ctrl Pts',(17.8045369542763,2.,23.4446811613879));
#7665=CARTESIAN_POINT('Ctrl Pts',(17.0405535257981,2.,23.4446811613879));
#7666=CARTESIAN_POINT('Ctrl Pts',(16.5221361673996,2.,23.2161681850693));
#7667=CARTESIAN_POINT('',(17.8045369542763,1.99,23.4446811613879));
#7668=CARTESIAN_POINT('',(17.8045369542763,2.,23.4446811613879));
#7669=CARTESIAN_POINT('Ctrl Pts',(17.8045369542763,1.99,23.4446811613879));
#7670=CARTESIAN_POINT('Ctrl Pts',(17.0405535257981,1.99,23.4446811613879));
#7671=CARTESIAN_POINT('Ctrl Pts',(16.5221361673996,1.99,23.2161681850693));
#7672=CARTESIAN_POINT('Ctrl Pts',(19.678684607856,2.,22.786427413418));
#7673=CARTESIAN_POINT('Ctrl Pts',(19.678684607856,1.99,22.786427413418));
#7674=CARTESIAN_POINT('Ctrl Pts',(18.9982618249581,2.,23.4446811613879));
#7675=CARTESIAN_POINT('Ctrl Pts',(18.9982618249581,1.99,23.4446811613879));
#7676=CARTESIAN_POINT('Ctrl Pts',(17.8045369542763,2.,23.4446811613879));
#7677=CARTESIAN_POINT('Ctrl Pts',(17.8045369542763,1.99,23.4446811613879));
#7678=CARTESIAN_POINT('Ctrl Pts',(19.678684607856,2.,22.786427413418));
#7679=CARTESIAN_POINT('Ctrl Pts',(18.9982618249581,2.,23.4446811613879));
#7680=CARTESIAN_POINT('Ctrl Pts',(17.8045369542763,2.,23.4446811613879));
#7681=CARTESIAN_POINT('Ctrl Pts',(19.678684607856,1.99,22.786427413418));
#7682=CARTESIAN_POINT('Ctrl Pts',(18.9982618249581,1.99,23.4446811613879));
#7683=CARTESIAN_POINT('Ctrl Pts',(17.8045369542763,1.99,23.4446811613879));
#7684=CARTESIAN_POINT('Origin',(17.7738414562866,1.99,18.6373822235755));
#7685=CARTESIAN_POINT('Origin',(-12.6268591049103,2.,14.8772442152515));
#7686=CARTESIAN_POINT('',(-12.6268591049103,2.,14.8772442152515));
#7687=CARTESIAN_POINT('',(-10.5020348647051,2.,14.8726106808137));
#7688=CARTESIAN_POINT('',(-6.2972384928239,2.,14.8634414194581));
#7689=CARTESIAN_POINT('',(-12.6268591049103,1.99,14.8772442152515));
#7690=CARTESIAN_POINT('',(-12.6268591049103,2.,14.8772442152515));
#7691=CARTESIAN_POINT('',(-10.5020348647051,1.99,14.8726106808137));
#7692=CARTESIAN_POINT('',(-12.6268591049103,1.99,14.8772442152515));
#7693=CARTESIAN_POINT('',(-10.5020348647051,2.,14.8726106808137));
#7694=CARTESIAN_POINT('Origin',(-12.6314108275585,2.,12.7899368374053));
#7695=CARTESIAN_POINT('',(-12.6314108275585,2.,12.7899368374053));
#7696=CARTESIAN_POINT('',(-12.6453260258642,2.,6.4087712144954));
#7697=CARTESIAN_POINT('',(-12.6314108275585,1.99,12.7899368374053));
#7698=CARTESIAN_POINT('',(-12.6314108275585,2.,12.7899368374053));
#7699=CARTESIAN_POINT('',(-12.6314108275585,1.99,12.7899368374053));
#7700=CARTESIAN_POINT('Origin',(-13.4772478996472,2.,12.7917813265297));
#7701=CARTESIAN_POINT('',(-13.4772478996472,2.,12.7917813265297));
#7702=CARTESIAN_POINT('',(-6.72470875151646,2.,12.777056286174));
#7703=CARTESIAN_POINT('',(-13.4772478996472,1.99,12.7917813265297));
#7704=CARTESIAN_POINT('',(-13.4772478996472,2.,12.7917813265297));
#7705=CARTESIAN_POINT('',(-13.4772478996472,1.99,12.7917813265297));
#7706=CARTESIAN_POINT('Origin',(-13.472696176999,2.,14.8790887043759));
#7707=CARTESIAN_POINT('',(-13.472696176999,2.,14.8790887043759));
#7708=CARTESIAN_POINT('',(-13.4888872366288,2.,7.45426939254292));
#7709=CARTESIAN_POINT('',(-13.472696176999,1.99,14.8790887043759));
#7710=CARTESIAN_POINT('',(-13.472696176999,2.,14.8790887043759));
#7711=CARTESIAN_POINT('',(-13.472696176999,1.99,14.8790887043759));
#7712=CARTESIAN_POINT('Origin',(-14.6561859043857,2.,14.8816695015566));
#7713=CARTESIAN_POINT('',(-14.6561859043857,2.,14.8816695015566));
#7714=CARTESIAN_POINT('',(-7.3119018925616,2.,14.8656540626106));
#7715=CARTESIAN_POINT('',(-14.6561859043857,1.99,14.8816695015566));
#7716=CARTESIAN_POINT('',(-14.6561859043857,2.,14.8816695015566));
#7717=CARTESIAN_POINT('',(-14.6561859043857,1.99,14.8816695015566));
#7718=CARTESIAN_POINT('Origin',(-14.6614590598058,2.,12.4635309057647));
#7719=CARTESIAN_POINT('',(-14.6614590598058,2.,12.4635309057647));
#7720=CARTESIAN_POINT('',(-14.6750135417256,2.,6.24778089182768));
#7721=CARTESIAN_POINT('',(-14.6614590598058,1.99,12.4635309057647));
#7722=CARTESIAN_POINT('',(-14.6614590598058,2.,12.4635309057647));
#7723=CARTESIAN_POINT('',(-14.6614590598058,1.99,12.4635309057647));
#7724=CARTESIAN_POINT('Origin',(-15.5072961318945,2.,12.4653753948891));
#7725=CARTESIAN_POINT('',(-15.5072961318945,2.,12.4653753948891));
#7726=CARTESIAN_POINT('',(-7.74009358402607,2.,12.4484377113809));
#7727=CARTESIAN_POINT('',(-15.5072961318945,1.99,12.4653753948891));
#7728=CARTESIAN_POINT('',(-15.5072961318945,2.,12.4653753948891));
#7729=CARTESIAN_POINT('',(-15.5072961318945,1.99,12.4653753948891));
#7730=CARTESIAN_POINT('Origin',(-15.4998214889728,2.,15.8930616849326));
#7731=CARTESIAN_POINT('',(-15.4998214889728,2.,15.8930616849326));
#7732=CARTESIAN_POINT('',(-15.5171132923534,2.,7.96346852597384));
#7733=CARTESIAN_POINT('',(-15.4998214889728,1.99,15.8930616849326));
#7734=CARTESIAN_POINT('',(-15.4998214889728,2.,15.8930616849326));
#7735=CARTESIAN_POINT('',(-15.4998214889728,1.99,15.8930616849326));
#7736=CARTESIAN_POINT('Origin',(-10.4998333772035,2.,15.8821583750653));
#7737=CARTESIAN_POINT('',(-10.4998333772035,2.,15.8821583750653));
#7738=CARTESIAN_POINT('',(-5.23262488521969,2.,15.8706723464908));
#7739=CARTESIAN_POINT('',(-10.4998333772035,1.99,15.8821583750653));
#7740=CARTESIAN_POINT('',(-10.4998333772035,2.,15.8821583750653));
#7741=CARTESIAN_POINT('',(-10.4998333772035,1.99,15.8821583750653));
#7742=CARTESIAN_POINT('Origin',(-10.5020348647051,2.,14.8726106808137));
#7743=CARTESIAN_POINT('',(-10.5182259243349,2.,7.44779136898068));
#7744=CARTESIAN_POINT('',(-10.5020348647051,1.99,14.8726106808137));
#7745=CARTESIAN_POINT('Origin',(-12.983490762258,1.99,19.1320202532015));
#7746=CARTESIAN_POINT('Origin',(-47.5709570631502,2.,18.1595644586874));
#7747=CARTESIAN_POINT('',(-47.5709570631502,2.,18.1595644586874));
#7748=CARTESIAN_POINT('',(-41.8867827639101,2.,18.1595644586874));
#7749=CARTESIAN_POINT('',(-23.7854785315737,2.,18.1595644586874));
#7750=CARTESIAN_POINT('',(-47.5709570631502,1.99,18.1595644586874));
#7751=CARTESIAN_POINT('',(-47.5709570631502,2.,18.1595644586874));
#7752=CARTESIAN_POINT('',(-41.8867827639101,1.99,18.1595644586874));
#7753=CARTESIAN_POINT('',(-47.5709570631502,1.99,18.1595644586874));
#7754=CARTESIAN_POINT('',(-41.8867827639101,2.,18.1595644586874));
#7755=CARTESIAN_POINT('Origin',(-47.5709570631502,2.,13.0163178079916));
#7756=CARTESIAN_POINT('',(-47.5709570631502,2.,13.0163178079916));
#7757=CARTESIAN_POINT('',(-47.5709570631502,2.,6.50815890399512));
#7758=CARTESIAN_POINT('',(-47.5709570631502,1.99,13.0163178079916));
#7759=CARTESIAN_POINT('',(-47.5709570631502,2.,13.0163178079916));
#7760=CARTESIAN_POINT('',(-47.5709570631502,1.99,13.0163178079916));
#7761=CARTESIAN_POINT('Origin',(-41.8867827639101,2.,13.0163178079916));
#7762=CARTESIAN_POINT('',(-41.8867827639101,2.,13.0163178079916));
#7763=CARTESIAN_POINT('',(-20.9433913819536,2.,13.0163178079916));
#7764=CARTESIAN_POINT('',(-41.8867827639101,1.99,13.0163178079916));
#7765=CARTESIAN_POINT('',(-41.8867827639101,2.,13.0163178079916));
#7766=CARTESIAN_POINT('',(-41.8867827639101,1.99,13.0163178079916));
#7767=CARTESIAN_POINT('Origin',(-41.8867827639101,2.,10.3914878004385));
#7768=CARTESIAN_POINT('',(-41.8867827639101,2.,10.3914878004385));
#7769=CARTESIAN_POINT('',(-41.8867827639101,2.,5.19574390021857));
#7770=CARTESIAN_POINT('',(-41.8867827639101,1.99,10.3914878004385));
#7771=CARTESIAN_POINT('',(-41.8867827639101,2.,10.3914878004385));
#7772=CARTESIAN_POINT('',(-41.8867827639101,1.99,10.3914878004385));
#7773=CARTESIAN_POINT('Origin',(-54.8867822870729,2.,10.3914878004385));
#7774=CARTESIAN_POINT('',(-54.8867822870729,2.,10.3914878004385));
#7775=CARTESIAN_POINT('',(-27.443391143535,2.,10.3914878004385));
#7776=CARTESIAN_POINT('',(-54.8867822870729,1.99,10.3914878004385));
#7777=CARTESIAN_POINT('',(-54.8867822870729,2.,10.3914878004385));
#7778=CARTESIAN_POINT('',(-54.8867822870729,1.99,10.3914878004385));
#7779=CARTESIAN_POINT('Origin',(-54.8867822870729,2.,13.0163178079916));
#7780=CARTESIAN_POINT('',(-54.8867822870729,2.,13.0163178079916));
#7781=CARTESIAN_POINT('',(-54.8867822870729,2.,6.50815890399513));
#7782=CARTESIAN_POINT('',(-54.8867822870729,1.99,13.0163178079916));
#7783=CARTESIAN_POINT('',(-54.8867822870729,2.,13.0163178079916));
#7784=CARTESIAN_POINT('',(-54.8867822870729,1.99,13.0163178079916));
#7785=CARTESIAN_POINT('Origin',(-49.7701389774797,2.,13.0163178079916));
#7786=CARTESIAN_POINT('',(-49.7701389774797,2.,13.0163178079916));
#7787=CARTESIAN_POINT('',(-24.8850694887384,2.,13.0163178079916));
#7788=CARTESIAN_POINT('',(-49.7701389774797,1.99,13.0163178079916));
#7789=CARTESIAN_POINT('',(-49.7701389774797,2.,13.0163178079916));
#7790=CARTESIAN_POINT('',(-49.7701389774797,1.99,13.0163178079916));
#7791=CARTESIAN_POINT('Origin',(-49.7701389774797,2.,18.1595644586874));
#7792=CARTESIAN_POINT('',(-49.7701389774797,2.,18.1595644586874));
#7793=CARTESIAN_POINT('',(-49.7701389774797,2.,9.07978222934302));
#7794=CARTESIAN_POINT('',(-49.7701389774797,1.99,18.1595644586874));
#7795=CARTESIAN_POINT('',(-49.7701389774797,2.,18.1595644586874));
#7796=CARTESIAN_POINT('',(-49.7701389774797,1.99,18.1595644586874));
#7797=CARTESIAN_POINT('Origin',(-54.8867822870729,2.,18.1595644586874));
#7798=CARTESIAN_POINT('',(-54.8867822870729,2.,18.1595644586874));
#7799=CARTESIAN_POINT('',(-27.443391143535,2.,18.1595644586874));
#7800=CARTESIAN_POINT('',(-54.8867822870729,1.99,18.1595644586874));
#7801=CARTESIAN_POINT('',(-54.8867822870729,2.,18.1595644586874));
#7802=CARTESIAN_POINT('',(-54.8867822870729,1.99,18.1595644586874));
#7803=CARTESIAN_POINT('Origin',(-54.8867822870729,2.,20.7843932741476));
#7804=CARTESIAN_POINT('',(-54.8867822870729,2.,20.7843932741476));
#7805=CARTESIAN_POINT('',(-54.8867822870729,2.,10.3921966370731));
#7806=CARTESIAN_POINT('',(-54.8867822870729,1.99,20.7843932741476));
#7807=CARTESIAN_POINT('',(-54.8867822870729,2.,20.7843932741476));
#7808=CARTESIAN_POINT('',(-54.8867822870729,1.99,20.7843932741476));
#7809=CARTESIAN_POINT('Origin',(-41.8867827639101,2.,20.7843932741476));
#7810=CARTESIAN_POINT('',(-41.8867827639101,2.,20.7843932741476));
#7811=CARTESIAN_POINT('',(-20.9433913819536,2.,20.7843932741476));
#7812=CARTESIAN_POINT('',(-41.8867827639101,1.99,20.7843932741476));
#7813=CARTESIAN_POINT('',(-41.8867827639101,2.,20.7843932741476));
#7814=CARTESIAN_POINT('',(-41.8867827639101,1.99,20.7843932741476));
#7815=CARTESIAN_POINT('Origin',(-41.8867827639101,2.,18.1595644586874));
#7816=CARTESIAN_POINT('',(-41.8867827639101,2.,9.07978222934302));
#7817=CARTESIAN_POINT('',(-41.8867827639101,1.99,18.1595644586874));
#7818=CARTESIAN_POINT('Origin',(-36.3311882004259,1.99,0.379894771535505));
#7819=CARTESIAN_POINT('Ctrl Pts',(-49.4154323324678,2.,-10.833270824592));
#7820=CARTESIAN_POINT('Ctrl Pts',(-49.4154323324678,1.99,-10.833270824592));
#7821=CARTESIAN_POINT('Ctrl Pts',(-48.830165980768,2.,-10.970719135444));
#7822=CARTESIAN_POINT('Ctrl Pts',(-48.830165980768,1.99,-10.970719135444));
#7823=CARTESIAN_POINT('Ctrl Pts',(-47.7394427046297,2.,-10.970719135444));
#7824=CARTESIAN_POINT('Ctrl Pts',(-47.7394427046297,1.99,-10.970719135444));
#7825=CARTESIAN_POINT('',(-49.4154323324678,2.,-10.833270824592));
#7826=CARTESIAN_POINT('',(-47.7394427046297,2.,-10.970719135444));
#7827=CARTESIAN_POINT('Ctrl Pts',(-49.4154323324678,2.,-10.833270824592));
#7828=CARTESIAN_POINT('Ctrl Pts',(-48.830165980768,2.,-10.970719135444));
#7829=CARTESIAN_POINT('Ctrl Pts',(-47.7394427046297,2.,-10.970719135444));
#7830=CARTESIAN_POINT('',(-49.4154323324678,1.99,-10.833270824592));
#7831=CARTESIAN_POINT('',(-49.4154323324678,2.,-10.833270824592));
#7832=CARTESIAN_POINT('',(-47.7394427046297,1.99,-10.970719135444));
#7833=CARTESIAN_POINT('Ctrl Pts',(-49.4154323324678,1.99,-10.833270824592));
#7834=CARTESIAN_POINT('Ctrl Pts',(-48.830165980768,1.99,-10.970719135444));
#7835=CARTESIAN_POINT('Ctrl Pts',(-47.7394427046297,1.99,-10.970719135444));
#7836=CARTESIAN_POINT('',(-47.7394427046297,2.,-10.970719135444));
#7837=CARTESIAN_POINT('Ctrl Pts',(-50.4618169054506,2.,-10.3455498582529));
#7838=CARTESIAN_POINT('Ctrl Pts',(-50.4618169054506,1.99,-10.3455498582529));
#7839=CARTESIAN_POINT('Ctrl Pts',(-50.0006980881212,2.,-10.6958225137399));
#7840=CARTESIAN_POINT('Ctrl Pts',(-50.0006980881212,1.99,-10.6958225137399));
#7841=CARTESIAN_POINT('Ctrl Pts',(-49.4154323324678,2.,-10.833270824592));
#7842=CARTESIAN_POINT('Ctrl Pts',(-49.4154323324678,1.99,-10.833270824592));
#7843=CARTESIAN_POINT('',(-50.4618169054506,2.,-10.3455498582529));
#7844=CARTESIAN_POINT('Ctrl Pts',(-50.4618169054506,2.,-10.3455498582529));
#7845=CARTESIAN_POINT('Ctrl Pts',(-50.0006980881212,2.,-10.6958225137399));
#7846=CARTESIAN_POINT('Ctrl Pts',(-49.4154323324678,2.,-10.833270824592));
#7847=CARTESIAN_POINT('',(-50.4618169054506,1.99,-10.3455498582529));
#7848=CARTESIAN_POINT('',(-50.4618169054506,2.,-10.3455498582529));
#7849=CARTESIAN_POINT('Ctrl Pts',(-50.4618169054506,1.99,-10.3455498582529));
#7850=CARTESIAN_POINT('Ctrl Pts',(-50.0006980881212,1.99,-10.6958225137399));
#7851=CARTESIAN_POINT('Ctrl Pts',(-49.4154323324678,1.99,-10.833270824592));
#7852=CARTESIAN_POINT('Ctrl Pts',(-51.2200022921083,2.,-9.31246546570527));
#7853=CARTESIAN_POINT('Ctrl Pts',(-51.2200022921083,1.99,-9.31246546570527));
#7854=CARTESIAN_POINT('Ctrl Pts',(-50.92293572278,2.,-9.99527720276582));
#7855=CARTESIAN_POINT('Ctrl Pts',(-50.92293572278,1.99,-9.99527720276582));
#7856=CARTESIAN_POINT('Ctrl Pts',(-50.4618169054506,2.,-10.3455498582529));
#7857=CARTESIAN_POINT('Ctrl Pts',(-50.4618169054506,1.99,-10.3455498582529));
#7858=CARTESIAN_POINT('',(-51.2200022921083,2.,-9.31246546570527));
#7859=CARTESIAN_POINT('Ctrl Pts',(-51.2200022921083,2.,-9.31246546570527));
#7860=CARTESIAN_POINT('Ctrl Pts',(-50.92293572278,2.,-9.99527720276582));
#7861=CARTESIAN_POINT('Ctrl Pts',(-50.4618169054506,2.,-10.3455498582529));
#7862=CARTESIAN_POINT('',(-51.2200022921083,1.99,-9.31246546570527));
#7863=CARTESIAN_POINT('',(-51.2200022921083,2.,-9.31246546570527));
#7864=CARTESIAN_POINT('Ctrl Pts',(-51.2200022921083,1.99,-9.31246546570527));
#7865=CARTESIAN_POINT('Ctrl Pts',(-50.92293572278,1.99,-9.99527720276582));
#7866=CARTESIAN_POINT('Ctrl Pts',(-50.4618169054506,1.99,-10.3455498582529));
#7867=CARTESIAN_POINT('Ctrl Pts',(-51.5170694574831,2.,-7.80496147934663));
#7868=CARTESIAN_POINT('Ctrl Pts',(-51.5170694574831,1.99,-7.80496147934663));
#7869=CARTESIAN_POINT('Ctrl Pts',(-51.5170694574831,2.,-8.62965611283052));
#7870=CARTESIAN_POINT('Ctrl Pts',(-51.5170694574831,1.99,-8.62965611283052));
#7871=CARTESIAN_POINT('Ctrl Pts',(-51.2200022921083,2.,-9.31246546570527));
#7872=CARTESIAN_POINT('Ctrl Pts',(-51.2200022921083,1.99,-9.31246546570527));
#7873=CARTESIAN_POINT('',(-51.5170694574831,2.,-7.80496147934663));
#7874=CARTESIAN_POINT('Ctrl Pts',(-51.5170694574831,2.,-7.80496147934663));
#7875=CARTESIAN_POINT('Ctrl Pts',(-51.5170694574831,2.,-8.62965611283052));
#7876=CARTESIAN_POINT('Ctrl Pts',(-51.2200022921083,2.,-9.31246546570527));
#7877=CARTESIAN_POINT('',(-51.5170694574831,1.99,-7.80496147934663));
#7878=CARTESIAN_POINT('',(-51.5170694574831,2.,-7.80496147934663));
#7879=CARTESIAN_POINT('Ctrl Pts',(-51.5170694574831,1.99,-7.80496147934663));
#7880=CARTESIAN_POINT('Ctrl Pts',(-51.5170694574831,1.99,-8.62965611283052));
#7881=CARTESIAN_POINT('Ctrl Pts',(-51.2200022921083,1.99,-9.31246546570527));
#7882=CARTESIAN_POINT('Ctrl Pts',(-49.9208892569063,2.,-4.7012784845041));
#7883=CARTESIAN_POINT('Ctrl Pts',(-49.9208892569063,1.99,-4.7012784845041));
#7884=CARTESIAN_POINT('Ctrl Pts',(-51.5170694574831,2.,-5.93388584915864));
#7885=CARTESIAN_POINT('Ctrl Pts',(-51.5170694574831,1.99,-5.93388584915864));
#7886=CARTESIAN_POINT('Ctrl Pts',(-51.5170694574831,2.,-7.80496147934663));
#7887=CARTESIAN_POINT('Ctrl Pts',(-51.5170694574831,1.99,-7.80496147934663));
#7888=CARTESIAN_POINT('',(-49.9208892569063,2.,-4.7012784845041));
#7889=CARTESIAN_POINT('Ctrl Pts',(-49.9208892569063,2.,-4.7012784845041));
#7890=CARTESIAN_POINT('Ctrl Pts',(-51.5170694574831,2.,-5.93388584915864));
#7891=CARTESIAN_POINT('Ctrl Pts',(-51.5170694574831,2.,-7.80496147934663));
#7892=CARTESIAN_POINT('',(-49.9208892569063,1.99,-4.7012784845041));
#7893=CARTESIAN_POINT('',(-49.9208892569063,2.,-4.7012784845041));
#7894=CARTESIAN_POINT('Ctrl Pts',(-49.9208892569063,1.99,-4.7012784845041));
#7895=CARTESIAN_POINT('Ctrl Pts',(-51.5170694574831,1.99,-5.93388584915864));
#7896=CARTESIAN_POINT('Ctrl Pts',(-51.5170694574831,1.99,-7.80496147934663));
#7897=CARTESIAN_POINT('Origin',(-51.3042451128481,2.,-4.7012784845041));
#7898=CARTESIAN_POINT('',(-51.3042451128481,2.,-4.7012784845041));
#7899=CARTESIAN_POINT('',(-25.6521225564226,2.,-4.70127848450411));
#7900=CARTESIAN_POINT('',(-51.3042451128481,1.99,-4.7012784845041));
#7901=CARTESIAN_POINT('',(-51.3042451128481,2.,-4.7012784845041));
#7902=CARTESIAN_POINT('',(-51.3042451128481,1.99,-4.7012784845041));
#7903=CARTESIAN_POINT('Origin',(-51.3042451128481,2.,-2.38681820694673));
#7904=CARTESIAN_POINT('',(-51.3042451128481,2.,-2.38681820694673));
#7905=CARTESIAN_POINT('',(-51.3042451128481,2.,-1.19340910347405));
#7906=CARTESIAN_POINT('',(-51.3042451128481,1.99,-2.38681820694673));
#7907=CARTESIAN_POINT('',(-51.3042451128481,2.,-2.38681820694673));
#7908=CARTESIAN_POINT('',(-51.3042451128481,1.99,-2.38681820694673));
#7909=CARTESIAN_POINT('Origin',(-41.8867827639101,2.,-2.38681820694673));
#7910=CARTESIAN_POINT('',(-41.8867827639101,2.,-2.38681820694673));
#7911=CARTESIAN_POINT('',(-20.9433913819536,2.,-2.38681820694674));
#7912=CARTESIAN_POINT('',(-41.8867827639101,1.99,-2.38681820694673));
#7913=CARTESIAN_POINT('',(-41.8867827639101,2.,-2.38681820694673));
#7914=CARTESIAN_POINT('',(-41.8867827639101,1.99,-2.38681820694673));
#7915=CARTESIAN_POINT('Origin',(-41.8867827639101,2.,-4.87863329712617));
#7916=CARTESIAN_POINT('',(-41.8867827639101,2.,-4.87863329712617));
#7917=CARTESIAN_POINT('',(-41.8867827639101,2.,-2.43931664856377));
#7918=CARTESIAN_POINT('',(-41.8867827639101,1.99,-4.87863329712617));
#7919=CARTESIAN_POINT('',(-41.8867827639101,2.,-4.87863329712617));
#7920=CARTESIAN_POINT('',(-41.8867827639101,1.99,-4.87863329712618));
#7921=CARTESIAN_POINT('Origin',(-46.1521304831026,2.,-4.87863329712617));
#7922=CARTESIAN_POINT('',(-46.1521304831026,2.,-4.87863329712617));
#7923=CARTESIAN_POINT('',(-23.0760652415499,2.,-4.87863329712618));
#7924=CARTESIAN_POINT('',(-46.1521304831026,1.99,-4.87863329712617));
#7925=CARTESIAN_POINT('',(-46.1521304831026,2.,-4.87863329712617));
#7926=CARTESIAN_POINT('',(-46.1521304831026,1.99,-4.87863329712617));
#7927=CARTESIAN_POINT('Ctrl Pts',(-48.3158410772798,2.,-5.06928709809053));
#7928=CARTESIAN_POINT('Ctrl Pts',(-48.3158410772798,1.99,-5.06928709809053));
#7929=CARTESIAN_POINT('Ctrl Pts',(-47.7305759176729,2.,-4.87863329712617));
#7930=CARTESIAN_POINT('Ctrl Pts',(-47.7305759176729,1.99,-4.87863329712617));
#7931=CARTESIAN_POINT('Ctrl Pts',(-46.1521304831026,2.,-4.87863329712617));
#7932=CARTESIAN_POINT('Ctrl Pts',(-46.1521304831026,1.99,-4.87863329712617));
#7933=CARTESIAN_POINT('',(-48.3158410772798,2.,-5.06928709809053));
#7934=CARTESIAN_POINT('Ctrl Pts',(-48.3158410772798,2.,-5.06928709809053));
#7935=CARTESIAN_POINT('Ctrl Pts',(-47.7305759176729,2.,-4.87863329712617));
#7936=CARTESIAN_POINT('Ctrl Pts',(-46.1521304831026,2.,-4.87863329712617));
#7937=CARTESIAN_POINT('',(-48.3158410772798,1.99,-5.06928709809053));
#7938=CARTESIAN_POINT('',(-48.3158410772798,2.,-5.06928709809053));
#7939=CARTESIAN_POINT('Ctrl Pts',(-48.3158410772798,1.99,-5.06928709809053));
#7940=CARTESIAN_POINT('Ctrl Pts',(-47.7305759176729,1.99,-4.87863329712617));
#7941=CARTESIAN_POINT('Ctrl Pts',(-46.1521304831026,1.99,-4.87863329712617));
#7942=CARTESIAN_POINT('Ctrl Pts',(-49.2558140739916,2.,-5.77426699463594));
#7943=CARTESIAN_POINT('Ctrl Pts',(-49.2558140739916,1.99,-5.77426699463594));
#7944=CARTESIAN_POINT('Ctrl Pts',(-48.9011074289797,2.,-5.25994328324067));
#7945=CARTESIAN_POINT('Ctrl Pts',(-48.9011074289797,1.99,-5.25994328324067));
#7946=CARTESIAN_POINT('Ctrl Pts',(-48.3158410772798,2.,-5.06928709809053));
#7947=CARTESIAN_POINT('Ctrl Pts',(-48.3158410772798,1.99,-5.06928709809053));
#7948=CARTESIAN_POINT('',(-49.2558140739916,2.,-5.77426699463594));
#7949=CARTESIAN_POINT('Ctrl Pts',(-49.2558140739916,2.,-5.77426699463594));
#7950=CARTESIAN_POINT('Ctrl Pts',(-48.9011074289797,2.,-5.25994328324067));
#7951=CARTESIAN_POINT('Ctrl Pts',(-48.3158410772798,2.,-5.06928709809053));
#7952=CARTESIAN_POINT('',(-49.2558140739916,1.99,-5.77426699463594));
#7953=CARTESIAN_POINT('',(-49.2558140739916,2.,-5.77426699463594));
#7954=CARTESIAN_POINT('Ctrl Pts',(-49.2558140739916,1.99,-5.77426699463594));
#7955=CARTESIAN_POINT('Ctrl Pts',(-48.9011074289797,1.99,-5.25994328324067));
#7956=CARTESIAN_POINT('Ctrl Pts',(-48.3158410772798,1.99,-5.06928709809053));
#7957=CARTESIAN_POINT('Ctrl Pts',(-49.6105207190035,2.,-6.93593052689302));
#7958=CARTESIAN_POINT('Ctrl Pts',(-49.6105207190035,1.99,-6.93593052689302));
#7959=CARTESIAN_POINT('Ctrl Pts',(-49.6105207190035,2.,-6.2885907060312));
#7960=CARTESIAN_POINT('Ctrl Pts',(-49.6105207190035,1.99,-6.2885907060312));
#7961=CARTESIAN_POINT('Ctrl Pts',(-49.2558140739916,2.,-5.77426699463594));
#7962=CARTESIAN_POINT('Ctrl Pts',(-49.2558140739916,1.99,-5.77426699463594));
#7963=CARTESIAN_POINT('',(-49.6105207190035,2.,-6.93593052689302));
#7964=CARTESIAN_POINT('Ctrl Pts',(-49.6105207190035,2.,-6.93593052689302));
#7965=CARTESIAN_POINT('Ctrl Pts',(-49.6105207190035,2.,-6.2885907060312));
#7966=CARTESIAN_POINT('Ctrl Pts',(-49.2558140739916,2.,-5.77426699463594));
#7967=CARTESIAN_POINT('',(-49.6105207190035,1.99,-6.93593052689302));
#7968=CARTESIAN_POINT('',(-49.6105207190035,2.,-6.93593052689302));
#7969=CARTESIAN_POINT('Ctrl Pts',(-49.6105207190035,1.99,-6.93593052689302));
#7970=CARTESIAN_POINT('Ctrl Pts',(-49.6105207190035,1.99,-6.2885907060312));
#7971=CARTESIAN_POINT('Ctrl Pts',(-49.2558140739916,1.99,-5.77426699463594));
#7972=CARTESIAN_POINT('Ctrl Pts',(-49.3622262463091,2.,-7.80052927796113));
#7973=CARTESIAN_POINT('Ctrl Pts',(-49.3622262463091,1.99,-7.80052927796113));
#7974=CARTESIAN_POINT('Ctrl Pts',(-49.6105207190035,2.,-7.44138745133149));
#7975=CARTESIAN_POINT('Ctrl Pts',(-49.6105207190035,1.99,-7.44138745133149));
#7976=CARTESIAN_POINT('Ctrl Pts',(-49.6105207190035,2.,-6.93593052689302));
#7977=CARTESIAN_POINT('Ctrl Pts',(-49.6105207190035,1.99,-6.93593052689302));
#7978=CARTESIAN_POINT('',(-49.3622262463091,2.,-7.80052927796113));
#7979=CARTESIAN_POINT('Ctrl Pts',(-49.3622262463091,2.,-7.80052927796113));
#7980=CARTESIAN_POINT('Ctrl Pts',(-49.6105207190035,2.,-7.44138745133149));
#7981=CARTESIAN_POINT('Ctrl Pts',(-49.6105207190035,2.,-6.93593052689302));
#7982=CARTESIAN_POINT('',(-49.3622262463091,1.99,-7.80052927796113));
#7983=CARTESIAN_POINT('',(-49.3622262463091,2.,-7.80052927796113));
#7984=CARTESIAN_POINT('Ctrl Pts',(-49.3622262463091,1.99,-7.80052927796113));
#7985=CARTESIAN_POINT('Ctrl Pts',(-49.6105207190035,1.99,-7.44138745133149));
#7986=CARTESIAN_POINT('Ctrl Pts',(-49.6105207190035,1.99,-6.93593052689302));
#7987=CARTESIAN_POINT('Ctrl Pts',(-48.6661143288133,2.,-8.31928757492769));
#7988=CARTESIAN_POINT('Ctrl Pts',(-48.6661143288133,1.99,-8.31928757492769));
#7989=CARTESIAN_POINT('Ctrl Pts',(-49.1139311775682,2.,-8.15966872040498));
#7990=CARTESIAN_POINT('Ctrl Pts',(-49.1139311775682,1.99,-8.15966872040498));
#7991=CARTESIAN_POINT('Ctrl Pts',(-49.3622262463091,2.,-7.80052927796113));
#7992=CARTESIAN_POINT('Ctrl Pts',(-49.3622262463091,1.99,-7.80052927796113));
#7993=CARTESIAN_POINT('',(-48.6661143288133,2.,-8.31928757492769));
#7994=CARTESIAN_POINT('Ctrl Pts',(-48.6661143288133,2.,-8.31928757492769));
#7995=CARTESIAN_POINT('Ctrl Pts',(-49.1139311775682,2.,-8.15966872040498));
#7996=CARTESIAN_POINT('Ctrl Pts',(-49.3622262463091,2.,-7.80052927796113));
#7997=CARTESIAN_POINT('',(-48.6661143288133,1.99,-8.31928757492769));
#7998=CARTESIAN_POINT('',(-48.6661143288133,2.,-8.31928757492769));
#7999=CARTESIAN_POINT('Ctrl Pts',(-48.6661143288133,1.99,-8.31928757492769));
#8000=CARTESIAN_POINT('Ctrl Pts',(-49.1139311775682,1.99,-8.15966872040498));
#8001=CARTESIAN_POINT('Ctrl Pts',(-49.3622262463091,1.99,-7.80052927796113));
#8002=CARTESIAN_POINT('Ctrl Pts',(-46.6930581316469,2.,-8.4789040452646));
#8003=CARTESIAN_POINT('Ctrl Pts',(-46.6930581316469,1.99,-8.4789040452646));
#8004=CARTESIAN_POINT('Ctrl Pts',(-48.218296884012,2.,-8.4789040452646));
#8005=CARTESIAN_POINT('Ctrl Pts',(-48.218296884012,1.99,-8.4789040452646));
#8006=CARTESIAN_POINT('Ctrl Pts',(-48.6661143288133,2.,-8.31928757492769));
#8007=CARTESIAN_POINT('Ctrl Pts',(-48.6661143288133,1.99,-8.31928757492769));
#8008=CARTESIAN_POINT('',(-46.6930581316469,2.,-8.4789040452646));
#8009=CARTESIAN_POINT('Ctrl Pts',(-46.6930581316469,2.,-8.4789040452646));
#8010=CARTESIAN_POINT('Ctrl Pts',(-48.218296884012,2.,-8.4789040452646));
#8011=CARTESIAN_POINT('Ctrl Pts',(-48.6661143288133,2.,-8.31928757492769));
#8012=CARTESIAN_POINT('',(-46.6930581316469,1.99,-8.4789040452646));
#8013=CARTESIAN_POINT('',(-46.6930581316469,2.,-8.4789040452646));
#8014=CARTESIAN_POINT('Ctrl Pts',(-46.6930581316469,1.99,-8.4789040452646));
#8015=CARTESIAN_POINT('Ctrl Pts',(-48.218296884012,1.99,-8.4789040452646));
#8016=CARTESIAN_POINT('Ctrl Pts',(-48.6661143288133,1.99,-8.31928757492769));
#8017=CARTESIAN_POINT('Origin',(-41.8867827639101,2.,-8.4789040452646));
#8018=CARTESIAN_POINT('',(-41.8867827639101,2.,-8.4789040452646));
#8019=CARTESIAN_POINT('',(-20.9433913819536,2.,-8.47890404526461));
#8020=CARTESIAN_POINT('',(-41.8867827639101,1.99,-8.4789040452646));
#8021=CARTESIAN_POINT('',(-41.8867827639101,2.,-8.4789040452646));
#8022=CARTESIAN_POINT('',(-41.8867827639101,1.99,-8.4789040452646));
#8023=CARTESIAN_POINT('Origin',(-41.8867827639101,2.,-10.970719135444));
#8024=CARTESIAN_POINT('',(-41.8867827639101,2.,-10.970719135444));
#8025=CARTESIAN_POINT('',(-41.8867827639101,2.,-5.48535956772271));
#8026=CARTESIAN_POINT('',(-41.8867827639101,1.99,-10.970719135444));
#8027=CARTESIAN_POINT('',(-41.8867827639101,2.,-10.970719135444));
#8028=CARTESIAN_POINT('',(-41.8867827639101,1.99,-10.970719135444));
#8029=CARTESIAN_POINT('Origin',(-47.7394427046297,2.,-10.970719135444));
#8030=CARTESIAN_POINT('',(-23.8697213523134,2.,-10.9707191354441));
#8031=CARTESIAN_POINT('',(-47.7394427046297,1.99,-10.970719135444));
#8032=CARTESIAN_POINT('Origin',(-36.3311882004259,1.99,0.379894771535505));
#8033=CARTESIAN_POINT('Ctrl Pts',(-24.1204084143159,2.,26.0473552578283));
#8034=CARTESIAN_POINT('Ctrl Pts',(-24.1204084143159,1.99,26.0473552578283));
#8035=CARTESIAN_POINT('Ctrl Pts',(-24.6214331373689,2.,25.6837812298132));
#8036=CARTESIAN_POINT('Ctrl Pts',(-24.6214331373689,1.99,25.6837812298132));
#8037=CARTESIAN_POINT('Ctrl Pts',(-26.1998761877534,2.,25.6837812298132));
#8038=CARTESIAN_POINT('Ctrl Pts',(-26.1998761877534,1.99,25.6837812298132));
#8039=CARTESIAN_POINT('',(-24.1204084143159,2.,26.0473552578283));
#8040=CARTESIAN_POINT('',(-26.1998761877534,2.,25.6837812298132));
#8041=CARTESIAN_POINT('Ctrl Pts',(-24.1204084143159,2.,26.0473552578283));
#8042=CARTESIAN_POINT('Ctrl Pts',(-24.6214331373689,2.,25.6837812298132));
#8043=CARTESIAN_POINT('Ctrl Pts',(-26.1998761877534,2.,25.6837812298132));
#8044=CARTESIAN_POINT('',(-24.1204084143159,1.99,26.0473552578283));
#8045=CARTESIAN_POINT('',(-24.1204084143159,2.,26.0473552578283));
#8046=CARTESIAN_POINT('',(-26.1998761877534,1.99,25.6837812298132));
#8047=CARTESIAN_POINT('Ctrl Pts',(-24.1204084143159,1.99,26.0473552578283));
#8048=CARTESIAN_POINT('Ctrl Pts',(-24.6214331373689,1.99,25.6837812298132));
#8049=CARTESIAN_POINT('Ctrl Pts',(-26.1998761877534,1.99,25.6837812298132));
#8050=CARTESIAN_POINT('',(-26.1998761877534,2.,25.6837812298132));
#8051=CARTESIAN_POINT('Ctrl Pts',(-23.6193860754488,2.,27.2888291114164));
#8052=CARTESIAN_POINT('Ctrl Pts',(-23.6193860754488,1.99,27.2888291114164));
#8053=CARTESIAN_POINT('Ctrl Pts',(-23.6193860754488,2.,26.4109298818899));
#8054=CARTESIAN_POINT('Ctrl Pts',(-23.6193860754488,1.99,26.4109298818899));
#8055=CARTESIAN_POINT('Ctrl Pts',(-24.1204084143159,2.,26.0473552578283));
#8056=CARTESIAN_POINT('Ctrl Pts',(-24.1204084143159,1.99,26.0473552578283));
#8057=CARTESIAN_POINT('',(-23.6193860754488,2.,27.2888291114164));
#8058=CARTESIAN_POINT('Ctrl Pts',(-23.6193860754488,2.,27.2888291114164));
#8059=CARTESIAN_POINT('Ctrl Pts',(-23.6193860754488,2.,26.4109298818899));
#8060=CARTESIAN_POINT('Ctrl Pts',(-24.1204084143159,2.,26.0473552578283));
#8061=CARTESIAN_POINT('',(-23.6193860754488,1.99,27.2888291114164));
#8062=CARTESIAN_POINT('',(-23.6193860754488,2.,27.2888291114164));
#8063=CARTESIAN_POINT('Ctrl Pts',(-23.6193860754488,1.99,27.2888291114164));
#8064=CARTESIAN_POINT('Ctrl Pts',(-23.6193860754488,1.99,26.4109298818899));
#8065=CARTESIAN_POINT('Ctrl Pts',(-24.1204084143159,1.99,26.0473552578283));
#8066=CARTESIAN_POINT('Ctrl Pts',(-24.3199313864229,2.,28.5835084551169));
#8067=CARTESIAN_POINT('Ctrl Pts',(-24.3199313864229,1.99,28.5835084551169));
#8068=CARTESIAN_POINT('Ctrl Pts',(-23.6193860754488,2.,28.1578603618933));
#8069=CARTESIAN_POINT('Ctrl Pts',(-23.6193860754488,1.99,28.1578603618933));
#8070=CARTESIAN_POINT('Ctrl Pts',(-23.6193860754488,2.,27.2888291114164));
#8071=CARTESIAN_POINT('Ctrl Pts',(-23.6193860754488,1.99,27.2888291114164));
#8072=CARTESIAN_POINT('',(-24.3199313864229,2.,28.5835084551169));
#8073=CARTESIAN_POINT('Ctrl Pts',(-24.3199313864229,2.,28.5835084551169));
#8074=CARTESIAN_POINT('Ctrl Pts',(-23.6193860754488,2.,28.1578603618933));
#8075=CARTESIAN_POINT('Ctrl Pts',(-23.6193860754488,2.,27.2888291114164));
#8076=CARTESIAN_POINT('',(-24.3199313864229,1.99,28.5835084551169));
#8077=CARTESIAN_POINT('',(-24.3199313864229,2.,28.5835084551169));
#8078=CARTESIAN_POINT('Ctrl Pts',(-24.3199313864229,1.99,28.5835084551169));
#8079=CARTESIAN_POINT('Ctrl Pts',(-23.6193860754488,1.99,28.1578603618933));
#8080=CARTESIAN_POINT('Ctrl Pts',(-23.6193860754488,1.99,27.2888291114164));
#8081=CARTESIAN_POINT('Ctrl Pts',(-25.8983768209932,2.,28.9116120570494));
#8082=CARTESIAN_POINT('Ctrl Pts',(-25.8983768209932,1.99,28.9116120570494));
#8083=CARTESIAN_POINT('Ctrl Pts',(-24.7810519918916,2.,28.8672736519171));
#8084=CARTESIAN_POINT('Ctrl Pts',(-24.7810519918916,1.99,28.8672736519171));
#8085=CARTESIAN_POINT('Ctrl Pts',(-24.3199313864229,2.,28.5835084551169));
#8086=CARTESIAN_POINT('Ctrl Pts',(-24.3199313864229,1.99,28.5835084551169));
#8087=CARTESIAN_POINT('',(-25.8983768209932,2.,28.9116120570494));
#8088=CARTESIAN_POINT('Ctrl Pts',(-25.8983768209932,2.,28.9116120570494));
#8089=CARTESIAN_POINT('Ctrl Pts',(-24.7810519918916,2.,28.8672736519171));
#8090=CARTESIAN_POINT('Ctrl Pts',(-24.3199313864229,2.,28.5835084551169));
#8091=CARTESIAN_POINT('',(-25.8983768209932,1.99,28.9116120570494));
#8092=CARTESIAN_POINT('',(-25.8983768209932,2.,28.9116120570494));
#8093=CARTESIAN_POINT('Ctrl Pts',(-25.8983768209932,1.99,28.9116120570494));
#8094=CARTESIAN_POINT('Ctrl Pts',(-24.7810519918916,1.99,28.8672736519171));
#8095=CARTESIAN_POINT('Ctrl Pts',(-24.3199313864229,1.99,28.5835084551169));
#8096=CARTESIAN_POINT('Origin',(-25.6146110281465,2.,31.3856910401179));
#8097=CARTESIAN_POINT('',(-25.6146110281465,2.,31.3856910401179));
#8098=CARTESIAN_POINT('',(-27.224846541721,2.,17.3464729865251));
#8099=CARTESIAN_POINT('',(-25.6146110281465,1.99,31.3856910401179));
#8100=CARTESIAN_POINT('',(-25.6146110281465,2.,31.3856910401179));
#8101=CARTESIAN_POINT('',(-25.6146110281465,1.99,31.3856910401179));
#8102=CARTESIAN_POINT('Ctrl Pts',(-22.4532879576204,2.,30.3393063181234));
#8103=CARTESIAN_POINT('Ctrl Pts',(-22.4532879576204,1.99,30.3393063181234));
#8104=CARTESIAN_POINT('Ctrl Pts',(-23.5307086691377,2.,31.3768233590914));
#8105=CARTESIAN_POINT('Ctrl Pts',(-23.5307086691377,1.99,31.3768233590914));
#8106=CARTESIAN_POINT('Ctrl Pts',(-25.6146110281465,2.,31.3856910401179));
#8107=CARTESIAN_POINT('Ctrl Pts',(-25.6146110281465,1.99,31.3856910401179));
#8108=CARTESIAN_POINT('',(-22.4532879576204,2.,30.3393063181234));
#8109=CARTESIAN_POINT('Ctrl Pts',(-22.4532879576204,2.,30.3393063181234));
#8110=CARTESIAN_POINT('Ctrl Pts',(-23.5307086691377,2.,31.3768233590914));
#8111=CARTESIAN_POINT('Ctrl Pts',(-25.6146110281465,2.,31.3856910401179));
#8112=CARTESIAN_POINT('',(-22.4532879576204,1.99,30.3393063181234));
#8113=CARTESIAN_POINT('',(-22.4532879576204,2.,30.3393063181234));
#8114=CARTESIAN_POINT('Ctrl Pts',(-22.4532879576204,1.99,30.3393063181234));
#8115=CARTESIAN_POINT('Ctrl Pts',(-23.5307086691377,1.99,31.3768233590914));
#8116=CARTESIAN_POINT('Ctrl Pts',(-25.6146110281465,1.99,31.3856910401179));
#8117=CARTESIAN_POINT('Ctrl Pts',(-21.375867246103,2.,27.3775056236578));
#8118=CARTESIAN_POINT('Ctrl Pts',(-21.375867246103,1.99,27.3775056236578));
#8119=CARTESIAN_POINT('Ctrl Pts',(-21.375867246103,2.,29.3017892771555));
#8120=CARTESIAN_POINT('Ctrl Pts',(-21.375867246103,1.99,29.3017892771555));
#8121=CARTESIAN_POINT('Ctrl Pts',(-22.4532879576204,2.,30.3393063181234));
#8122=CARTESIAN_POINT('Ctrl Pts',(-22.4532879576204,1.99,30.3393063181234));
#8123=CARTESIAN_POINT('',(-21.375867246103,2.,27.3775056236578));
#8124=CARTESIAN_POINT('Ctrl Pts',(-21.375867246103,2.,27.3775056236578));
#8125=CARTESIAN_POINT('Ctrl Pts',(-21.375867246103,2.,29.3017892771555));
#8126=CARTESIAN_POINT('Ctrl Pts',(-22.4532879576204,2.,30.3393063181234));
#8127=CARTESIAN_POINT('',(-21.375867246103,1.99,27.3775056236578));
#8128=CARTESIAN_POINT('',(-21.375867246103,2.,27.3775056236578));
#8129=CARTESIAN_POINT('Ctrl Pts',(-21.375867246103,1.99,27.3775056236578));
#8130=CARTESIAN_POINT('Ctrl Pts',(-21.375867246103,1.99,29.3017892771555));
#8131=CARTESIAN_POINT('Ctrl Pts',(-22.4532879576204,1.99,30.3393063181234));
#8132=CARTESIAN_POINT('Ctrl Pts',(-22.0631111845491,2.,24.7349408500982));
#8133=CARTESIAN_POINT('Ctrl Pts',(-22.0631111845491,1.99,24.7349408500982));
#8134=CARTESIAN_POINT('Ctrl Pts',(-21.3758672461031,2.,25.7369867199255));
#8135=CARTESIAN_POINT('Ctrl Pts',(-21.3758672461031,1.99,25.7369867199255));
#8136=CARTESIAN_POINT('Ctrl Pts',(-21.375867246103,2.,27.3775056236578));
#8137=CARTESIAN_POINT('Ctrl Pts',(-21.375867246103,1.99,27.3775056236578));
#8138=CARTESIAN_POINT('',(-22.0631111845491,2.,24.7349408500982));
#8139=CARTESIAN_POINT('Ctrl Pts',(-22.0631111845491,2.,24.7349408500982));
#8140=CARTESIAN_POINT('Ctrl Pts',(-21.3758672461031,2.,25.7369867199255));
#8141=CARTESIAN_POINT('Ctrl Pts',(-21.375867246103,2.,27.3775056236578));
#8142=CARTESIAN_POINT('',(-22.0631111845491,1.99,24.7349408500982));
#8143=CARTESIAN_POINT('',(-22.0631111845491,2.,24.7349408500982));
#8144=CARTESIAN_POINT('Ctrl Pts',(-22.0631111845491,1.99,24.7349408500982));
#8145=CARTESIAN_POINT('Ctrl Pts',(-21.3758672461031,1.99,25.7369867199255));
#8146=CARTESIAN_POINT('Ctrl Pts',(-21.375867246103,1.99,27.3775056236578));
#8147=CARTESIAN_POINT('Ctrl Pts',(-23.8854159101961,2.,23.35158439811));
#8148=CARTESIAN_POINT('Ctrl Pts',(-23.8854159101961,1.99,23.35158439811));
#8149=CARTESIAN_POINT('Ctrl Pts',(-22.7503551229951,2.,23.7328943842245));
#8150=CARTESIAN_POINT('Ctrl Pts',(-22.7503551229951,1.99,23.7328943842245));
#8151=CARTESIAN_POINT('Ctrl Pts',(-22.0631111845491,2.,24.7349408500982));
#8152=CARTESIAN_POINT('Ctrl Pts',(-22.0631111845491,1.99,24.7349408500982));
#8153=CARTESIAN_POINT('',(-23.8854159101961,2.,23.35158439811));
#8154=CARTESIAN_POINT('Ctrl Pts',(-23.8854159101961,2.,23.35158439811));
#8155=CARTESIAN_POINT('Ctrl Pts',(-22.7503551229951,2.,23.7328943842245));
#8156=CARTESIAN_POINT('Ctrl Pts',(-22.0631111845491,2.,24.7349408500982));
#8157=CARTESIAN_POINT('',(-23.8854159101961,1.99,23.35158439811));
#8158=CARTESIAN_POINT('',(-23.8854159101961,2.,23.35158439811));
#8159=CARTESIAN_POINT('Ctrl Pts',(-23.8854159101961,1.99,23.35158439811));
#8160=CARTESIAN_POINT('Ctrl Pts',(-22.7503551229951,1.99,23.7328943842245));
#8161=CARTESIAN_POINT('Ctrl Pts',(-22.0631111845491,1.99,24.7349408500982));
#8162=CARTESIAN_POINT('Ctrl Pts',(-26.3683642134187,2.,23.0678192013098));
#8163=CARTESIAN_POINT('Ctrl Pts',(-26.3683642134187,1.99,23.0678192013098));
#8164=CARTESIAN_POINT('Ctrl Pts',(-24.7544468626497,2.,23.0678192013098));
#8165=CARTESIAN_POINT('Ctrl Pts',(-24.7544468626497,1.99,23.0678192013098));
#8166=CARTESIAN_POINT('Ctrl Pts',(-23.8854159101961,2.,23.35158439811));
#8167=CARTESIAN_POINT('Ctrl Pts',(-23.8854159101961,1.99,23.35158439811));
#8168=CARTESIAN_POINT('',(-26.3683642134187,2.,23.0678192013098));
#8169=CARTESIAN_POINT('Ctrl Pts',(-26.3683642134187,2.,23.0678192013098));
#8170=CARTESIAN_POINT('Ctrl Pts',(-24.7544468626497,2.,23.0678192013098));
#8171=CARTESIAN_POINT('Ctrl Pts',(-23.8854159101961,2.,23.35158439811));
#8172=CARTESIAN_POINT('',(-26.3683642134187,1.99,23.0678192013098));
#8173=CARTESIAN_POINT('',(-26.3683642134187,2.,23.0678192013098));
#8174=CARTESIAN_POINT('Ctrl Pts',(-26.3683642134187,1.99,23.0678192013098));
#8175=CARTESIAN_POINT('Ctrl Pts',(-24.7544468626497,1.99,23.0678192013098));
#8176=CARTESIAN_POINT('Ctrl Pts',(-23.8854159101961,1.99,23.35158439811));
#8177=CARTESIAN_POINT('Origin',(-34.5975602850435,2.,23.0678192013098));
#8178=CARTESIAN_POINT('',(-34.5975602850435,2.,23.0678192013098));
#8179=CARTESIAN_POINT('',(-17.2987801425203,2.,23.0678192013098));
#8180=CARTESIAN_POINT('',(-34.5975602850435,1.99,23.0678192013098));
#8181=CARTESIAN_POINT('',(-34.5975602850435,2.,23.0678192013098));
#8182=CARTESIAN_POINT('',(-34.5975602850435,1.99,23.0678192013098));
#8183=CARTESIAN_POINT('Origin',(-34.5975602850435,2.,25.6837812298132));
#8184=CARTESIAN_POINT('',(-34.5975602850435,2.,25.6837812298132));
#8185=CARTESIAN_POINT('',(-34.5975602850435,2.,12.8418906149059));
#8186=CARTESIAN_POINT('',(-34.5975602850435,1.99,25.6837812298132));
#8187=CARTESIAN_POINT('',(-34.5975602850435,2.,25.6837812298132));
#8188=CARTESIAN_POINT('',(-34.5975602850435,1.99,25.6837812298132));
#8189=CARTESIAN_POINT('Origin',(-26.1998761877534,2.,25.6837812298132));
#8190=CARTESIAN_POINT('',(-13.0999380938753,2.,25.6837812298132));
#8191=CARTESIAN_POINT('',(-26.1998761877534,1.99,25.6837812298132));
#8192=CARTESIAN_POINT('Origin',(-36.3311882004259,1.99,0.379894771535505));
#8193=CARTESIAN_POINT('Origin',(-31.0150207266329,2.,-30.6259014970468));
#8194=CARTESIAN_POINT('',(-31.0150207266329,2.,-30.6259014970468));
#8195=CARTESIAN_POINT('',(-21.5975583776949,2.,-30.6259014970468));
#8196=CARTESIAN_POINT('',(-15.507510363315,2.,-30.6259014970468));
#8197=CARTESIAN_POINT('',(-31.0150207266329,1.99,-30.6259014970468));
#8198=CARTESIAN_POINT('',(-31.0150207266329,2.,-30.6259014970468));
#8199=CARTESIAN_POINT('',(-21.5975583776949,1.99,-30.6259014970468));
#8200=CARTESIAN_POINT('',(-31.0150207266329,1.99,-30.6259014970468));
#8201=CARTESIAN_POINT('',(-21.5975583776949,2.,-30.6259014970468));
#8202=CARTESIAN_POINT('Origin',(-31.0150207266329,2.,-28.1340935594248));
#8203=CARTESIAN_POINT('',(-31.0150207266329,2.,-28.1340935594248));
#8204=CARTESIAN_POINT('',(-31.0150207266329,2.,-14.0670467797131));
#8205=CARTESIAN_POINT('',(-31.0150207266329,1.99,-28.1340935594248));
#8206=CARTESIAN_POINT('',(-31.0150207266329,2.,-28.1340935594248));
#8207=CARTESIAN_POINT('',(-31.0150207266329,1.99,-28.1340935594248));
#8208=CARTESIAN_POINT('Origin',(-21.5975583776949,2.,-28.1340935594248));
#8209=CARTESIAN_POINT('',(-21.5975583776949,2.,-28.1340935594248));
#8210=CARTESIAN_POINT('',(-10.798779188846,2.,-28.1340935594248));
#8211=CARTESIAN_POINT('',(-21.5975583776949,1.99,-28.1340935594248));
#8212=CARTESIAN_POINT('',(-21.5975583776949,2.,-28.1340935594248));
#8213=CARTESIAN_POINT('',(-21.5975583776949,1.99,-28.1340935594248));
#8214=CARTESIAN_POINT('Origin',(-21.5975583776949,2.,-30.6259014970468));
#8215=CARTESIAN_POINT('',(-21.5975583776949,2.,-15.3129507485241));
#8216=CARTESIAN_POINT('',(-21.5975583776949,1.99,-30.6259014970468));
#8217=CARTESIAN_POINT('Origin',(-36.3311882004259,1.99,0.379894771535505));
#8218=CARTESIAN_POINT('Ctrl Pts',(-29.3212951406954,2.,-5.94718722168673));
#8219=CARTESIAN_POINT('Ctrl Pts',(-29.3212951406954,1.99,-5.94718722168673));
#8220=CARTESIAN_POINT('Ctrl Pts',(-29.3212951406954,2.,-5.05155352417696));
#8221=CARTESIAN_POINT('Ctrl Pts',(-29.3212951406954,1.99,-5.05155352417696));
#8222=CARTESIAN_POINT('Ctrl Pts',(-28.6251844152925,2.,-4.47072056595553));
#8223=CARTESIAN_POINT('Ctrl Pts',(-28.6251844152925,1.99,-4.47072056595553));
#8224=CARTESIAN_POINT('',(-29.3212951406954,2.,-5.94718722168673));
#8225=CARTESIAN_POINT('',(-28.6251844152925,2.,-4.47072056595553));
#8226=CARTESIAN_POINT('Ctrl Pts',(-29.3212951406954,2.,-5.94718722168673));
#8227=CARTESIAN_POINT('Ctrl Pts',(-29.3212951406954,2.,-5.05155352417696));
#8228=CARTESIAN_POINT('Ctrl Pts',(-28.6251844152925,2.,-4.47072056595553));
#8229=CARTESIAN_POINT('',(-29.3212951406954,1.99,-5.94718722168673));
#8230=CARTESIAN_POINT('',(-29.3212951406954,2.,-5.94718722168673));
#8231=CARTESIAN_POINT('',(-28.6251844152925,1.99,-4.47072056595553));
#8232=CARTESIAN_POINT('Ctrl Pts',(-29.3212951406954,1.99,-5.94718722168673));
#8233=CARTESIAN_POINT('Ctrl Pts',(-29.3212951406954,1.99,-5.05155352417696));
#8234=CARTESIAN_POINT('Ctrl Pts',(-28.6251844152925,1.99,-4.47072056595553));
#8235=CARTESIAN_POINT('',(-28.6251844152925,2.,-4.47072056595553));
#8236=CARTESIAN_POINT('Ctrl Pts',(-28.6118830427645,2.,-7.47242716614474));
#8237=CARTESIAN_POINT('Ctrl Pts',(-28.6118830427645,1.99,-7.47242716614474));
#8238=CARTESIAN_POINT('Ctrl Pts',(-29.3212951406954,2.,-6.86942366425265));
#8239=CARTESIAN_POINT('Ctrl Pts',(-29.3212951406954,1.99,-6.86942366425265));
#8240=CARTESIAN_POINT('Ctrl Pts',(-29.3212951406954,2.,-5.94718722168673));
#8241=CARTESIAN_POINT('Ctrl Pts',(-29.3212951406954,1.99,-5.94718722168673));
#8242=CARTESIAN_POINT('',(-28.6118830427645,2.,-7.47242716614474));
#8243=CARTESIAN_POINT('Ctrl Pts',(-28.6118830427645,2.,-7.47242716614474));
#8244=CARTESIAN_POINT('Ctrl Pts',(-29.3212951406954,2.,-6.86942366425265));
#8245=CARTESIAN_POINT('Ctrl Pts',(-29.3212951406954,2.,-5.94718722168673));
#8246=CARTESIAN_POINT('',(-28.6118830427645,1.99,-7.47242716614474));
#8247=CARTESIAN_POINT('',(-28.6118830427645,2.,-7.47242716614474));
#8248=CARTESIAN_POINT('Ctrl Pts',(-28.6118830427645,1.99,-7.47242716614474));
#8249=CARTESIAN_POINT('Ctrl Pts',(-29.3212951406954,1.99,-6.86942366425265));
#8250=CARTESIAN_POINT('Ctrl Pts',(-29.3212951406954,1.99,-5.94718722168673));
#8251=CARTESIAN_POINT('Ctrl Pts',(-26.4393056616304,2.,-8.07542589966524));
#8252=CARTESIAN_POINT('Ctrl Pts',(-26.4393056616304,1.99,-8.07542589966524));
#8253=CARTESIAN_POINT('Ctrl Pts',(-27.9024709448335,2.,-8.07542589966524));
#8254=CARTESIAN_POINT('Ctrl Pts',(-27.9024709448335,1.99,-8.07542589966524));
#8255=CARTESIAN_POINT('Ctrl Pts',(-28.6118830427645,2.,-7.47242716614474));
#8256=CARTESIAN_POINT('Ctrl Pts',(-28.6118830427645,1.99,-7.47242716614474));
#8257=CARTESIAN_POINT('',(-26.4393056616304,2.,-8.07542589966524));
#8258=CARTESIAN_POINT('Ctrl Pts',(-26.4393056616304,2.,-8.07542589966524));
#8259=CARTESIAN_POINT('Ctrl Pts',(-27.9024709448335,2.,-8.07542589966524));
#8260=CARTESIAN_POINT('Ctrl Pts',(-28.6118830427645,2.,-7.47242716614474));
#8261=CARTESIAN_POINT('',(-26.4393056616304,1.99,-8.07542589966524));
#8262=CARTESIAN_POINT('',(-26.4393056616304,2.,-8.07542589966524));
#8263=CARTESIAN_POINT('Ctrl Pts',(-26.4393056616304,1.99,-8.07542589966524));
#8264=CARTESIAN_POINT('Ctrl Pts',(-27.9024709448335,1.99,-8.07542589966524));
#8265=CARTESIAN_POINT('Ctrl Pts',(-28.6118830427645,1.99,-7.47242716614474));
#8266=CARTESIAN_POINT('Ctrl Pts',(-24.3243659719942,2.,-7.4458220369028));
#8267=CARTESIAN_POINT('Ctrl Pts',(-24.3243659719942,1.99,-7.4458220369028));
#8268=CARTESIAN_POINT('Ctrl Pts',(-25.0382126554964,2.,-8.07542589966524));
#8269=CARTESIAN_POINT('Ctrl Pts',(-25.0382126554964,1.99,-8.07542589966524));
#8270=CARTESIAN_POINT('Ctrl Pts',(-26.4393056616304,2.,-8.07542589966524));
#8271=CARTESIAN_POINT('Ctrl Pts',(-26.4393056616304,1.99,-8.07542589966524));
#8272=CARTESIAN_POINT('',(-24.3243659719942,2.,-7.4458220369028));
#8273=CARTESIAN_POINT('Ctrl Pts',(-24.3243659719942,2.,-7.4458220369028));
#8274=CARTESIAN_POINT('Ctrl Pts',(-25.0382126554964,2.,-8.07542589966524));
#8275=CARTESIAN_POINT('Ctrl Pts',(-26.4393056616304,2.,-8.07542589966524));
#8276=CARTESIAN_POINT('',(-24.3243659719942,1.99,-7.4458220369028));
#8277=CARTESIAN_POINT('',(-24.3243659719942,2.,-7.4458220369028));
#8278=CARTESIAN_POINT('Ctrl Pts',(-24.3243659719942,1.99,-7.4458220369028));
#8279=CARTESIAN_POINT('Ctrl Pts',(-25.0382126554964,1.99,-8.07542589966524));
#8280=CARTESIAN_POINT('Ctrl Pts',(-26.4393056616304,1.99,-8.07542589966524));
#8281=CARTESIAN_POINT('Ctrl Pts',(-23.610519288492,2.,-5.90284851853121));
#8282=CARTESIAN_POINT('Ctrl Pts',(-23.610519288492,1.99,-5.90284851853121));
#8283=CARTESIAN_POINT('Ctrl Pts',(-23.610519288492,2.,-6.81621817414034));
#8284=CARTESIAN_POINT('Ctrl Pts',(-23.610519288492,1.99,-6.81621817414034));
#8285=CARTESIAN_POINT('Ctrl Pts',(-24.3243659719942,2.,-7.4458220369028));
#8286=CARTESIAN_POINT('Ctrl Pts',(-24.3243659719942,1.99,-7.4458220369028));
#8287=CARTESIAN_POINT('',(-23.610519288492,2.,-5.90284851853121));
#8288=CARTESIAN_POINT('Ctrl Pts',(-23.610519288492,2.,-5.90284851853121));
#8289=CARTESIAN_POINT('Ctrl Pts',(-23.610519288492,2.,-6.81621817414034));
#8290=CARTESIAN_POINT('Ctrl Pts',(-24.3243659719942,2.,-7.4458220369028));
#8291=CARTESIAN_POINT('',(-23.610519288492,1.99,-5.90284851853121));
#8292=CARTESIAN_POINT('',(-23.610519288492,2.,-5.90284851853121));
#8293=CARTESIAN_POINT('Ctrl Pts',(-23.610519288492,1.99,-5.90284851853121));
#8294=CARTESIAN_POINT('Ctrl Pts',(-23.610519288492,1.99,-6.81621817414034));
#8295=CARTESIAN_POINT('Ctrl Pts',(-24.3243659719942,1.99,-7.4458220369028));
#8296=CARTESIAN_POINT('Ctrl Pts',(-24.3066300138948,2.,-4.47072056595553));
#8297=CARTESIAN_POINT('Ctrl Pts',(-24.3066300138948,1.99,-4.47072056595553));
#8298=CARTESIAN_POINT('Ctrl Pts',(-23.610519288492,2.,-5.05155352417697));
#8299=CARTESIAN_POINT('Ctrl Pts',(-23.610519288492,1.99,-5.05155352417697));
#8300=CARTESIAN_POINT('Ctrl Pts',(-23.610519288492,2.,-5.90284851853121));
#8301=CARTESIAN_POINT('Ctrl Pts',(-23.610519288492,1.99,-5.90284851853121));
#8302=CARTESIAN_POINT('',(-24.3066300138948,2.,-4.47072056595553));
#8303=CARTESIAN_POINT('Ctrl Pts',(-24.3066300138948,2.,-4.47072056595553));
#8304=CARTESIAN_POINT('Ctrl Pts',(-23.610519288492,2.,-5.05155352417697));
#8305=CARTESIAN_POINT('Ctrl Pts',(-23.610519288492,2.,-5.90284851853121));
#8306=CARTESIAN_POINT('',(-24.3066300138948,1.99,-4.47072056595553));
#8307=CARTESIAN_POINT('',(-24.3066300138948,2.,-4.47072056595553));
#8308=CARTESIAN_POINT('Ctrl Pts',(-24.3066300138948,1.99,-4.47072056595553));
#8309=CARTESIAN_POINT('Ctrl Pts',(-23.610519288492,1.99,-5.05155352417697));
#8310=CARTESIAN_POINT('Ctrl Pts',(-23.610519288492,1.99,-5.90284851853121));
#8311=CARTESIAN_POINT('Ctrl Pts',(-26.5013779386995,2.,-3.88988760773409));
#8312=CARTESIAN_POINT('Ctrl Pts',(-26.5013779386995,1.99,-3.88988760773409));
#8313=CARTESIAN_POINT('Ctrl Pts',(-25.0027431234834,2.,-3.88988760773409));
#8314=CARTESIAN_POINT('Ctrl Pts',(-25.0027431234834,1.99,-3.88988760773409));
#8315=CARTESIAN_POINT('Ctrl Pts',(-24.3066300138948,2.,-4.47072056595553));
#8316=CARTESIAN_POINT('Ctrl Pts',(-24.3066300138948,1.99,-4.47072056595553));
#8317=CARTESIAN_POINT('',(-26.5013779386995,2.,-3.88988760773409));
#8318=CARTESIAN_POINT('Ctrl Pts',(-26.5013779386995,2.,-3.88988760773409));
#8319=CARTESIAN_POINT('Ctrl Pts',(-25.0027431234834,2.,-3.88988760773409));
#8320=CARTESIAN_POINT('Ctrl Pts',(-24.3066300138948,2.,-4.47072056595553));
#8321=CARTESIAN_POINT('',(-26.5013779386995,1.99,-3.88988760773409));
#8322=CARTESIAN_POINT('',(-26.5013779386995,2.,-3.88988760773409));
#8323=CARTESIAN_POINT('Ctrl Pts',(-26.5013779386995,1.99,-3.88988760773409));
#8324=CARTESIAN_POINT('Ctrl Pts',(-25.0027431234834,1.99,-3.88988760773409));
#8325=CARTESIAN_POINT('Ctrl Pts',(-24.3066300138948,1.99,-4.47072056595553));
#8326=CARTESIAN_POINT('Ctrl Pts',(-28.6251844152925,2.,-4.47072056595553));
#8327=CARTESIAN_POINT('Ctrl Pts',(-28.6251844152925,1.99,-4.47072056595553));
#8328=CARTESIAN_POINT('Ctrl Pts',(-27.9290736898897,2.,-3.88988760773409));
#8329=CARTESIAN_POINT('Ctrl Pts',(-27.9290736898897,1.99,-3.88988760773409));
#8330=CARTESIAN_POINT('Ctrl Pts',(-26.5013779386995,2.,-3.88988760773409));
#8331=CARTESIAN_POINT('Ctrl Pts',(-26.5013779386995,1.99,-3.88988760773409));
#8332=CARTESIAN_POINT('Ctrl Pts',(-28.6251844152925,2.,-4.47072056595553));
#8333=CARTESIAN_POINT('Ctrl Pts',(-27.9290736898897,2.,-3.88988760773409));
#8334=CARTESIAN_POINT('Ctrl Pts',(-26.5013779386995,2.,-3.88988760773409));
#8335=CARTESIAN_POINT('Ctrl Pts',(-28.6251844152925,1.99,-4.47072056595553));
#8336=CARTESIAN_POINT('Ctrl Pts',(-27.9290736898897,1.99,-3.88988760773409));
#8337=CARTESIAN_POINT('Ctrl Pts',(-26.5013779386995,1.99,-3.88988760773409));
#8338=CARTESIAN_POINT('Ctrl Pts',(-18.5958541616915,2.,-2.65728262726534));
#8339=CARTESIAN_POINT('Ctrl Pts',(-18.5958541616915,1.99,-2.65728262726534));
#8340=CARTESIAN_POINT('Ctrl Pts',(-19.4161118254183,2.,-1.65523556534518));
#8341=CARTESIAN_POINT('Ctrl Pts',(-19.4161118254183,1.99,-1.65523556534518));
#8342=CARTESIAN_POINT('Ctrl Pts',(-20.675321935129,2.,-1.65523556534518));
#8343=CARTESIAN_POINT('Ctrl Pts',(-20.675321935129,1.99,-1.65523556534518));
#8344=CARTESIAN_POINT('',(-18.5958541616915,2.,-2.65728262726534));
#8345=CARTESIAN_POINT('',(-20.675321935129,2.,-1.65523556534518));
#8346=CARTESIAN_POINT('Ctrl Pts',(-18.5958541616915,2.,-2.65728262726534));
#8347=CARTESIAN_POINT('Ctrl Pts',(-19.4161118254183,2.,-1.65523556534518));
#8348=CARTESIAN_POINT('Ctrl Pts',(-20.675321935129,2.,-1.65523556534518));
#8349=CARTESIAN_POINT('',(-18.5958541616915,1.99,-2.65728262726534));
#8350=CARTESIAN_POINT('',(-18.5958541616915,2.,-2.65728262726534));
#8351=CARTESIAN_POINT('',(-20.675321935129,1.99,-1.65523556534518));
#8352=CARTESIAN_POINT('Ctrl Pts',(-18.5958541616915,1.99,-2.65728262726534));
#8353=CARTESIAN_POINT('Ctrl Pts',(-19.4161118254183,1.99,-1.65523556534518));
#8354=CARTESIAN_POINT('Ctrl Pts',(-20.675321935129,1.99,-1.65523556534518));
#8355=CARTESIAN_POINT('',(-20.675321935129,2.,-1.65523556534518));
#8356=CARTESIAN_POINT('Ctrl Pts',(-17.7755941137789,2.,-6.05359820191134));
#8357=CARTESIAN_POINT('Ctrl Pts',(-17.7755941137789,1.99,-6.05359820191134));
#8358=CARTESIAN_POINT('Ctrl Pts',(-17.7755941137789,2.,-3.65932968918551));
#8359=CARTESIAN_POINT('Ctrl Pts',(-17.7755941137789,1.99,-3.65932968918551));
#8360=CARTESIAN_POINT('Ctrl Pts',(-18.5958541616915,2.,-2.65728262726534));
#8361=CARTESIAN_POINT('Ctrl Pts',(-18.5958541616915,1.99,-2.65728262726534));
#8362=CARTESIAN_POINT('',(-17.7755941137789,2.,-6.05359820191134));
#8363=CARTESIAN_POINT('Ctrl Pts',(-17.7755941137789,2.,-6.05359820191134));
#8364=CARTESIAN_POINT('Ctrl Pts',(-17.7755941137789,2.,-3.65932968918551));
#8365=CARTESIAN_POINT('Ctrl Pts',(-18.5958541616915,2.,-2.65728262726534));
#8366=CARTESIAN_POINT('',(-17.7755941137789,1.99,-6.05359820191134));
#8367=CARTESIAN_POINT('',(-17.7755941137789,2.,-6.05359820191134));
#8368=CARTESIAN_POINT('Ctrl Pts',(-17.7755941137789,1.99,-6.05359820191134));
#8369=CARTESIAN_POINT('Ctrl Pts',(-17.7755941137789,1.99,-3.65932968918551));
#8370=CARTESIAN_POINT('Ctrl Pts',(-18.5958541616915,1.99,-2.65728262726534));
#8371=CARTESIAN_POINT('Ctrl Pts',(-18.0416215643404,2.,-8.15080193344821));
#8372=CARTESIAN_POINT('Ctrl Pts',(-18.0416215643404,1.99,-8.15080193344821));
#8373=CARTESIAN_POINT('Ctrl Pts',(-17.7755941137789,2.,-7.32167509857882));
#8374=CARTESIAN_POINT('Ctrl Pts',(-17.7755941137789,1.99,-7.32167509857882));
#8375=CARTESIAN_POINT('Ctrl Pts',(-17.7755941137789,2.,-6.05359820191134));
#8376=CARTESIAN_POINT('Ctrl Pts',(-17.7755941137789,1.99,-6.05359820191134));
#8377=CARTESIAN_POINT('',(-18.0416215643404,2.,-8.15080193344821));
#8378=CARTESIAN_POINT('Ctrl Pts',(-18.0416215643404,2.,-8.15080193344821));
#8379=CARTESIAN_POINT('Ctrl Pts',(-17.7755941137789,2.,-7.32167509857882));
#8380=CARTESIAN_POINT('Ctrl Pts',(-17.7755941137789,2.,-6.05359820191134));
#8381=CARTESIAN_POINT('',(-18.0416215643404,1.99,-8.15080193344821));
#8382=CARTESIAN_POINT('',(-18.0416215643404,2.,-8.15080193344821));
#8383=CARTESIAN_POINT('Ctrl Pts',(-18.0416215643404,1.99,-8.15080193344821));
#8384=CARTESIAN_POINT('Ctrl Pts',(-17.7755941137789,1.99,-7.32167509857882));
#8385=CARTESIAN_POINT('Ctrl Pts',(-17.7755941137789,1.99,-6.05359820191134));
#8386=CARTESIAN_POINT('Ctrl Pts',(-18.777641175699,2.,-9.47651652161349));
#8387=CARTESIAN_POINT('Ctrl Pts',(-18.777641175699,1.99,-9.47651652161349));
#8388=CARTESIAN_POINT('Ctrl Pts',(-18.3076537832735,2.,-8.97992876831759));
#8389=CARTESIAN_POINT('Ctrl Pts',(-18.3076537832735,1.99,-8.97992876831759));
#8390=CARTESIAN_POINT('Ctrl Pts',(-18.0416215643404,2.,-8.15080193344821));
#8391=CARTESIAN_POINT('Ctrl Pts',(-18.0416215643404,1.99,-8.15080193344821));
#8392=CARTESIAN_POINT('',(-18.777641175699,2.,-9.47651652161349));
#8393=CARTESIAN_POINT('Ctrl Pts',(-18.777641175699,2.,-9.47651652161349));
#8394=CARTESIAN_POINT('Ctrl Pts',(-18.3076537832735,2.,-8.97992876831759));
#8395=CARTESIAN_POINT('Ctrl Pts',(-18.0416215643404,2.,-8.15080193344821));
#8396=CARTESIAN_POINT('',(-18.777641175699,1.99,-9.47651652161349));
#8397=CARTESIAN_POINT('',(-18.777641175699,2.,-9.47651652161349));
#8398=CARTESIAN_POINT('Ctrl Pts',(-18.777641175699,1.99,-9.47651652161349));
#8399=CARTESIAN_POINT('Ctrl Pts',(-18.3076537832735,1.99,-8.97992876831759));
#8400=CARTESIAN_POINT('Ctrl Pts',(-18.0416215643404,1.99,-8.15080193344821));
#8401=CARTESIAN_POINT('Ctrl Pts',(-20.0723184332369,2.,-10.2480056649851));
#8402=CARTESIAN_POINT('Ctrl Pts',(-20.0723184332369,1.99,-10.2480056649851));
#8403=CARTESIAN_POINT('Ctrl Pts',(-19.2476261839388,2.,-9.97310904328097));
#8404=CARTESIAN_POINT('Ctrl Pts',(-19.2476261839388,1.99,-9.97310904328097));
#8405=CARTESIAN_POINT('Ctrl Pts',(-18.777641175699,2.,-9.47651652161349));
#8406=CARTESIAN_POINT('Ctrl Pts',(-18.777641175699,1.99,-9.47651652161349));
#8407=CARTESIAN_POINT('',(-20.0723184332369,2.,-10.2480056649851));
#8408=CARTESIAN_POINT('Ctrl Pts',(-20.0723184332369,2.,-10.2480056649851));
#8409=CARTESIAN_POINT('Ctrl Pts',(-19.2476261839388,2.,-9.97310904328097));
#8410=CARTESIAN_POINT('Ctrl Pts',(-18.777641175699,2.,-9.47651652161349));
#8411=CARTESIAN_POINT('',(-20.0723184332369,1.99,-10.2480056649851));
#8412=CARTESIAN_POINT('',(-20.0723184332369,2.,-10.2480056649851));
#8413=CARTESIAN_POINT('Ctrl Pts',(-20.0723184332369,1.99,-10.2480056649851));
#8414=CARTESIAN_POINT('Ctrl Pts',(-19.2476261839388,1.99,-9.97310904328097));
#8415=CARTESIAN_POINT('Ctrl Pts',(-18.777641175699,1.99,-9.47651652161349));
#8416=CARTESIAN_POINT('Ctrl Pts',(-22.5641335234163,2.,-10.5229022866892));
#8417=CARTESIAN_POINT('Ctrl Pts',(-22.5641335234163,1.99,-10.5229022866892));
#8418=CARTESIAN_POINT('Ctrl Pts',(-20.8970130667208,2.,-10.5229022866892));
#8419=CARTESIAN_POINT('Ctrl Pts',(-20.8970130667208,1.99,-10.5229022866892));
#8420=CARTESIAN_POINT('Ctrl Pts',(-20.0723184332369,2.,-10.2480056649851));
#8421=CARTESIAN_POINT('Ctrl Pts',(-20.0723184332369,1.99,-10.2480056649851));
#8422=CARTESIAN_POINT('',(-22.5641335234163,2.,-10.5229022866892));
#8423=CARTESIAN_POINT('Ctrl Pts',(-22.5641335234163,2.,-10.5229022866892));
#8424=CARTESIAN_POINT('Ctrl Pts',(-20.8970130667208,2.,-10.5229022866892));
#8425=CARTESIAN_POINT('Ctrl Pts',(-20.0723184332369,2.,-10.2480056649851));
#8426=CARTESIAN_POINT('',(-22.5641335234163,1.99,-10.5229022866892));
#8427=CARTESIAN_POINT('',(-22.5641335234163,2.,-10.5229022866892));
#8428=CARTESIAN_POINT('Ctrl Pts',(-22.5641335234163,1.99,-10.5229022866892));
#8429=CARTESIAN_POINT('Ctrl Pts',(-20.8970130667208,1.99,-10.5229022866892));
#8430=CARTESIAN_POINT('Ctrl Pts',(-20.0723184332369,1.99,-10.2480056649851));
#8431=CARTESIAN_POINT('Origin',(-31.0150207266329,2.,-10.5229022866892));
#8432=CARTESIAN_POINT('',(-31.0150207266329,2.,-10.5229022866892));
#8433=CARTESIAN_POINT('',(-15.507510363315,2.,-10.5229022866892));
#8434=CARTESIAN_POINT('',(-31.0150207266329,1.99,-10.5229022866892));
#8435=CARTESIAN_POINT('',(-31.0150207266329,2.,-10.5229022866892));
#8436=CARTESIAN_POINT('',(-31.0150207266329,1.99,-10.5229022866892));
#8437=CARTESIAN_POINT('Origin',(-31.0150207266329,2.,-8.19070605103243));
#8438=CARTESIAN_POINT('',(-31.0150207266329,2.,-8.19070605103243));
#8439=CARTESIAN_POINT('',(-31.0150207266329,2.,-4.0953530255169));
#8440=CARTESIAN_POINT('',(-31.0150207266329,1.99,-8.19070605103243));
#8441=CARTESIAN_POINT('',(-31.0150207266329,2.,-8.19070605103243));
#8442=CARTESIAN_POINT('',(-31.0150207266329,1.99,-8.19070605103243));
#8443=CARTESIAN_POINT('Origin',(-29.6937383398531,2.,-8.19070605103243));
#8444=CARTESIAN_POINT('',(-29.6937383398531,2.,-8.19070605103243));
#8445=CARTESIAN_POINT('',(-14.8468691699251,2.,-8.19070605103244));
#8446=CARTESIAN_POINT('',(-29.6937383398531,1.99,-8.19070605103243));
#8447=CARTESIAN_POINT('',(-29.6937383398531,2.,-8.19070605103243));
#8448=CARTESIAN_POINT('',(-29.6937383398531,1.99,-8.19070605103243));
#8449=CARTESIAN_POINT('Ctrl Pts',(-31.2278450712679,2.,-5.3087141877817));
#8450=CARTESIAN_POINT('Ctrl Pts',(-31.2278450712679,1.99,-5.3087141877817));
#8451=CARTESIAN_POINT('Ctrl Pts',(-31.2278450712679,2.,-7.0556452638315));
#8452=CARTESIAN_POINT('Ctrl Pts',(-31.2278450712679,1.99,-7.0556452638315));
#8453=CARTESIAN_POINT('Ctrl Pts',(-29.6937383398531,2.,-8.19070605103243));
#8454=CARTESIAN_POINT('Ctrl Pts',(-29.6937383398531,1.99,-8.19070605103243));
#8455=CARTESIAN_POINT('',(-31.2278450712679,2.,-5.3087141877817));
#8456=CARTESIAN_POINT('Ctrl Pts',(-31.2278450712679,2.,-5.3087141877817));
#8457=CARTESIAN_POINT('Ctrl Pts',(-31.2278450712679,2.,-7.0556452638315));
#8458=CARTESIAN_POINT('Ctrl Pts',(-29.6937383398531,2.,-8.19070605103243));
#8459=CARTESIAN_POINT('',(-31.2278450712679,1.99,-5.3087141877817));
#8460=CARTESIAN_POINT('',(-31.2278450712679,2.,-5.3087141877817));
#8461=CARTESIAN_POINT('Ctrl Pts',(-31.2278450712679,1.99,-5.3087141877817));
#8462=CARTESIAN_POINT('Ctrl Pts',(-31.2278450712679,1.99,-7.0556452638315));
#8463=CARTESIAN_POINT('Ctrl Pts',(-29.6937383398531,1.99,-8.19070605103243));
#8464=CARTESIAN_POINT('Ctrl Pts',(-29.9775041326998,2.,-2.47549561325777));
#8465=CARTESIAN_POINT('Ctrl Pts',(-29.9775041326998,1.99,-2.47549561325777));
#8466=CARTESIAN_POINT('Ctrl Pts',(-31.2278450712679,2.,-3.61499098602999));
#8467=CARTESIAN_POINT('Ctrl Pts',(-31.2278450712679,1.99,-3.61499098602999));
#8468=CARTESIAN_POINT('Ctrl Pts',(-31.2278450712679,2.,-5.3087141877817));
#8469=CARTESIAN_POINT('Ctrl Pts',(-31.2278450712679,1.99,-5.3087141877817));
#8470=CARTESIAN_POINT('',(-29.9775041326998,2.,-2.47549561325777));
#8471=CARTESIAN_POINT('Ctrl Pts',(-29.9775041326998,2.,-2.47549561325777));
#8472=CARTESIAN_POINT('Ctrl Pts',(-31.2278450712679,2.,-3.61499098602999));
#8473=CARTESIAN_POINT('Ctrl Pts',(-31.2278450712679,2.,-5.3087141877817));
#8474=CARTESIAN_POINT('',(-29.9775041326998,1.99,-2.47549561325777));
#8475=CARTESIAN_POINT('',(-29.9775041326998,2.,-2.47549561325777));
#8476=CARTESIAN_POINT('Ctrl Pts',(-29.9775041326998,1.99,-2.47549561325777));
#8477=CARTESIAN_POINT('Ctrl Pts',(-31.2278450712679,1.99,-3.61499098602999));
#8478=CARTESIAN_POINT('Ctrl Pts',(-31.2278450712679,1.99,-5.3087141877817));
#8479=CARTESIAN_POINT('Ctrl Pts',(-26.3594950422762,2.,-1.33600024048556));
#8480=CARTESIAN_POINT('Ctrl Pts',(-26.3594950422762,1.99,-1.33600024048556));
#8481=CARTESIAN_POINT('Ctrl Pts',(-28.7271631941316,2.,-1.33600024048556));
#8482=CARTESIAN_POINT('Ctrl Pts',(-28.7271631941316,1.99,-1.33600024048556));
#8483=CARTESIAN_POINT('Ctrl Pts',(-29.9775041326998,2.,-2.47549561325777));
#8484=CARTESIAN_POINT('Ctrl Pts',(-29.9775041326998,1.99,-2.47549561325777));
#8485=CARTESIAN_POINT('',(-26.3594950422762,2.,-1.33600024048556));
#8486=CARTESIAN_POINT('Ctrl Pts',(-26.3594950422762,2.,-1.33600024048556));
#8487=CARTESIAN_POINT('Ctrl Pts',(-28.7271631941316,2.,-1.33600024048556));
#8488=CARTESIAN_POINT('Ctrl Pts',(-29.9775041326998,2.,-2.47549561325777));
#8489=CARTESIAN_POINT('',(-26.3594950422762,1.99,-1.33600024048556));
#8490=CARTESIAN_POINT('',(-26.3594950422762,2.,-1.33600024048556));
#8491=CARTESIAN_POINT('Ctrl Pts',(-26.3594950422762,1.99,-1.33600024048556));
#8492=CARTESIAN_POINT('Ctrl Pts',(-28.7271631941316,1.99,-1.33600024048556));
#8493=CARTESIAN_POINT('Ctrl Pts',(-29.9775041326998,1.99,-2.47549561325777));
#8494=CARTESIAN_POINT('Ctrl Pts',(-23.2026065573213,2.,-2.20503119293917));
#8495=CARTESIAN_POINT('Ctrl Pts',(-23.2026065573213,1.99,-2.20503119293917));
#8496=CARTESIAN_POINT('Ctrl Pts',(-24.4706834539888,2.,-1.33600024048556));
#8497=CARTESIAN_POINT('Ctrl Pts',(-24.4706834539888,1.99,-1.33600024048556));
#8498=CARTESIAN_POINT('Ctrl Pts',(-26.3594950422762,2.,-1.33600024048556));
#8499=CARTESIAN_POINT('Ctrl Pts',(-26.3594950422762,1.99,-1.33600024048556));
#8500=CARTESIAN_POINT('',(-23.2026065573213,2.,-2.20503119293917));
#8501=CARTESIAN_POINT('Ctrl Pts',(-23.2026065573213,2.,-2.20503119293917));
#8502=CARTESIAN_POINT('Ctrl Pts',(-24.4706834539888,2.,-1.33600024048556));
#8503=CARTESIAN_POINT('Ctrl Pts',(-26.3594950422762,2.,-1.33600024048556));
#8504=CARTESIAN_POINT('',(-23.2026065573213,1.99,-2.20503119293917));
#8505=CARTESIAN_POINT('',(-23.2026065573213,2.,-2.20503119293917));
#8506=CARTESIAN_POINT('Ctrl Pts',(-23.2026065573213,1.99,-2.20503119293917));
#8507=CARTESIAN_POINT('Ctrl Pts',(-24.4706834539888,1.99,-1.33600024048556));
#8508=CARTESIAN_POINT('Ctrl Pts',(-26.3594950422762,1.99,-1.33600024048556));
#8509=CARTESIAN_POINT('Ctrl Pts',(-21.5975583776949,2.,-5.21116999451388));
#8510=CARTESIAN_POINT('Ctrl Pts',(-21.5975583776949,1.99,-5.21116999451388));
#8511=CARTESIAN_POINT('Ctrl Pts',(-21.5975583776949,2.,-3.31348923508395));
#8512=CARTESIAN_POINT('Ctrl Pts',(-21.5975583776949,1.99,-3.31348923508395));
#8513=CARTESIAN_POINT('Ctrl Pts',(-23.2026065573213,2.,-2.20503119293917));
#8514=CARTESIAN_POINT('Ctrl Pts',(-23.2026065573213,1.99,-2.20503119293917));
#8515=CARTESIAN_POINT('',(-21.5975583776949,2.,-5.21116999451388));
#8516=CARTESIAN_POINT('Ctrl Pts',(-21.5975583776949,2.,-5.21116999451388));
#8517=CARTESIAN_POINT('Ctrl Pts',(-21.5975583776949,2.,-3.31348923508395));
#8518=CARTESIAN_POINT('Ctrl Pts',(-23.2026065573213,2.,-2.20503119293917));
#8519=CARTESIAN_POINT('',(-21.5975583776949,1.99,-5.21116999451388));
#8520=CARTESIAN_POINT('',(-21.5975583776949,2.,-5.21116999451388));
#8521=CARTESIAN_POINT('Ctrl Pts',(-21.5975583776949,1.99,-5.21116999451388));
#8522=CARTESIAN_POINT('Ctrl Pts',(-21.5975583776949,1.99,-3.31348923508395));
#8523=CARTESIAN_POINT('Ctrl Pts',(-23.2026065573213,1.99,-2.20503119293917));
#8524=CARTESIAN_POINT('Ctrl Pts',(-23.1227959379671,2.,-8.03108958069552));
#8525=CARTESIAN_POINT('Ctrl Pts',(-23.1227959379671,1.99,-8.03108958069552));
#8526=CARTESIAN_POINT('Ctrl Pts',(-21.5975583776949,2.,-6.91376236740817));
#8527=CARTESIAN_POINT('Ctrl Pts',(-21.5975583776949,1.99,-6.91376236740817));
#8528=CARTESIAN_POINT('Ctrl Pts',(-21.5975583776949,2.,-5.21116999451388));
#8529=CARTESIAN_POINT('Ctrl Pts',(-21.5975583776949,1.99,-5.21116999451388));
#8530=CARTESIAN_POINT('',(-23.1227959379671,2.,-8.03108958069552));
#8531=CARTESIAN_POINT('Ctrl Pts',(-23.1227959379671,2.,-8.03108958069552));
#8532=CARTESIAN_POINT('Ctrl Pts',(-21.5975583776949,2.,-6.91376236740817));
#8533=CARTESIAN_POINT('Ctrl Pts',(-21.5975583776949,2.,-5.21116999451388));
#8534=CARTESIAN_POINT('',(-23.1227959379671,1.99,-8.03108958069552));
#8535=CARTESIAN_POINT('',(-23.1227959379671,2.,-8.03108958069552));
#8536=CARTESIAN_POINT('Ctrl Pts',(-23.1227959379671,1.99,-8.03108958069552));
#8537=CARTESIAN_POINT('Ctrl Pts',(-21.5975583776949,1.99,-6.91376236740817));
#8538=CARTESIAN_POINT('Ctrl Pts',(-21.5975583776949,1.99,-5.21116999451388));
#8539=CARTESIAN_POINT('Origin',(-21.748308061075,2.,-8.03108958069552));
#8540=CARTESIAN_POINT('',(-21.748308061075,2.,-8.03108958069552));
#8541=CARTESIAN_POINT('',(-10.8741540305361,2.,-8.03108958069553));
#8542=CARTESIAN_POINT('',(-21.748308061075,1.99,-8.03108958069552));
#8543=CARTESIAN_POINT('',(-21.748308061075,2.,-8.03108958069552));
#8544=CARTESIAN_POINT('',(-21.748308061075,1.99,-8.03108958069552));
#8545=CARTESIAN_POINT('Ctrl Pts',(-20.6043804869173,2.,-7.91580942932833));
#8546=CARTESIAN_POINT('Ctrl Pts',(-20.6043804869173,1.99,-7.91580942932833));
#8547=CARTESIAN_POINT('Ctrl Pts',(-20.9147466406343,2.,-8.03108958069552));
#8548=CARTESIAN_POINT('Ctrl Pts',(-20.9147466406343,1.99,-8.03108958069552));
#8549=CARTESIAN_POINT('Ctrl Pts',(-21.748308061075,2.,-8.03108958069552));
#8550=CARTESIAN_POINT('Ctrl Pts',(-21.748308061075,1.99,-8.03108958069552));
#8551=CARTESIAN_POINT('',(-20.6043804869173,2.,-7.91580942932833));
#8552=CARTESIAN_POINT('Ctrl Pts',(-20.6043804869173,2.,-7.91580942932833));
#8553=CARTESIAN_POINT('Ctrl Pts',(-20.9147466406343,2.,-8.03108958069552));
#8554=CARTESIAN_POINT('Ctrl Pts',(-21.748308061075,2.,-8.03108958069552));
#8555=CARTESIAN_POINT('',(-20.6043804869173,1.99,-7.91580942932833));
#8556=CARTESIAN_POINT('',(-20.6043804869173,2.,-7.91580942932833));
#8557=CARTESIAN_POINT('Ctrl Pts',(-20.6043804869173,1.99,-7.91580942932833));
#8558=CARTESIAN_POINT('Ctrl Pts',(-20.9147466406343,1.99,-8.03108958069552));
#8559=CARTESIAN_POINT('Ctrl Pts',(-21.748308061075,1.99,-8.03108958069552));
#8560=CARTESIAN_POINT('Ctrl Pts',(-19.974774239969,2.,-7.41921929184664));
#8561=CARTESIAN_POINT('Ctrl Pts',(-19.974774239969,1.99,-7.41921929184664));
#8562=CARTESIAN_POINT('Ctrl Pts',(-20.1698650106905,2.,-7.74732378784884));
#8563=CARTESIAN_POINT('Ctrl Pts',(-20.1698650106905,1.99,-7.74732378784884));
#8564=CARTESIAN_POINT('Ctrl Pts',(-20.6043804869173,2.,-7.91580942932833));
#8565=CARTESIAN_POINT('Ctrl Pts',(-20.6043804869173,1.99,-7.91580942932833));
#8566=CARTESIAN_POINT('',(-19.974774239969,2.,-7.41921929184664));
#8567=CARTESIAN_POINT('Ctrl Pts',(-19.974774239969,2.,-7.41921929184664));
#8568=CARTESIAN_POINT('Ctrl Pts',(-20.1698650106905,2.,-7.74732378784884));
#8569=CARTESIAN_POINT('Ctrl Pts',(-20.6043804869173,2.,-7.91580942932833));
#8570=CARTESIAN_POINT('',(-19.974774239969,1.99,-7.41921929184664));
#8571=CARTESIAN_POINT('',(-19.974774239969,2.,-7.41921929184664));
#8572=CARTESIAN_POINT('Ctrl Pts',(-19.974774239969,1.99,-7.41921929184664));
#8573=CARTESIAN_POINT('Ctrl Pts',(-20.1698650106905,1.99,-7.74732378784884));
#8574=CARTESIAN_POINT('Ctrl Pts',(-20.6043804869173,1.99,-7.91580942932833));
#8575=CARTESIAN_POINT('Ctrl Pts',(-19.6821416601656,2.,-5.95605400864352));
#8576=CARTESIAN_POINT('Ctrl Pts',(-19.6821416601656,1.99,-5.95605400864352));
#8577=CARTESIAN_POINT('Ctrl Pts',(-19.6821416601656,2.,-6.93149832550753));
#8578=CARTESIAN_POINT('Ctrl Pts',(-19.6821416601656,1.99,-6.93149832550753));
#8579=CARTESIAN_POINT('Ctrl Pts',(-19.974774239969,2.,-7.41921929184664));
#8580=CARTESIAN_POINT('Ctrl Pts',(-19.974774239969,1.99,-7.41921929184664));
#8581=CARTESIAN_POINT('',(-19.6821416601656,2.,-5.95605400864352));
#8582=CARTESIAN_POINT('Ctrl Pts',(-19.6821416601656,2.,-5.95605400864352));
#8583=CARTESIAN_POINT('Ctrl Pts',(-19.6821416601656,2.,-6.93149832550753));
#8584=CARTESIAN_POINT('Ctrl Pts',(-19.974774239969,2.,-7.41921929184664));
#8585=CARTESIAN_POINT('',(-19.6821416601656,1.99,-5.95605400864352));
#8586=CARTESIAN_POINT('',(-19.6821416601656,2.,-5.95605400864352));
#8587=CARTESIAN_POINT('Ctrl Pts',(-19.6821416601656,1.99,-5.95605400864352));
#8588=CARTESIAN_POINT('Ctrl Pts',(-19.6821416601656,1.99,-6.93149832550753));
#8589=CARTESIAN_POINT('Ctrl Pts',(-19.974774239969,1.99,-7.41921929184664));
#8590=CARTESIAN_POINT('Ctrl Pts',(-19.9481714949129,2.,-4.83872917954196));
#8591=CARTESIAN_POINT('Ctrl Pts',(-19.9481714949129,1.99,-4.83872917954196));
#8592=CARTESIAN_POINT('Ctrl Pts',(-19.6821416601656,2.,-5.19343642060031));
#8593=CARTESIAN_POINT('Ctrl Pts',(-19.6821416601656,1.99,-5.19343642060031));
#8594=CARTESIAN_POINT('Ctrl Pts',(-19.6821416601656,2.,-5.95605400864352));
#8595=CARTESIAN_POINT('Ctrl Pts',(-19.6821416601656,1.99,-5.95605400864352));
#8596=CARTESIAN_POINT('',(-19.9481714949129,2.,-4.83872917954196));
#8597=CARTESIAN_POINT('Ctrl Pts',(-19.9481714949129,2.,-4.83872917954196));
#8598=CARTESIAN_POINT('Ctrl Pts',(-19.6821416601656,2.,-5.19343642060031));
#8599=CARTESIAN_POINT('Ctrl Pts',(-19.6821416601656,2.,-5.95605400864352));
#8600=CARTESIAN_POINT('',(-19.9481714949129,1.99,-4.83872917954196));
#8601=CARTESIAN_POINT('',(-19.9481714949129,2.,-4.83872917954196));
#8602=CARTESIAN_POINT('Ctrl Pts',(-19.9481714949129,1.99,-4.83872917954196));
#8603=CARTESIAN_POINT('Ctrl Pts',(-19.6821416601656,1.99,-5.19343642060031));
#8604=CARTESIAN_POINT('Ctrl Pts',(-19.6821416601656,1.99,-5.95605400864352));
#8605=CARTESIAN_POINT('Ctrl Pts',(-20.6309832319734,2.,-4.51062468353976));
#8606=CARTESIAN_POINT('Ctrl Pts',(-20.6309832319734,1.99,-4.51062468353976));
#8607=CARTESIAN_POINT('Ctrl Pts',(-20.1343930944917,2.,-4.58156613175143));
#8608=CARTESIAN_POINT('Ctrl Pts',(-20.1343930944917,1.99,-4.58156613175143));
#8609=CARTESIAN_POINT('Ctrl Pts',(-19.9481714949129,2.,-4.83872917954196));
#8610=CARTESIAN_POINT('Ctrl Pts',(-19.9481714949129,1.99,-4.83872917954196));
#8611=CARTESIAN_POINT('',(-20.6309832319734,2.,-4.51062468353976));
#8612=CARTESIAN_POINT('Ctrl Pts',(-20.6309832319734,2.,-4.51062468353976));
#8613=CARTESIAN_POINT('Ctrl Pts',(-20.1343930944917,2.,-4.58156613175143));
#8614=CARTESIAN_POINT('Ctrl Pts',(-19.9481714949129,2.,-4.83872917954196));
#8615=CARTESIAN_POINT('',(-20.6309832319734,1.99,-4.51062468353976));
#8616=CARTESIAN_POINT('',(-20.6309832319734,2.,-4.51062468353976));
#8617=CARTESIAN_POINT('Ctrl Pts',(-20.6309832319734,1.99,-4.51062468353976));
#8618=CARTESIAN_POINT('Ctrl Pts',(-20.1343930944917,1.99,-4.58156613175143));
#8619=CARTESIAN_POINT('Ctrl Pts',(-19.9481714949129,1.99,-4.83872917954196));
#8620=CARTESIAN_POINT('Origin',(-20.9768213018892,2.,-1.66410473648776));
#8621=CARTESIAN_POINT('',(-20.9768213018892,2.,-1.66410473648776));
#8622=CARTESIAN_POINT('',(-20.9238731990181,2.,-2.09990936325425));
#8623=CARTESIAN_POINT('',(-20.9768213018892,1.99,-1.66410473648776));
#8624=CARTESIAN_POINT('',(-20.9768213018892,2.,-1.66410473648776));
#8625=CARTESIAN_POINT('',(-20.9768213018892,1.99,-1.66410473648776));
#8626=CARTESIAN_POINT('Ctrl Pts',(-20.675321935129,2.,-1.65523556534518));
#8627=CARTESIAN_POINT('Ctrl Pts',(-20.675321935129,1.99,-1.65523556534518));
#8628=CARTESIAN_POINT('Ctrl Pts',(-20.7994688734529,2.,-1.65523556534518));
#8629=CARTESIAN_POINT('Ctrl Pts',(-20.7994688734529,1.99,-1.65523556534518));
#8630=CARTESIAN_POINT('Ctrl Pts',(-20.9768213018892,2.,-1.66410473648776));
#8631=CARTESIAN_POINT('Ctrl Pts',(-20.9768213018892,1.99,-1.66410473648776));
#8632=CARTESIAN_POINT('Ctrl Pts',(-20.675321935129,2.,-1.65523556534518));
#8633=CARTESIAN_POINT('Ctrl Pts',(-20.7994688734529,2.,-1.65523556534518));
#8634=CARTESIAN_POINT('Ctrl Pts',(-20.9768213018892,2.,-1.66410473648776));
#8635=CARTESIAN_POINT('Ctrl Pts',(-20.675321935129,1.99,-1.65523556534518));
#8636=CARTESIAN_POINT('Ctrl Pts',(-20.7994688734529,1.99,-1.65523556534518));
#8637=CARTESIAN_POINT('Ctrl Pts',(-20.9768213018892,1.99,-1.66410473648776));
#8638=CARTESIAN_POINT('Origin',(-36.3311882004259,1.99,0.379894771535505));
#8639=CARTESIAN_POINT('Origin',(-34.5975579008577,2.,-25.5802014238046));
#8640=CARTESIAN_POINT('',(-34.5975579008577,2.,-25.5802014238046));
#8641=CARTESIAN_POINT('',(-21.5975583776949,2.,-25.5802014238046));
#8642=CARTESIAN_POINT('',(-17.2987789504274,2.,-25.5802014238046));
#8643=CARTESIAN_POINT('',(-34.5975579008577,1.99,-25.5802014238046));
#8644=CARTESIAN_POINT('',(-34.5975579008577,2.,-25.5802014238046));
#8645=CARTESIAN_POINT('',(-21.5975583776949,1.99,-25.5802014238046));
#8646=CARTESIAN_POINT('',(-34.5975579008577,1.99,-25.5802014238046));
#8647=CARTESIAN_POINT('',(-21.5975583776949,2.,-25.5802014238046));
#8648=CARTESIAN_POINT('Origin',(-34.5975579008577,2.,-23.0883934861826));
#8649=CARTESIAN_POINT('',(-34.5975579008577,2.,-23.0883934861826));
#8650=CARTESIAN_POINT('',(-34.5975579008577,2.,-11.544196743092));
#8651=CARTESIAN_POINT('',(-34.5975579008577,1.99,-23.0883934861826));
#8652=CARTESIAN_POINT('',(-34.5975579008577,2.,-23.0883934861826));
#8653=CARTESIAN_POINT('',(-34.5975579008577,1.99,-23.0883934861826));
#8654=CARTESIAN_POINT('Origin',(-21.5975583776949,2.,-23.0883934861826));
#8655=CARTESIAN_POINT('',(-21.5975583776949,2.,-23.0883934861826));
#8656=CARTESIAN_POINT('',(-10.798779188846,2.,-23.0883934861826));
#8657=CARTESIAN_POINT('',(-21.5975583776949,1.99,-23.0883934861826));
#8658=CARTESIAN_POINT('',(-21.5975583776949,2.,-23.0883934861826));
#8659=CARTESIAN_POINT('',(-21.5975583776949,1.99,-23.0883934861826));
#8660=CARTESIAN_POINT('Origin',(-21.5975583776949,2.,-25.5802014238046));
#8661=CARTESIAN_POINT('',(-21.5975583776949,2.,-12.790100711903));
#8662=CARTESIAN_POINT('',(-21.5975583776949,1.99,-25.5802014238047));
#8663=CARTESIAN_POINT('Origin',(-36.3311882004259,1.99,0.379894771535505));
#8664=CARTESIAN_POINT('Origin',(-34.5975579008577,2.,-30.6259014970468));
#8665=CARTESIAN_POINT('',(-34.5975579008577,2.,-30.6259014970468));
#8666=CARTESIAN_POINT('',(-32.2919644102572,2.,-30.6259014970468));
#8667=CARTESIAN_POINT('',(-17.2987789504274,2.,-30.6259014970468));
#8668=CARTESIAN_POINT('',(-34.5975579008577,1.99,-30.6259014970468));
#8669=CARTESIAN_POINT('',(-34.5975579008577,2.,-30.6259014970468));
#8670=CARTESIAN_POINT('',(-32.2919644102572,1.99,-30.6259014970468));
#8671=CARTESIAN_POINT('',(-34.5975579008577,1.99,-30.6259014970468));
#8672=CARTESIAN_POINT('',(-32.2919644102572,2.,-30.6259014970468));
#8673=CARTESIAN_POINT('Origin',(-34.5975579008577,2.,-28.1340935594248));
#8674=CARTESIAN_POINT('',(-34.5975579008577,2.,-28.1340935594248));
#8675=CARTESIAN_POINT('',(-34.5975579008577,2.,-14.0670467797131));
#8676=CARTESIAN_POINT('',(-34.5975579008577,1.99,-28.1340935594248));
#8677=CARTESIAN_POINT('',(-34.5975579008577,2.,-28.1340935594248));
#8678=CARTESIAN_POINT('',(-34.5975579008577,1.99,-28.1340935594248));
#8679=CARTESIAN_POINT('Origin',(-32.2919644102571,2.,-28.1340935594248));
#8680=CARTESIAN_POINT('',(-32.2919644102571,2.,-28.1340935594248));
#8681=CARTESIAN_POINT('',(-16.1459822051272,2.,-28.1340935594248));
#8682=CARTESIAN_POINT('',(-32.2919644102571,1.99,-28.1340935594248));
#8683=CARTESIAN_POINT('',(-32.2919644102571,2.,-28.1340935594248));
#8684=CARTESIAN_POINT('',(-32.2919644102571,1.99,-28.1340935594248));
#8685=CARTESIAN_POINT('Origin',(-32.2919644102572,2.,-30.6259014970468));
#8686=CARTESIAN_POINT('',(-32.2919644102572,2.,-15.3129507485241));
#8687=CARTESIAN_POINT('',(-32.2919644102572,1.99,-30.6259014970468));
#8688=CARTESIAN_POINT('Origin',(-36.3311882004259,1.99,0.379894771535505));
#8689=CARTESIAN_POINT('Ctrl Pts',(-28.7271631941316,2.,-15.3823807603525));
#8690=CARTESIAN_POINT('Ctrl Pts',(-28.7271631941316,1.99,-15.3823807603525));
#8691=CARTESIAN_POINT('Ctrl Pts',(-28.1330288633821,2.,-14.8503258592295));
#8692=CARTESIAN_POINT('Ctrl Pts',(-28.1330288633821,1.99,-14.8503258592295));
#8693=CARTESIAN_POINT('Ctrl Pts',(-27.1132482275484,2.,-14.859195030372));
#8694=CARTESIAN_POINT('Ctrl Pts',(-27.1132482275484,1.99,-14.859195030372));
#8695=CARTESIAN_POINT('',(-28.7271631941316,2.,-15.3823807603525));
#8696=CARTESIAN_POINT('',(-27.1132482275484,2.,-14.859195030372));
#8697=CARTESIAN_POINT('Ctrl Pts',(-28.7271631941316,2.,-15.3823807603525));
#8698=CARTESIAN_POINT('Ctrl Pts',(-28.1330288633821,2.,-14.8503258592295));
#8699=CARTESIAN_POINT('Ctrl Pts',(-27.1132482275484,2.,-14.859195030372));
#8700=CARTESIAN_POINT('',(-28.7271631941316,1.99,-15.3823807603525));
#8701=CARTESIAN_POINT('',(-28.7271631941316,2.,-15.3823807603525));
#8702=CARTESIAN_POINT('',(-27.1132482275484,1.99,-14.859195030372));
#8703=CARTESIAN_POINT('Ctrl Pts',(-28.7271631941316,1.99,-15.3823807603525));
#8704=CARTESIAN_POINT('Ctrl Pts',(-28.1330288633821,1.99,-14.8503258592295));
#8705=CARTESIAN_POINT('Ctrl Pts',(-27.1132482275484,1.99,-14.859195030372));
#8706=CARTESIAN_POINT('',(-27.1132482275484,2.,-14.859195030372));
#8707=CARTESIAN_POINT('Ctrl Pts',(-29.3212975248812,2.,-16.7302658921884));
#8708=CARTESIAN_POINT('Ctrl Pts',(-29.3212975248812,1.99,-16.7302658921884));
#8709=CARTESIAN_POINT('Ctrl Pts',(-29.3212975248812,2.,-15.9144451982187));
#8710=CARTESIAN_POINT('Ctrl Pts',(-29.3212975248812,1.99,-15.9144451982187));
#8711=CARTESIAN_POINT('Ctrl Pts',(-28.7271631941316,2.,-15.3823807603525));
#8712=CARTESIAN_POINT('Ctrl Pts',(-28.7271631941316,1.99,-15.3823807603525));
#8713=CARTESIAN_POINT('',(-29.3212975248812,2.,-16.7302658921884));
#8714=CARTESIAN_POINT('Ctrl Pts',(-29.3212975248812,2.,-16.7302658921884));
#8715=CARTESIAN_POINT('Ctrl Pts',(-29.3212975248812,2.,-15.9144451982187));
#8716=CARTESIAN_POINT('Ctrl Pts',(-28.7271631941316,2.,-15.3823807603525));
#8717=CARTESIAN_POINT('',(-29.3212975248812,1.99,-16.7302658921884));
#8718=CARTESIAN_POINT('',(-29.3212975248812,2.,-16.7302658921884));
#8719=CARTESIAN_POINT('Ctrl Pts',(-29.3212975248812,1.99,-16.7302658921884));
#8720=CARTESIAN_POINT('Ctrl Pts',(-29.3212975248812,1.99,-15.9144451982187));
#8721=CARTESIAN_POINT('Ctrl Pts',(-28.7271631941316,1.99,-15.3823807603525));
#8722=CARTESIAN_POINT('Ctrl Pts',(-28.7582005247591,2.,-18.0249455339121));
#8723=CARTESIAN_POINT('Ctrl Pts',(-28.7582005247591,1.99,-18.0249455339121));
#8724=CARTESIAN_POINT('Ctrl Pts',(-29.3212975248812,2.,-17.492890632789));
#8725=CARTESIAN_POINT('Ctrl Pts',(-29.3212975248812,1.99,-17.492890632789));
#8726=CARTESIAN_POINT('Ctrl Pts',(-29.3212975248812,2.,-16.7302658921884));
#8727=CARTESIAN_POINT('Ctrl Pts',(-29.3212975248812,1.99,-16.7302658921884));
#8728=CARTESIAN_POINT('',(-28.7582005247591,2.,-18.0249455339121));
#8729=CARTESIAN_POINT('Ctrl Pts',(-28.7582005247591,2.,-18.0249455339121));
#8730=CARTESIAN_POINT('Ctrl Pts',(-29.3212975248812,2.,-17.492890632789));
#8731=CARTESIAN_POINT('Ctrl Pts',(-29.3212975248812,2.,-16.7302658921884));
#8732=CARTESIAN_POINT('',(-28.7582005247591,1.99,-18.0249455339121));
#8733=CARTESIAN_POINT('',(-28.7582005247591,2.,-18.0249455339121));
#8734=CARTESIAN_POINT('Ctrl Pts',(-28.7582005247591,1.99,-18.0249455339121));
#8735=CARTESIAN_POINT('Ctrl Pts',(-29.3212975248812,1.99,-17.492890632789));
#8736=CARTESIAN_POINT('Ctrl Pts',(-29.3212975248812,1.99,-16.7302658921884));
#8737=CARTESIAN_POINT('Ctrl Pts',(-27.1132482275484,2.,-18.5836079484629));
#8738=CARTESIAN_POINT('Ctrl Pts',(-27.1132482275484,1.99,-18.5836079484629));
#8739=CARTESIAN_POINT('Ctrl Pts',(-28.195103524637,2.,-18.5570099717783));
#8740=CARTESIAN_POINT('Ctrl Pts',(-28.195103524637,1.99,-18.5570099717783));
#8741=CARTESIAN_POINT('Ctrl Pts',(-28.7582005247591,2.,-18.0249455339121));
#8742=CARTESIAN_POINT('Ctrl Pts',(-28.7582005247591,1.99,-18.0249455339121));
#8743=CARTESIAN_POINT('',(-27.1132482275484,2.,-18.5836079484629));
#8744=CARTESIAN_POINT('Ctrl Pts',(-27.1132482275484,2.,-18.5836079484629));
#8745=CARTESIAN_POINT('Ctrl Pts',(-28.195103524637,2.,-18.5570099717783));
#8746=CARTESIAN_POINT('Ctrl Pts',(-28.7582005247591,2.,-18.0249455339121));
#8747=CARTESIAN_POINT('',(-27.1132482275484,1.99,-18.5836079484629));
#8748=CARTESIAN_POINT('',(-27.1132482275484,2.,-18.5836079484629));
#8749=CARTESIAN_POINT('Ctrl Pts',(-27.1132482275484,1.99,-18.5836079484629));
#8750=CARTESIAN_POINT('Ctrl Pts',(-28.195103524637,1.99,-18.5570099717783));
#8751=CARTESIAN_POINT('Ctrl Pts',(-28.7582005247591,1.99,-18.0249455339121));
#8752=CARTESIAN_POINT('Origin',(-27.1132482275484,2.,-14.859195030372));
#8753=CARTESIAN_POINT('',(-27.1132482275484,2.,-7.42959751518669));
#8754=CARTESIAN_POINT('',(-27.1132482275484,1.99,-14.859195030372));
#8755=CARTESIAN_POINT('Ctrl Pts',(-23.2469452604769,2.,-16.8544152146982));
#8756=CARTESIAN_POINT('Ctrl Pts',(-23.2469452604769,1.99,-16.8544152146982));
#8757=CARTESIAN_POINT('Ctrl Pts',(-23.2469452604769,2.,-17.4396851426767));
#8758=CARTESIAN_POINT('Ctrl Pts',(-23.2469452604769,1.99,-17.4396851426767));
#8759=CARTESIAN_POINT('Ctrl Pts',(-23.5661805853365,2.,-17.8387310868906));
#8760=CARTESIAN_POINT('Ctrl Pts',(-23.5661805853365,1.99,-17.8387310868906));
#8761=CARTESIAN_POINT('',(-23.2469452604769,2.,-16.8544152146982));
#8762=CARTESIAN_POINT('',(-23.5661805853365,2.,-17.8387310868906));
#8763=CARTESIAN_POINT('Ctrl Pts',(-23.2469452604769,2.,-16.8544152146982));
#8764=CARTESIAN_POINT('Ctrl Pts',(-23.2469452604769,2.,-17.4396851426767));
#8765=CARTESIAN_POINT('Ctrl Pts',(-23.5661805853365,2.,-17.8387310868906));
#8766=CARTESIAN_POINT('',(-23.2469452604769,1.99,-16.8544152146982));
#8767=CARTESIAN_POINT('',(-23.2469452604769,2.,-16.8544152146982));
#8768=CARTESIAN_POINT('',(-23.5661805853365,1.99,-17.8387310868906));
#8769=CARTESIAN_POINT('Ctrl Pts',(-23.2469452604769,1.99,-16.8544152146982));
#8770=CARTESIAN_POINT('Ctrl Pts',(-23.2469452604769,1.99,-17.4396851426767));
#8771=CARTESIAN_POINT('Ctrl Pts',(-23.5661805853365,1.99,-17.8387310868906));
#8772=CARTESIAN_POINT('',(-23.5661805853365,2.,-17.8387310868906));
#8773=CARTESIAN_POINT('Ctrl Pts',(-23.8632477507112,2.,-15.4178574449228));
#8774=CARTESIAN_POINT('Ctrl Pts',(-23.8632477507112,1.99,-15.4178574449228));
#8775=CARTESIAN_POINT('Ctrl Pts',(-23.2469452604769,2.,-15.9942486650156));
#8776=CARTESIAN_POINT('Ctrl Pts',(-23.2469452604769,1.99,-15.9942486650156));
#8777=CARTESIAN_POINT('Ctrl Pts',(-23.2469452604769,2.,-16.8544152146982));
#8778=CARTESIAN_POINT('Ctrl Pts',(-23.2469452604769,1.99,-16.8544152146982));
#8779=CARTESIAN_POINT('',(-23.8632477507112,2.,-15.4178574449228));
#8780=CARTESIAN_POINT('Ctrl Pts',(-23.8632477507112,2.,-15.4178574449228));
#8781=CARTESIAN_POINT('Ctrl Pts',(-23.2469452604769,2.,-15.9942486650156));
#8782=CARTESIAN_POINT('Ctrl Pts',(-23.2469452604769,2.,-16.8544152146982));
#8783=CARTESIAN_POINT('',(-23.8632477507112,1.99,-15.4178574449228));
#8784=CARTESIAN_POINT('',(-23.8632477507112,2.,-15.4178574449228));
#8785=CARTESIAN_POINT('Ctrl Pts',(-23.8632477507112,1.99,-15.4178574449228));
#8786=CARTESIAN_POINT('Ctrl Pts',(-23.2469452604769,1.99,-15.9942486650156));
#8787=CARTESIAN_POINT('Ctrl Pts',(-23.2469452604769,1.99,-16.8544152146982));
#8788=CARTESIAN_POINT('Ctrl Pts',(-25.5880082830904,2.,-14.8148491746591));
#8789=CARTESIAN_POINT('Ctrl Pts',(-25.5880082830904,1.99,-14.8148491746591));
#8790=CARTESIAN_POINT('Ctrl Pts',(-24.4795502409456,2.,-14.8414566880869));
#8791=CARTESIAN_POINT('Ctrl Pts',(-24.4795502409456,1.99,-14.8414566880869));
#8792=CARTESIAN_POINT('Ctrl Pts',(-23.8632477507112,2.,-15.4178574449228));
#8793=CARTESIAN_POINT('Ctrl Pts',(-23.8632477507112,1.99,-15.4178574449228));
#8794=CARTESIAN_POINT('',(-25.5880082830904,2.,-14.8148491746591));
#8795=CARTESIAN_POINT('Ctrl Pts',(-25.5880082830904,2.,-14.8148491746591));
#8796=CARTESIAN_POINT('Ctrl Pts',(-24.4795502409456,2.,-14.8414566880869));
#8797=CARTESIAN_POINT('Ctrl Pts',(-23.8632477507112,2.,-15.4178574449228));
#8798=CARTESIAN_POINT('',(-25.5880082830904,1.99,-14.8148491746591));
#8799=CARTESIAN_POINT('',(-25.5880082830904,2.,-14.8148491746591));
#8800=CARTESIAN_POINT('Ctrl Pts',(-25.5880082830904,1.99,-14.8148491746591));
#8801=CARTESIAN_POINT('Ctrl Pts',(-24.4795502409456,1.99,-14.8414566880869));
#8802=CARTESIAN_POINT('Ctrl Pts',(-23.8632477507112,1.99,-15.4178574449228));
#8803=CARTESIAN_POINT('Origin',(-25.5880082830904,2.,-21.0576870805429));
#8804=CARTESIAN_POINT('',(-25.5880082830904,2.,-21.0576870805429));
#8805=CARTESIAN_POINT('',(-25.5880082830904,2.,-10.5288435402721));
#8806=CARTESIAN_POINT('',(-25.5880082830904,1.99,-21.0576870805429));
#8807=CARTESIAN_POINT('',(-25.5880082830904,2.,-21.0576870805429));
#8808=CARTESIAN_POINT('',(-25.5880082830904,1.99,-21.0576870805429));
#8809=CARTESIAN_POINT('Ctrl Pts',(-29.8400558218477,2.,-19.8960259324716));
#8810=CARTESIAN_POINT('Ctrl Pts',(-29.8400558218477,1.99,-19.8960259324716));
#8811=CARTESIAN_POINT('Ctrl Pts',(-28.4522641882418,2.,-21.1108925706552));
#8812=CARTESIAN_POINT('Ctrl Pts',(-28.4522641882418,1.99,-21.1108925706552));
#8813=CARTESIAN_POINT('Ctrl Pts',(-25.5880082830904,2.,-21.0576870805429));
#8814=CARTESIAN_POINT('Ctrl Pts',(-25.5880082830904,1.99,-21.0576870805429));
#8815=CARTESIAN_POINT('',(-29.8400558218477,2.,-19.8960259324716));
#8816=CARTESIAN_POINT('Ctrl Pts',(-29.8400558218477,2.,-19.8960259324716));
#8817=CARTESIAN_POINT('Ctrl Pts',(-28.4522641882418,2.,-21.1108925706552));
#8818=CARTESIAN_POINT('Ctrl Pts',(-25.5880082830904,2.,-21.0576870805429));
#8819=CARTESIAN_POINT('',(-29.8400558218477,1.99,-19.8960259324716));
#8820=CARTESIAN_POINT('',(-29.8400558218477,2.,-19.8960259324716));
#8821=CARTESIAN_POINT('Ctrl Pts',(-29.8400558218477,1.99,-19.8960259324716));
#8822=CARTESIAN_POINT('Ctrl Pts',(-28.4522641882418,1.99,-21.1108925706552));
#8823=CARTESIAN_POINT('Ctrl Pts',(-25.5880082830904,1.99,-21.0576870805429));
#8824=CARTESIAN_POINT('Ctrl Pts',(-31.2278450712679,2.,-16.5795185929941));
#8825=CARTESIAN_POINT('Ctrl Pts',(-31.2278450712679,1.99,-16.5795185929941));
#8826=CARTESIAN_POINT('Ctrl Pts',(-31.2278450712679,2.,-18.681159294288));
#8827=CARTESIAN_POINT('Ctrl Pts',(-31.2278450712679,1.99,-18.681159294288));
#8828=CARTESIAN_POINT('Ctrl Pts',(-29.8400558218477,2.,-19.8960259324716));
#8829=CARTESIAN_POINT('Ctrl Pts',(-29.8400558218477,1.99,-19.8960259324716));
#8830=CARTESIAN_POINT('',(-31.2278450712679,2.,-16.5795185929941));
#8831=CARTESIAN_POINT('Ctrl Pts',(-31.2278450712679,2.,-16.5795185929941));
#8832=CARTESIAN_POINT('Ctrl Pts',(-31.2278450712679,2.,-18.681159294288));
#8833=CARTESIAN_POINT('Ctrl Pts',(-29.8400558218477,2.,-19.8960259324716));
#8834=CARTESIAN_POINT('',(-31.2278450712679,1.99,-16.5795185929941));
#8835=CARTESIAN_POINT('',(-31.2278450712679,2.,-16.5795185929941));
#8836=CARTESIAN_POINT('Ctrl Pts',(-31.2278450712679,1.99,-16.5795185929941));
#8837=CARTESIAN_POINT('Ctrl Pts',(-31.2278450712679,1.99,-18.681159294288));
#8838=CARTESIAN_POINT('Ctrl Pts',(-29.8400558218477,1.99,-19.8960259324716));
#8839=CARTESIAN_POINT('Ctrl Pts',(-29.9021280989168,2.,-13.4847023851084));
#8840=CARTESIAN_POINT('Ctrl Pts',(-29.9021280989168,1.99,-13.4847023851084));
#8841=CARTESIAN_POINT('Ctrl Pts',(-31.2278450712679,2.,-14.7084381944345));
#8842=CARTESIAN_POINT('Ctrl Pts',(-31.2278450712679,1.99,-14.7084381944345));
#8843=CARTESIAN_POINT('Ctrl Pts',(-31.2278450712679,2.,-16.5795185929941));
#8844=CARTESIAN_POINT('Ctrl Pts',(-31.2278450712679,1.99,-16.5795185929941));
#8845=CARTESIAN_POINT('',(-29.9021280989168,2.,-13.4847023851084));
#8846=CARTESIAN_POINT('Ctrl Pts',(-29.9021280989168,2.,-13.4847023851084));
#8847=CARTESIAN_POINT('Ctrl Pts',(-31.2278450712679,2.,-14.7084381944345));
#8848=CARTESIAN_POINT('Ctrl Pts',(-31.2278450712679,2.,-16.5795185929941));
#8849=CARTESIAN_POINT('',(-29.9021280989168,1.99,-13.4847023851084));
#8850=CARTESIAN_POINT('',(-29.9021280989168,2.,-13.4847023851084));
#8851=CARTESIAN_POINT('Ctrl Pts',(-29.9021280989168,1.99,-13.4847023851084));
#8852=CARTESIAN_POINT('Ctrl Pts',(-31.2278450712679,1.99,-14.7084381944345));
#8853=CARTESIAN_POINT('Ctrl Pts',(-31.2278450712679,1.99,-16.5795185929941));
#8854=CARTESIAN_POINT('Ctrl Pts',(-26.2353481039522,2.,-12.2609665757822));
#8855=CARTESIAN_POINT('Ctrl Pts',(-26.2353481039522,1.99,-12.2609665757822));
#8856=CARTESIAN_POINT('Ctrl Pts',(-28.5764135107515,2.,-12.2609665757822));
#8857=CARTESIAN_POINT('Ctrl Pts',(-28.5764135107515,1.99,-12.2609665757822));
#8858=CARTESIAN_POINT('Ctrl Pts',(-29.9021280989168,2.,-13.4847023851084));
#8859=CARTESIAN_POINT('Ctrl Pts',(-29.9021280989168,1.99,-13.4847023851084));
#8860=CARTESIAN_POINT('',(-26.2353481039522,2.,-12.2609665757822));
#8861=CARTESIAN_POINT('Ctrl Pts',(-26.2353481039522,2.,-12.2609665757822));
#8862=CARTESIAN_POINT('Ctrl Pts',(-28.5764135107515,2.,-12.2609665757822));
#8863=CARTESIAN_POINT('Ctrl Pts',(-29.9021280989168,2.,-13.4847023851084));
#8864=CARTESIAN_POINT('',(-26.2353481039522,1.99,-12.2609665757822));
#8865=CARTESIAN_POINT('',(-26.2353481039522,2.,-12.2609665757822));
#8866=CARTESIAN_POINT('Ctrl Pts',(-26.2353481039522,1.99,-12.2609665757822));
#8867=CARTESIAN_POINT('Ctrl Pts',(-28.5764135107515,1.99,-12.2609665757822));
#8868=CARTESIAN_POINT('Ctrl Pts',(-29.9021280989168,1.99,-13.4847023851084));
#8869=CARTESIAN_POINT('Ctrl Pts',(-22.9897822126863,2.,-13.1920674211191));
#8870=CARTESIAN_POINT('Ctrl Pts',(-22.9897822126863,1.99,-13.1920674211191));
#8871=CARTESIAN_POINT('Ctrl Pts',(-24.2755950674532,2.,-12.2609665757822));
#8872=CARTESIAN_POINT('Ctrl Pts',(-24.2755950674532,1.99,-12.2609665757822));
#8873=CARTESIAN_POINT('Ctrl Pts',(-26.2353481039522,2.,-12.2609665757822));
#8874=CARTESIAN_POINT('Ctrl Pts',(-26.2353481039522,1.99,-12.2609665757822));
#8875=CARTESIAN_POINT('',(-22.9897822126863,2.,-13.1920674211191));
#8876=CARTESIAN_POINT('Ctrl Pts',(-22.9897822126863,2.,-13.1920674211191));
#8877=CARTESIAN_POINT('Ctrl Pts',(-24.2755950674532,2.,-12.2609665757822));
#8878=CARTESIAN_POINT('Ctrl Pts',(-26.2353481039522,2.,-12.2609665757822));
#8879=CARTESIAN_POINT('',(-22.9897822126863,1.99,-13.1920674211191));
#8880=CARTESIAN_POINT('',(-22.9897822126863,2.,-13.1920674211191));
#8881=CARTESIAN_POINT('Ctrl Pts',(-22.9897822126863,1.99,-13.1920674211191));
#8882=CARTESIAN_POINT('Ctrl Pts',(-24.2755950674532,1.99,-12.2609665757822));
#8883=CARTESIAN_POINT('Ctrl Pts',(-26.2353481039522,1.99,-12.2609665757822));
#8884=CARTESIAN_POINT('Ctrl Pts',(-21.3847340330599,2.,-16.8278172380136));
#8885=CARTESIAN_POINT('Ctrl Pts',(-21.3847340330599,1.99,-16.8278172380136));
#8886=CARTESIAN_POINT('Ctrl Pts',(-21.3847340330599,2.,-14.3714669114756));
#8887=CARTESIAN_POINT('Ctrl Pts',(-21.3847340330599,1.99,-14.3714669114756));
#8888=CARTESIAN_POINT('Ctrl Pts',(-22.9897822126863,2.,-13.1920674211191));
#8889=CARTESIAN_POINT('Ctrl Pts',(-22.9897822126863,1.99,-13.1920674211191));
#8890=CARTESIAN_POINT('',(-21.3847340330599,2.,-16.8278172380136));
#8891=CARTESIAN_POINT('Ctrl Pts',(-21.3847340330599,2.,-16.8278172380136));
#8892=CARTESIAN_POINT('Ctrl Pts',(-21.3847340330599,2.,-14.3714669114756));
#8893=CARTESIAN_POINT('Ctrl Pts',(-22.9897822126863,2.,-13.1920674211191));
#8894=CARTESIAN_POINT('',(-21.3847340330599,1.99,-16.8278172380136));
#8895=CARTESIAN_POINT('',(-21.3847340330599,2.,-16.8278172380136));
#8896=CARTESIAN_POINT('Ctrl Pts',(-21.3847340330599,1.99,-16.8278172380136));
#8897=CARTESIAN_POINT('Ctrl Pts',(-21.3847340330599,1.99,-14.3714669114756));
#8898=CARTESIAN_POINT('Ctrl Pts',(-22.9897822126863,1.99,-13.1920674211191));
#8899=CARTESIAN_POINT('Ctrl Pts',(-22.0985807165621,2.,-19.4127419358896));
#8900=CARTESIAN_POINT('Ctrl Pts',(-22.0985807165621,1.99,-19.4127419358896));
#8901=CARTESIAN_POINT('Ctrl Pts',(-21.3847340330599,2.,-18.3796551591562));
#8902=CARTESIAN_POINT('Ctrl Pts',(-21.3847340330599,1.99,-18.3796551591562));
#8903=CARTESIAN_POINT('Ctrl Pts',(-21.3847340330599,2.,-16.8278172380136));
#8904=CARTESIAN_POINT('Ctrl Pts',(-21.3847340330599,1.99,-16.8278172380136));
#8905=CARTESIAN_POINT('',(-22.0985807165621,2.,-19.4127419358896));
#8906=CARTESIAN_POINT('Ctrl Pts',(-22.0985807165621,2.,-19.4127419358896));
#8907=CARTESIAN_POINT('Ctrl Pts',(-21.3847340330599,2.,-18.3796551591562));
#8908=CARTESIAN_POINT('Ctrl Pts',(-21.3847340330599,2.,-16.8278172380136));
#8909=CARTESIAN_POINT('',(-22.0985807165621,1.99,-19.4127419358896));
#8910=CARTESIAN_POINT('',(-22.0985807165621,2.,-19.4127419358896));
#8911=CARTESIAN_POINT('Ctrl Pts',(-22.0985807165621,1.99,-19.4127419358896));
#8912=CARTESIAN_POINT('Ctrl Pts',(-21.3847340330599,1.99,-18.3796551591562));
#8913=CARTESIAN_POINT('Ctrl Pts',(-21.3847340330599,1.99,-16.8278172380136));
#8914=CARTESIAN_POINT('Ctrl Pts',(-24.1780484899996,2.,-20.9246781236338));
#8915=CARTESIAN_POINT('Ctrl Pts',(-24.1780484899996,1.99,-20.9246781236338));
#8916=CARTESIAN_POINT('Ctrl Pts',(-22.8124297842501,2.,-20.4458191758798));
#8917=CARTESIAN_POINT('Ctrl Pts',(-22.8124297842501,1.99,-20.4458191758798));
#8918=CARTESIAN_POINT('Ctrl Pts',(-22.0985807165621,2.,-19.4127419358896));
#8919=CARTESIAN_POINT('Ctrl Pts',(-22.0985807165621,1.99,-19.4127419358896));
#8920=CARTESIAN_POINT('',(-24.1780484899996,2.,-20.9246781236338));
#8921=CARTESIAN_POINT('Ctrl Pts',(-24.1780484899996,2.,-20.9246781236338));
#8922=CARTESIAN_POINT('Ctrl Pts',(-22.8124297842501,2.,-20.4458191758798));
#8923=CARTESIAN_POINT('Ctrl Pts',(-22.0985807165621,2.,-19.4127419358896));
#8924=CARTESIAN_POINT('',(-24.1780484899996,1.99,-20.9246781236338));
#8925=CARTESIAN_POINT('',(-24.1780484899996,2.,-20.9246781236338));
#8926=CARTESIAN_POINT('Ctrl Pts',(-24.1780484899996,1.99,-20.9246781236338));
#8927=CARTESIAN_POINT('Ctrl Pts',(-22.8124297842501,1.99,-20.4458191758798));
#8928=CARTESIAN_POINT('Ctrl Pts',(-22.0985807165621,1.99,-19.4127419358896));
#8929=CARTESIAN_POINT('Origin',(-24.5948303923128,2.,-18.4417298204111));
#8930=CARTESIAN_POINT('',(-24.5948303923128,2.,-18.4417298204111));
#8931=CARTESIAN_POINT('',(-25.763208416275,2.,-11.4812015056778));
#8932=CARTESIAN_POINT('',(-24.5948303923128,1.99,-18.4417298204111));
#8933=CARTESIAN_POINT('',(-24.5948303923128,2.,-18.4417298204111));
#8934=CARTESIAN_POINT('',(-24.5948303923128,1.99,-18.4417298204111));
#8935=CARTESIAN_POINT('Ctrl Pts',(-23.5661805853365,2.,-17.8387310868906));
#8936=CARTESIAN_POINT('Ctrl Pts',(-23.5661805853365,1.99,-17.8387310868906));
#8937=CARTESIAN_POINT('Ctrl Pts',(-23.8854159101961,2.,-18.2377674943613));
#8938=CARTESIAN_POINT('Ctrl Pts',(-23.8854159101961,1.99,-18.2377674943613));
#8939=CARTESIAN_POINT('Ctrl Pts',(-24.5948303923128,2.,-18.4417298204111));
#8940=CARTESIAN_POINT('Ctrl Pts',(-24.5948303923128,1.99,-18.4417298204111));
#8941=CARTESIAN_POINT('Ctrl Pts',(-23.5661805853365,2.,-17.8387310868906));
#8942=CARTESIAN_POINT('Ctrl Pts',(-23.8854159101961,2.,-18.2377674943613));
#8943=CARTESIAN_POINT('Ctrl Pts',(-24.5948303923128,2.,-18.4417298204111));
#8944=CARTESIAN_POINT('Ctrl Pts',(-23.5661805853365,1.99,-17.8387310868906));
#8945=CARTESIAN_POINT('Ctrl Pts',(-23.8854159101961,1.99,-18.2377674943613));
#8946=CARTESIAN_POINT('Ctrl Pts',(-24.5948303923128,1.99,-18.4417298204111));
#8947=CARTESIAN_POINT('Origin',(-36.3311882004259,1.99,0.379894771535505));
#8948=CARTESIAN_POINT('Ctrl Pts',(-29.3212951406954,2.,5.1462647550894));
#8949=CARTESIAN_POINT('Ctrl Pts',(-29.3212951406954,1.99,5.1462647550894));
#8950=CARTESIAN_POINT('Ctrl Pts',(-29.3212951406954,2.,6.04189845259916));
#8951=CARTESIAN_POINT('Ctrl Pts',(-29.3212951406954,1.99,6.04189845259916));
#8952=CARTESIAN_POINT('Ctrl Pts',(-28.6251844152925,2.,6.6227314108206));
#8953=CARTESIAN_POINT('Ctrl Pts',(-28.6251844152925,1.99,6.6227314108206));
#8954=CARTESIAN_POINT('',(-29.3212951406954,2.,5.1462647550894));
#8955=CARTESIAN_POINT('',(-28.6251844152925,2.,6.6227314108206));
#8956=CARTESIAN_POINT('Ctrl Pts',(-29.3212951406954,2.,5.1462647550894));
#8957=CARTESIAN_POINT('Ctrl Pts',(-29.3212951406954,2.,6.04189845259916));
#8958=CARTESIAN_POINT('Ctrl Pts',(-28.6251844152925,2.,6.6227314108206));
#8959=CARTESIAN_POINT('',(-29.3212951406954,1.99,5.1462647550894));
#8960=CARTESIAN_POINT('',(-29.3212951406954,2.,5.1462647550894));
#8961=CARTESIAN_POINT('',(-28.6251844152925,1.99,6.6227314108206));
#8962=CARTESIAN_POINT('Ctrl Pts',(-29.3212951406954,1.99,5.1462647550894));
#8963=CARTESIAN_POINT('Ctrl Pts',(-29.3212951406954,1.99,6.04189845259916));
#8964=CARTESIAN_POINT('Ctrl Pts',(-28.6251844152925,1.99,6.6227314108206));
#8965=CARTESIAN_POINT('',(-28.6251844152925,2.,6.6227314108206));
#8966=CARTESIAN_POINT('Ctrl Pts',(-28.6118830427644,2.,3.62102719481718));
#8967=CARTESIAN_POINT('Ctrl Pts',(-28.6118830427644,1.99,3.62102719481718));
#8968=CARTESIAN_POINT('Ctrl Pts',(-29.3212951406954,2.,4.22402831252348));
#8969=CARTESIAN_POINT('Ctrl Pts',(-29.3212951406954,1.99,4.22402831252348));
#8970=CARTESIAN_POINT('Ctrl Pts',(-29.3212951406954,2.,5.1462647550894));
#8971=CARTESIAN_POINT('Ctrl Pts',(-29.3212951406954,1.99,5.1462647550894));
#8972=CARTESIAN_POINT('',(-28.6118830427644,2.,3.62102719481718));
#8973=CARTESIAN_POINT('Ctrl Pts',(-28.6118830427644,2.,3.62102719481718));
#8974=CARTESIAN_POINT('Ctrl Pts',(-29.3212951406954,2.,4.22402831252348));
#8975=CARTESIAN_POINT('Ctrl Pts',(-29.3212951406954,2.,5.1462647550894));
#8976=CARTESIAN_POINT('',(-28.6118830427644,1.99,3.62102719481718));
#8977=CARTESIAN_POINT('',(-28.6118830427644,2.,3.62102719481718));
#8978=CARTESIAN_POINT('Ctrl Pts',(-28.6118830427644,1.99,3.62102719481718));
#8979=CARTESIAN_POINT('Ctrl Pts',(-29.3212951406954,1.99,4.22402831252348));
#8980=CARTESIAN_POINT('Ctrl Pts',(-29.3212951406954,1.99,5.1462647550894));
#8981=CARTESIAN_POINT('Ctrl Pts',(-26.4393056616304,2.,3.01802369292509));
#8982=CARTESIAN_POINT('Ctrl Pts',(-26.4393056616304,1.99,3.01802369292509));
#8983=CARTESIAN_POINT('Ctrl Pts',(-27.9024709448335,2.,3.01802369292509));
#8984=CARTESIAN_POINT('Ctrl Pts',(-27.9024709448335,1.99,3.01802369292509));
#8985=CARTESIAN_POINT('Ctrl Pts',(-28.6118830427644,2.,3.62102719481718));
#8986=CARTESIAN_POINT('Ctrl Pts',(-28.6118830427644,1.99,3.62102719481718));
#8987=CARTESIAN_POINT('',(-26.4393056616304,2.,3.01802369292509));
#8988=CARTESIAN_POINT('Ctrl Pts',(-26.4393056616304,2.,3.01802369292509));
#8989=CARTESIAN_POINT('Ctrl Pts',(-27.9024709448335,2.,3.01802369292509));
#8990=CARTESIAN_POINT('Ctrl Pts',(-28.6118830427644,2.,3.62102719481718));
#8991=CARTESIAN_POINT('',(-26.4393056616304,1.99,3.01802369292509));
#8992=CARTESIAN_POINT('',(-26.4393056616304,2.,3.01802369292509));
#8993=CARTESIAN_POINT('Ctrl Pts',(-26.4393056616304,1.99,3.01802369292509));
#8994=CARTESIAN_POINT('Ctrl Pts',(-27.9024709448335,1.99,3.01802369292509));
#8995=CARTESIAN_POINT('Ctrl Pts',(-28.6118830427644,1.99,3.62102719481718));
#8996=CARTESIAN_POINT('Ctrl Pts',(-24.3243659719942,2.,3.64762993987333));
#8997=CARTESIAN_POINT('Ctrl Pts',(-24.3243659719942,1.99,3.64762993987333));
#8998=CARTESIAN_POINT('Ctrl Pts',(-25.0382126554964,2.,3.01802369292509));
#8999=CARTESIAN_POINT('Ctrl Pts',(-25.0382126554964,1.99,3.01802369292509));
#9000=CARTESIAN_POINT('Ctrl Pts',(-26.4393056616304,2.,3.01802369292509));
#9001=CARTESIAN_POINT('Ctrl Pts',(-26.4393056616304,1.99,3.01802369292509));
#9002=CARTESIAN_POINT('',(-24.3243659719942,2.,3.64762993987333));
#9003=CARTESIAN_POINT('Ctrl Pts',(-24.3243659719942,2.,3.64762993987333));
#9004=CARTESIAN_POINT('Ctrl Pts',(-25.0382126554964,2.,3.01802369292509));
#9005=CARTESIAN_POINT('Ctrl Pts',(-26.4393056616304,2.,3.01802369292509));
#9006=CARTESIAN_POINT('',(-24.3243659719942,1.99,3.64762993987333));
#9007=CARTESIAN_POINT('',(-24.3243659719942,2.,3.64762993987333));
#9008=CARTESIAN_POINT('Ctrl Pts',(-24.3243659719942,1.99,3.64762993987333));
#9009=CARTESIAN_POINT('Ctrl Pts',(-25.0382126554964,1.99,3.01802369292509));
#9010=CARTESIAN_POINT('Ctrl Pts',(-26.4393056616304,1.99,3.01802369292509));
#9011=CARTESIAN_POINT('Ctrl Pts',(-23.610519288492,2.,5.19060345824491));
#9012=CARTESIAN_POINT('Ctrl Pts',(-23.610519288492,1.99,5.19060345824491));
#9013=CARTESIAN_POINT('Ctrl Pts',(-23.610519288492,2.,4.27723380263578));
#9014=CARTESIAN_POINT('Ctrl Pts',(-23.610519288492,1.99,4.27723380263578));
#9015=CARTESIAN_POINT('Ctrl Pts',(-24.3243659719942,2.,3.64762993987333));
#9016=CARTESIAN_POINT('Ctrl Pts',(-24.3243659719942,1.99,3.64762993987333));
#9017=CARTESIAN_POINT('',(-23.610519288492,2.,5.19060345824491));
#9018=CARTESIAN_POINT('Ctrl Pts',(-23.610519288492,2.,5.19060345824491));
#9019=CARTESIAN_POINT('Ctrl Pts',(-23.610519288492,2.,4.27723380263578));
#9020=CARTESIAN_POINT('Ctrl Pts',(-24.3243659719942,2.,3.64762993987333));
#9021=CARTESIAN_POINT('',(-23.610519288492,1.99,5.19060345824491));
#9022=CARTESIAN_POINT('',(-23.610519288492,2.,5.19060345824491));
#9023=CARTESIAN_POINT('Ctrl Pts',(-23.610519288492,1.99,5.19060345824491));
#9024=CARTESIAN_POINT('Ctrl Pts',(-23.610519288492,1.99,4.27723380263578));
#9025=CARTESIAN_POINT('Ctrl Pts',(-24.3243659719942,1.99,3.64762993987333));
#9026=CARTESIAN_POINT('Ctrl Pts',(-24.3066300138948,2.,6.62273141082059));
#9027=CARTESIAN_POINT('Ctrl Pts',(-24.3066300138948,1.99,6.62273141082059));
#9028=CARTESIAN_POINT('Ctrl Pts',(-23.610519288492,2.,6.04189845259916));
#9029=CARTESIAN_POINT('Ctrl Pts',(-23.610519288492,1.99,6.04189845259916));
#9030=CARTESIAN_POINT('Ctrl Pts',(-23.610519288492,2.,5.19060345824491));
#9031=CARTESIAN_POINT('Ctrl Pts',(-23.610519288492,1.99,5.19060345824491));
#9032=CARTESIAN_POINT('',(-24.3066300138948,2.,6.62273141082059));
#9033=CARTESIAN_POINT('Ctrl Pts',(-24.3066300138948,2.,6.62273141082059));
#9034=CARTESIAN_POINT('Ctrl Pts',(-23.610519288492,2.,6.04189845259916));
#9035=CARTESIAN_POINT('Ctrl Pts',(-23.610519288492,2.,5.19060345824491));
#9036=CARTESIAN_POINT('',(-24.3066300138948,1.99,6.62273141082059));
#9037=CARTESIAN_POINT('',(-24.3066300138948,2.,6.62273141082059));
#9038=CARTESIAN_POINT('Ctrl Pts',(-24.3066300138948,1.99,6.62273141082059));
#9039=CARTESIAN_POINT('Ctrl Pts',(-23.610519288492,1.99,6.04189845259916));
#9040=CARTESIAN_POINT('Ctrl Pts',(-23.610519288492,1.99,5.19060345824491));
#9041=CARTESIAN_POINT('Ctrl Pts',(-26.5013779386995,2.,7.20356436904203));
#9042=CARTESIAN_POINT('Ctrl Pts',(-26.5013779386995,1.99,7.20356436904203));
#9043=CARTESIAN_POINT('Ctrl Pts',(-25.0027431234834,2.,7.20356436904203));
#9044=CARTESIAN_POINT('Ctrl Pts',(-25.0027431234834,1.99,7.20356436904203));
#9045=CARTESIAN_POINT('Ctrl Pts',(-24.3066300138948,2.,6.62273141082059));
#9046=CARTESIAN_POINT('Ctrl Pts',(-24.3066300138948,1.99,6.62273141082059));
#9047=CARTESIAN_POINT('',(-26.5013779386995,2.,7.20356436904203));
#9048=CARTESIAN_POINT('Ctrl Pts',(-26.5013779386995,2.,7.20356436904203));
#9049=CARTESIAN_POINT('Ctrl Pts',(-25.0027431234834,2.,7.20356436904203));
#9050=CARTESIAN_POINT('Ctrl Pts',(-24.3066300138948,2.,6.62273141082059));
#9051=CARTESIAN_POINT('',(-26.5013779386995,1.99,7.20356436904203));
#9052=CARTESIAN_POINT('',(-26.5013779386995,2.,7.20356436904203));
#9053=CARTESIAN_POINT('Ctrl Pts',(-26.5013779386995,1.99,7.20356436904203));
#9054=CARTESIAN_POINT('Ctrl Pts',(-25.0027431234834,1.99,7.20356436904203));
#9055=CARTESIAN_POINT('Ctrl Pts',(-24.3066300138948,1.99,6.62273141082059));
#9056=CARTESIAN_POINT('Ctrl Pts',(-28.6251844152925,2.,6.6227314108206));
#9057=CARTESIAN_POINT('Ctrl Pts',(-28.6251844152925,1.99,6.6227314108206));
#9058=CARTESIAN_POINT('Ctrl Pts',(-27.9290736898897,2.,7.20356436904203));
#9059=CARTESIAN_POINT('Ctrl Pts',(-27.9290736898897,1.99,7.20356436904203));
#9060=CARTESIAN_POINT('Ctrl Pts',(-26.5013779386995,2.,7.20356436904203));
#9061=CARTESIAN_POINT('Ctrl Pts',(-26.5013779386995,1.99,7.20356436904203));
#9062=CARTESIAN_POINT('Ctrl Pts',(-28.6251844152925,2.,6.6227314108206));
#9063=CARTESIAN_POINT('Ctrl Pts',(-27.9290736898897,2.,7.20356436904203));
#9064=CARTESIAN_POINT('Ctrl Pts',(-26.5013779386995,2.,7.20356436904203));
#9065=CARTESIAN_POINT('Ctrl Pts',(-28.6251844152925,1.99,6.6227314108206));
#9066=CARTESIAN_POINT('Ctrl Pts',(-27.9290736898897,1.99,7.20356436904203));
#9067=CARTESIAN_POINT('Ctrl Pts',(-26.5013779386995,1.99,7.20356436904203));
#9068=CARTESIAN_POINT('Ctrl Pts',(-18.5958541616914,2.,8.43616934951078));
#9069=CARTESIAN_POINT('Ctrl Pts',(-18.5958541616914,1.99,8.43616934951078));
#9070=CARTESIAN_POINT('Ctrl Pts',(-19.4161118254183,2.,9.43821641143094));
#9071=CARTESIAN_POINT('Ctrl Pts',(-19.4161118254183,1.99,9.43821641143094));
#9072=CARTESIAN_POINT('Ctrl Pts',(-20.6753219351289,2.,9.43821641143094));
#9073=CARTESIAN_POINT('Ctrl Pts',(-20.6753219351289,1.99,9.43821641143094));
#9074=CARTESIAN_POINT('',(-18.5958541616914,2.,8.43616934951078));
#9075=CARTESIAN_POINT('',(-20.6753219351289,2.,9.43821641143094));
#9076=CARTESIAN_POINT('Ctrl Pts',(-18.5958541616914,2.,8.43616934951078));
#9077=CARTESIAN_POINT('Ctrl Pts',(-19.4161118254183,2.,9.43821641143094));
#9078=CARTESIAN_POINT('Ctrl Pts',(-20.6753219351289,2.,9.43821641143094));
#9079=CARTESIAN_POINT('',(-18.5958541616914,1.99,8.43616934951078));
#9080=CARTESIAN_POINT('',(-18.5958541616914,2.,8.43616934951078));
#9081=CARTESIAN_POINT('',(-20.6753219351289,1.99,9.43821641143094));
#9082=CARTESIAN_POINT('Ctrl Pts',(-18.5958541616914,1.99,8.43616934951078));
#9083=CARTESIAN_POINT('Ctrl Pts',(-19.4161118254183,1.99,9.43821641143094));
#9084=CARTESIAN_POINT('Ctrl Pts',(-20.6753219351289,1.99,9.43821641143094));
#9085=CARTESIAN_POINT('',(-20.6753219351289,2.,9.43821641143094));
#9086=CARTESIAN_POINT('Ctrl Pts',(-17.7755941137788,2.,5.03985377486478));
#9087=CARTESIAN_POINT('Ctrl Pts',(-17.7755941137788,1.99,5.03985377486478));
#9088=CARTESIAN_POINT('Ctrl Pts',(-17.7755941137788,2.,7.43412228759061));
#9089=CARTESIAN_POINT('Ctrl Pts',(-17.7755941137788,1.99,7.43412228759061));
#9090=CARTESIAN_POINT('Ctrl Pts',(-18.5958541616914,2.,8.43616934951078));
#9091=CARTESIAN_POINT('Ctrl Pts',(-18.5958541616914,1.99,8.43616934951078));
#9092=CARTESIAN_POINT('',(-17.7755941137788,2.,5.03985377486478));
#9093=CARTESIAN_POINT('Ctrl Pts',(-17.7755941137788,2.,5.03985377486478));
#9094=CARTESIAN_POINT('Ctrl Pts',(-17.7755941137788,2.,7.43412228759061));
#9095=CARTESIAN_POINT('Ctrl Pts',(-18.5958541616914,2.,8.43616934951078));
#9096=CARTESIAN_POINT('',(-17.7755941137788,1.99,5.03985377486478));
#9097=CARTESIAN_POINT('',(-17.7755941137788,2.,5.03985377486478));
#9098=CARTESIAN_POINT('Ctrl Pts',(-17.7755941137788,1.99,5.03985377486478));
#9099=CARTESIAN_POINT('Ctrl Pts',(-17.7755941137788,1.99,7.43412228759061));
#9100=CARTESIAN_POINT('Ctrl Pts',(-18.5958541616914,1.99,8.43616934951078));
#9101=CARTESIAN_POINT('Ctrl Pts',(-18.0416215643404,2.,2.94265004332792));
#9102=CARTESIAN_POINT('Ctrl Pts',(-18.0416215643404,1.99,2.94265004332792));
#9103=CARTESIAN_POINT('Ctrl Pts',(-17.7755941137788,2.,3.7717768781973));
#9104=CARTESIAN_POINT('Ctrl Pts',(-17.7755941137788,1.99,3.7717768781973));
#9105=CARTESIAN_POINT('Ctrl Pts',(-17.7755941137788,2.,5.03985377486478));
#9106=CARTESIAN_POINT('Ctrl Pts',(-17.7755941137788,1.99,5.03985377486478));
#9107=CARTESIAN_POINT('',(-18.0416215643404,2.,2.94265004332792));
#9108=CARTESIAN_POINT('Ctrl Pts',(-18.0416215643404,2.,2.94265004332792));
#9109=CARTESIAN_POINT('Ctrl Pts',(-17.7755941137788,2.,3.7717768781973));
#9110=CARTESIAN_POINT('Ctrl Pts',(-17.7755941137788,2.,5.03985377486478));
#9111=CARTESIAN_POINT('',(-18.0416215643404,1.99,2.94265004332792));
#9112=CARTESIAN_POINT('',(-18.0416215643404,2.,2.94265004332792));
#9113=CARTESIAN_POINT('Ctrl Pts',(-18.0416215643404,1.99,2.94265004332792));
#9114=CARTESIAN_POINT('Ctrl Pts',(-17.7755941137788,1.99,3.7717768781973));
#9115=CARTESIAN_POINT('Ctrl Pts',(-17.7755941137788,1.99,5.03985377486478));
#9116=CARTESIAN_POINT('Ctrl Pts',(-18.777641175699,2.,1.61693307097684));
#9117=CARTESIAN_POINT('Ctrl Pts',(-18.777641175699,1.99,1.61693307097684));
#9118=CARTESIAN_POINT('Ctrl Pts',(-18.3076537832735,2.,2.11352320845853));
#9119=CARTESIAN_POINT('Ctrl Pts',(-18.3076537832735,1.99,2.11352320845853));
#9120=CARTESIAN_POINT('Ctrl Pts',(-18.0416215643404,2.,2.94265004332792));
#9121=CARTESIAN_POINT('Ctrl Pts',(-18.0416215643404,1.99,2.94265004332792));
#9122=CARTESIAN_POINT('',(-18.777641175699,2.,1.61693307097684));
#9123=CARTESIAN_POINT('Ctrl Pts',(-18.777641175699,2.,1.61693307097684));
#9124=CARTESIAN_POINT('Ctrl Pts',(-18.3076537832735,2.,2.11352320845853));
#9125=CARTESIAN_POINT('Ctrl Pts',(-18.0416215643404,2.,2.94265004332792));
#9126=CARTESIAN_POINT('',(-18.777641175699,1.99,1.61693307097684));
#9127=CARTESIAN_POINT('',(-18.777641175699,2.,1.61693307097684));
#9128=CARTESIAN_POINT('Ctrl Pts',(-18.777641175699,1.99,1.61693307097684));
#9129=CARTESIAN_POINT('Ctrl Pts',(-18.3076537832735,1.99,2.11352320845853));
#9130=CARTESIAN_POINT('Ctrl Pts',(-18.0416215643404,1.99,2.94265004332792));
#9131=CARTESIAN_POINT('Ctrl Pts',(-20.0723184332369,2.,0.845446311791052));
#9132=CARTESIAN_POINT('Ctrl Pts',(-20.0723184332369,1.99,0.845446311791052));
#9133=CARTESIAN_POINT('Ctrl Pts',(-19.2476261839388,2.,1.12034531768094));
#9134=CARTESIAN_POINT('Ctrl Pts',(-19.2476261839388,1.99,1.12034531768094));
#9135=CARTESIAN_POINT('Ctrl Pts',(-18.777641175699,2.,1.61693307097684));
#9136=CARTESIAN_POINT('Ctrl Pts',(-18.777641175699,1.99,1.61693307097684));
#9137=CARTESIAN_POINT('',(-20.0723184332369,2.,0.845446311791052));
#9138=CARTESIAN_POINT('Ctrl Pts',(-20.0723184332369,2.,0.845446311791052));
#9139=CARTESIAN_POINT('Ctrl Pts',(-19.2476261839388,2.,1.12034531768094));
#9140=CARTESIAN_POINT('Ctrl Pts',(-18.777641175699,2.,1.61693307097684));
#9141=CARTESIAN_POINT('',(-20.0723184332369,1.99,0.845446311791052));
#9142=CARTESIAN_POINT('',(-20.0723184332369,2.,0.845446311791052));
#9143=CARTESIAN_POINT('Ctrl Pts',(-20.0723184332369,1.99,0.845446311791052));
#9144=CARTESIAN_POINT('Ctrl Pts',(-19.2476261839388,1.99,1.12034531768094));
#9145=CARTESIAN_POINT('Ctrl Pts',(-18.777641175699,1.99,1.61693307097684));
#9146=CARTESIAN_POINT('Ctrl Pts',(-22.5641335234163,2.,0.570547305901159));
#9147=CARTESIAN_POINT('Ctrl Pts',(-22.5641335234163,1.99,0.570547305901159));
#9148=CARTESIAN_POINT('Ctrl Pts',(-20.8970130667207,2.,0.570547305901159));
#9149=CARTESIAN_POINT('Ctrl Pts',(-20.8970130667207,1.99,0.570547305901159));
#9150=CARTESIAN_POINT('Ctrl Pts',(-20.0723184332369,2.,0.845446311791052));
#9151=CARTESIAN_POINT('Ctrl Pts',(-20.0723184332369,1.99,0.845446311791052));
#9152=CARTESIAN_POINT('',(-22.5641335234163,2.,0.570547305901159));
#9153=CARTESIAN_POINT('Ctrl Pts',(-22.5641335234163,2.,0.570547305901159));
#9154=CARTESIAN_POINT('Ctrl Pts',(-20.8970130667207,2.,0.570547305901159));
#9155=CARTESIAN_POINT('Ctrl Pts',(-20.0723184332369,2.,0.845446311791052));
#9156=CARTESIAN_POINT('',(-22.5641335234163,1.99,0.570547305901159));
#9157=CARTESIAN_POINT('',(-22.5641335234163,2.,0.570547305901159));
#9158=CARTESIAN_POINT('Ctrl Pts',(-22.5641335234163,1.99,0.570547305901159));
#9159=CARTESIAN_POINT('Ctrl Pts',(-20.8970130667207,1.99,0.570547305901159));
#9160=CARTESIAN_POINT('Ctrl Pts',(-20.0723184332369,1.99,0.845446311791052));
#9161=CARTESIAN_POINT('Origin',(-31.0150207266329,2.,0.570547305901163));
#9162=CARTESIAN_POINT('',(-31.0150207266329,2.,0.570547305901163));
#9163=CARTESIAN_POINT('',(-15.507510363315,2.,0.570547305901156));
#9164=CARTESIAN_POINT('',(-31.0150207266329,1.99,0.570547305901163));
#9165=CARTESIAN_POINT('',(-31.0150207266329,2.,0.570547305901163));
#9166=CARTESIAN_POINT('',(-31.0150207266329,1.99,0.570547305901163));
#9167=CARTESIAN_POINT('Origin',(-31.0150207266329,2.,2.90274592574369));
#9168=CARTESIAN_POINT('',(-31.0150207266329,2.,2.90274592574369));
#9169=CARTESIAN_POINT('',(-31.0150207266329,2.,1.45137296287116));
#9170=CARTESIAN_POINT('',(-31.0150207266329,1.99,2.90274592574369));
#9171=CARTESIAN_POINT('',(-31.0150207266329,2.,2.90274592574369));
#9172=CARTESIAN_POINT('',(-31.0150207266329,1.99,2.90274592574369));
#9173=CARTESIAN_POINT('Origin',(-29.6937383398531,2.,2.90274592574369));
#9174=CARTESIAN_POINT('',(-29.6937383398531,2.,2.90274592574369));
#9175=CARTESIAN_POINT('',(-14.8468691699251,2.,2.90274592574369));
#9176=CARTESIAN_POINT('',(-29.6937383398531,1.99,2.90274592574369));
#9177=CARTESIAN_POINT('',(-29.6937383398531,2.,2.90274592574369));
#9178=CARTESIAN_POINT('',(-29.6937383398531,1.99,2.90274592574369));
#9179=CARTESIAN_POINT('Ctrl Pts',(-31.2278450712679,2.,5.78473778899443));
#9180=CARTESIAN_POINT('Ctrl Pts',(-31.2278450712679,1.99,5.78473778899443));
#9181=CARTESIAN_POINT('Ctrl Pts',(-31.2278450712679,2.,4.03780671294462));
#9182=CARTESIAN_POINT('Ctrl Pts',(-31.2278450712679,1.99,4.03780671294462));
#9183=CARTESIAN_POINT('Ctrl Pts',(-29.6937383398531,2.,2.90274592574369));
#9184=CARTESIAN_POINT('Ctrl Pts',(-29.6937383398531,1.99,2.90274592574369));
#9185=CARTESIAN_POINT('',(-31.2278450712679,2.,5.78473778899443));
#9186=CARTESIAN_POINT('Ctrl Pts',(-31.2278450712679,2.,5.78473778899443));
#9187=CARTESIAN_POINT('Ctrl Pts',(-31.2278450712679,2.,4.03780671294462));
#9188=CARTESIAN_POINT('Ctrl Pts',(-29.6937383398531,2.,2.90274592574369));
#9189=CARTESIAN_POINT('',(-31.2278450712679,1.99,5.78473778899443));
#9190=CARTESIAN_POINT('',(-31.2278450712679,2.,5.78473778899443));
#9191=CARTESIAN_POINT('Ctrl Pts',(-31.2278450712679,1.99,5.78473778899443));
#9192=CARTESIAN_POINT('Ctrl Pts',(-31.2278450712679,1.99,4.03780671294462));
#9193=CARTESIAN_POINT('Ctrl Pts',(-29.6937383398531,1.99,2.90274592574369));
#9194=CARTESIAN_POINT('Ctrl Pts',(-29.9775041326997,2.,8.61795636351835));
#9195=CARTESIAN_POINT('Ctrl Pts',(-29.9775041326997,1.99,8.61795636351835));
#9196=CARTESIAN_POINT('Ctrl Pts',(-31.2278450712679,2.,7.47846099074613));
#9197=CARTESIAN_POINT('Ctrl Pts',(-31.2278450712679,1.99,7.47846099074613));
#9198=CARTESIAN_POINT('Ctrl Pts',(-31.2278450712679,2.,5.78473778899443));
#9199=CARTESIAN_POINT('Ctrl Pts',(-31.2278450712679,1.99,5.78473778899443));
#9200=CARTESIAN_POINT('',(-29.9775041326997,2.,8.61795636351835));
#9201=CARTESIAN_POINT('Ctrl Pts',(-29.9775041326997,2.,8.61795636351835));
#9202=CARTESIAN_POINT('Ctrl Pts',(-31.2278450712679,2.,7.47846099074613));
#9203=CARTESIAN_POINT('Ctrl Pts',(-31.2278450712679,2.,5.78473778899443));
#9204=CARTESIAN_POINT('',(-29.9775041326997,1.99,8.61795636351835));
#9205=CARTESIAN_POINT('',(-29.9775041326997,2.,8.61795636351835));
#9206=CARTESIAN_POINT('Ctrl Pts',(-29.9775041326997,1.99,8.61795636351835));
#9207=CARTESIAN_POINT('Ctrl Pts',(-31.2278450712679,1.99,7.47846099074613));
#9208=CARTESIAN_POINT('Ctrl Pts',(-31.2278450712679,1.99,5.78473778899443));
#9209=CARTESIAN_POINT('Ctrl Pts',(-26.3594950422762,2.,9.75745173629057));
#9210=CARTESIAN_POINT('Ctrl Pts',(-26.3594950422762,1.99,9.75745173629057));
#9211=CARTESIAN_POINT('Ctrl Pts',(-28.7271631941316,2.,9.75745173629057));
#9212=CARTESIAN_POINT('Ctrl Pts',(-28.7271631941316,1.99,9.75745173629057));
#9213=CARTESIAN_POINT('Ctrl Pts',(-29.9775041326997,2.,8.61795636351835));
#9214=CARTESIAN_POINT('Ctrl Pts',(-29.9775041326997,1.99,8.61795636351835));
#9215=CARTESIAN_POINT('',(-26.3594950422762,2.,9.75745173629057));
#9216=CARTESIAN_POINT('Ctrl Pts',(-26.3594950422762,2.,9.75745173629057));
#9217=CARTESIAN_POINT('Ctrl Pts',(-28.7271631941316,2.,9.75745173629057));
#9218=CARTESIAN_POINT('Ctrl Pts',(-29.9775041326997,2.,8.61795636351835));
#9219=CARTESIAN_POINT('',(-26.3594950422762,1.99,9.75745173629057));
#9220=CARTESIAN_POINT('',(-26.3594950422762,2.,9.75745173629057));
#9221=CARTESIAN_POINT('Ctrl Pts',(-26.3594950422762,1.99,9.75745173629057));
#9222=CARTESIAN_POINT('Ctrl Pts',(-28.7271631941316,1.99,9.75745173629057));
#9223=CARTESIAN_POINT('Ctrl Pts',(-29.9775041326997,1.99,8.61795636351835));
#9224=CARTESIAN_POINT('Ctrl Pts',(-23.2026065573213,2.,8.88842078383695));
#9225=CARTESIAN_POINT('Ctrl Pts',(-23.2026065573213,1.99,8.88842078383695));
#9226=CARTESIAN_POINT('Ctrl Pts',(-24.4706834539888,2.,9.75745173629057));
#9227=CARTESIAN_POINT('Ctrl Pts',(-24.4706834539888,1.99,9.75745173629057));
#9228=CARTESIAN_POINT('Ctrl Pts',(-26.3594950422762,2.,9.75745173629057));
#9229=CARTESIAN_POINT('Ctrl Pts',(-26.3594950422762,1.99,9.75745173629057));
#9230=CARTESIAN_POINT('',(-23.2026065573213,2.,8.88842078383695));
#9231=CARTESIAN_POINT('Ctrl Pts',(-23.2026065573213,2.,8.88842078383695));
#9232=CARTESIAN_POINT('Ctrl Pts',(-24.4706834539888,2.,9.75745173629057));
#9233=CARTESIAN_POINT('Ctrl Pts',(-26.3594950422762,2.,9.75745173629057));
#9234=CARTESIAN_POINT('',(-23.2026065573213,1.99,8.88842078383695));
#9235=CARTESIAN_POINT('',(-23.2026065573213,2.,8.88842078383695));
#9236=CARTESIAN_POINT('Ctrl Pts',(-23.2026065573213,1.99,8.88842078383695));
#9237=CARTESIAN_POINT('Ctrl Pts',(-24.4706834539888,1.99,9.75745173629057));
#9238=CARTESIAN_POINT('Ctrl Pts',(-26.3594950422762,1.99,9.75745173629057));
#9239=CARTESIAN_POINT('Ctrl Pts',(-21.5975583776949,2.,5.88228198226224));
#9240=CARTESIAN_POINT('Ctrl Pts',(-21.5975583776949,1.99,5.88228198226224));
#9241=CARTESIAN_POINT('Ctrl Pts',(-21.5975583776949,2.,7.77996274169217));
#9242=CARTESIAN_POINT('Ctrl Pts',(-21.5975583776949,1.99,7.77996274169217));
#9243=CARTESIAN_POINT('Ctrl Pts',(-23.2026065573213,2.,8.88842078383695));
#9244=CARTESIAN_POINT('Ctrl Pts',(-23.2026065573213,1.99,8.88842078383695));
#9245=CARTESIAN_POINT('',(-21.5975583776949,2.,5.88228198226224));
#9246=CARTESIAN_POINT('Ctrl Pts',(-21.5975583776949,2.,5.88228198226224));
#9247=CARTESIAN_POINT('Ctrl Pts',(-21.5975583776949,2.,7.77996274169217));
#9248=CARTESIAN_POINT('Ctrl Pts',(-23.2026065573213,2.,8.88842078383695));
#9249=CARTESIAN_POINT('',(-21.5975583776949,1.99,5.88228198226224));
#9250=CARTESIAN_POINT('',(-21.5975583776949,2.,5.88228198226224));
#9251=CARTESIAN_POINT('Ctrl Pts',(-21.5975583776949,1.99,5.88228198226224));
#9252=CARTESIAN_POINT('Ctrl Pts',(-21.5975583776949,1.99,7.77996274169217));
#9253=CARTESIAN_POINT('Ctrl Pts',(-23.2026065573213,1.99,8.88842078383695));
#9254=CARTESIAN_POINT('Ctrl Pts',(-23.1227959379671,2.,3.0623623960806));
#9255=CARTESIAN_POINT('Ctrl Pts',(-23.1227959379671,1.99,3.0623623960806));
#9256=CARTESIAN_POINT('Ctrl Pts',(-21.5975583776949,2.,4.17968960936796));
#9257=CARTESIAN_POINT('Ctrl Pts',(-21.5975583776949,1.99,4.17968960936796));
#9258=CARTESIAN_POINT('Ctrl Pts',(-21.5975583776949,2.,5.88228198226224));
#9259=CARTESIAN_POINT('Ctrl Pts',(-21.5975583776949,1.99,5.88228198226224));
#9260=CARTESIAN_POINT('',(-23.1227959379671,2.,3.0623623960806));
#9261=CARTESIAN_POINT('Ctrl Pts',(-23.1227959379671,2.,3.0623623960806));
#9262=CARTESIAN_POINT('Ctrl Pts',(-21.5975583776949,2.,4.17968960936796));
#9263=CARTESIAN_POINT('Ctrl Pts',(-21.5975583776949,2.,5.88228198226224));
#9264=CARTESIAN_POINT('',(-23.1227959379671,1.99,3.0623623960806));
#9265=CARTESIAN_POINT('',(-23.1227959379671,2.,3.0623623960806));
#9266=CARTESIAN_POINT('Ctrl Pts',(-23.1227959379671,1.99,3.0623623960806));
#9267=CARTESIAN_POINT('Ctrl Pts',(-21.5975583776949,1.99,4.17968960936796));
#9268=CARTESIAN_POINT('Ctrl Pts',(-21.5975583776949,1.99,5.88228198226224));
#9269=CARTESIAN_POINT('Origin',(-21.748308061075,2.,3.0623623960806));
#9270=CARTESIAN_POINT('',(-21.748308061075,2.,3.0623623960806));
#9271=CARTESIAN_POINT('',(-10.8741540305361,2.,3.0623623960806));
#9272=CARTESIAN_POINT('',(-21.748308061075,1.99,3.0623623960806));
#9273=CARTESIAN_POINT('',(-21.748308061075,2.,3.0623623960806));
#9274=CARTESIAN_POINT('',(-21.748308061075,1.99,3.0623623960806));
#9275=CARTESIAN_POINT('Ctrl Pts',(-20.6043804869173,2.,3.17764254744779));
#9276=CARTESIAN_POINT('Ctrl Pts',(-20.6043804869173,1.99,3.17764254744779));
#9277=CARTESIAN_POINT('Ctrl Pts',(-20.9147466406343,2.,3.0623623960806));
#9278=CARTESIAN_POINT('Ctrl Pts',(-20.9147466406343,1.99,3.0623623960806));
#9279=CARTESIAN_POINT('Ctrl Pts',(-21.748308061075,2.,3.0623623960806));
#9280=CARTESIAN_POINT('Ctrl Pts',(-21.748308061075,1.99,3.0623623960806));
#9281=CARTESIAN_POINT('',(-20.6043804869173,2.,3.17764254744779));
#9282=CARTESIAN_POINT('Ctrl Pts',(-20.6043804869173,2.,3.17764254744779));
#9283=CARTESIAN_POINT('Ctrl Pts',(-20.9147466406343,2.,3.0623623960806));
#9284=CARTESIAN_POINT('Ctrl Pts',(-21.748308061075,2.,3.0623623960806));
#9285=CARTESIAN_POINT('',(-20.6043804869173,1.99,3.17764254744779));
#9286=CARTESIAN_POINT('',(-20.6043804869173,2.,3.17764254744779));
#9287=CARTESIAN_POINT('Ctrl Pts',(-20.6043804869173,1.99,3.17764254744779));
#9288=CARTESIAN_POINT('Ctrl Pts',(-20.9147466406343,1.99,3.0623623960806));
#9289=CARTESIAN_POINT('Ctrl Pts',(-21.748308061075,1.99,3.0623623960806));
#9290=CARTESIAN_POINT('Ctrl Pts',(-19.974774239969,2.,3.67423268492948));
#9291=CARTESIAN_POINT('Ctrl Pts',(-19.974774239969,1.99,3.67423268492948));
#9292=CARTESIAN_POINT('Ctrl Pts',(-20.1698650106905,2.,3.34612818892728));
#9293=CARTESIAN_POINT('Ctrl Pts',(-20.1698650106905,1.99,3.34612818892728));
#9294=CARTESIAN_POINT('Ctrl Pts',(-20.6043804869173,2.,3.17764254744779));
#9295=CARTESIAN_POINT('Ctrl Pts',(-20.6043804869173,1.99,3.17764254744779));
#9296=CARTESIAN_POINT('',(-19.974774239969,2.,3.67423268492948));
#9297=CARTESIAN_POINT('Ctrl Pts',(-19.974774239969,2.,3.67423268492948));
#9298=CARTESIAN_POINT('Ctrl Pts',(-20.1698650106905,2.,3.34612818892728));
#9299=CARTESIAN_POINT('Ctrl Pts',(-20.6043804869173,2.,3.17764254744779));
#9300=CARTESIAN_POINT('',(-19.974774239969,1.99,3.67423268492948));
#9301=CARTESIAN_POINT('',(-19.974774239969,2.,3.67423268492948));
#9302=CARTESIAN_POINT('Ctrl Pts',(-19.974774239969,1.99,3.67423268492948));
#9303=CARTESIAN_POINT('Ctrl Pts',(-20.1698650106905,1.99,3.34612818892728));
#9304=CARTESIAN_POINT('Ctrl Pts',(-20.6043804869173,1.99,3.17764254744779));
#9305=CARTESIAN_POINT('Ctrl Pts',(-19.6821416601656,2.,5.1373979681326));
#9306=CARTESIAN_POINT('Ctrl Pts',(-19.6821416601656,1.99,5.1373979681326));
#9307=CARTESIAN_POINT('Ctrl Pts',(-19.6821416601656,2.,4.16195365126859));
#9308=CARTESIAN_POINT('Ctrl Pts',(-19.6821416601656,1.99,4.16195365126859));
#9309=CARTESIAN_POINT('Ctrl Pts',(-19.974774239969,2.,3.67423268492948));
#9310=CARTESIAN_POINT('Ctrl Pts',(-19.974774239969,1.99,3.67423268492948));
#9311=CARTESIAN_POINT('',(-19.6821416601656,2.,5.1373979681326));
#9312=CARTESIAN_POINT('Ctrl Pts',(-19.6821416601656,2.,5.1373979681326));
#9313=CARTESIAN_POINT('Ctrl Pts',(-19.6821416601656,2.,4.16195365126859));
#9314=CARTESIAN_POINT('Ctrl Pts',(-19.974774239969,2.,3.67423268492948));
#9315=CARTESIAN_POINT('',(-19.6821416601656,1.99,5.1373979681326));
#9316=CARTESIAN_POINT('',(-19.6821416601656,2.,5.1373979681326));
#9317=CARTESIAN_POINT('Ctrl Pts',(-19.6821416601656,1.99,5.1373979681326));
#9318=CARTESIAN_POINT('Ctrl Pts',(-19.6821416601656,1.99,4.16195365126859));
#9319=CARTESIAN_POINT('Ctrl Pts',(-19.974774239969,1.99,3.67423268492948));
#9320=CARTESIAN_POINT('Ctrl Pts',(-19.9481714949129,2.,6.25472279723417));
#9321=CARTESIAN_POINT('Ctrl Pts',(-19.9481714949129,1.99,6.25472279723417));
#9322=CARTESIAN_POINT('Ctrl Pts',(-19.6821416601656,2.,5.90001555617582));
#9323=CARTESIAN_POINT('Ctrl Pts',(-19.6821416601656,1.99,5.90001555617582));
#9324=CARTESIAN_POINT('Ctrl Pts',(-19.6821416601656,2.,5.1373979681326));
#9325=CARTESIAN_POINT('Ctrl Pts',(-19.6821416601656,1.99,5.1373979681326));
#9326=CARTESIAN_POINT('',(-19.9481714949129,2.,6.25472279723417));
#9327=CARTESIAN_POINT('Ctrl Pts',(-19.9481714949129,2.,6.25472279723417));
#9328=CARTESIAN_POINT('Ctrl Pts',(-19.6821416601656,2.,5.90001555617582));
#9329=CARTESIAN_POINT('Ctrl Pts',(-19.6821416601656,2.,5.1373979681326));
#9330=CARTESIAN_POINT('',(-19.9481714949129,1.99,6.25472279723417));
#9331=CARTESIAN_POINT('',(-19.9481714949129,2.,6.25472279723417));
#9332=CARTESIAN_POINT('Ctrl Pts',(-19.9481714949129,1.99,6.25472279723417));
#9333=CARTESIAN_POINT('Ctrl Pts',(-19.6821416601656,1.99,5.90001555617582));
#9334=CARTESIAN_POINT('Ctrl Pts',(-19.6821416601656,1.99,5.1373979681326));
#9335=CARTESIAN_POINT('Ctrl Pts',(-20.6309832319734,2.,6.58282729323636));
#9336=CARTESIAN_POINT('Ctrl Pts',(-20.6309832319734,1.99,6.58282729323636));
#9337=CARTESIAN_POINT('Ctrl Pts',(-20.1343930944917,2.,6.51188584502469));
#9338=CARTESIAN_POINT('Ctrl Pts',(-20.1343930944917,1.99,6.51188584502469));
#9339=CARTESIAN_POINT('Ctrl Pts',(-19.9481714949129,2.,6.25472279723417));
#9340=CARTESIAN_POINT('Ctrl Pts',(-19.9481714949129,1.99,6.25472279723417));
#9341=CARTESIAN_POINT('',(-20.6309832319734,2.,6.58282729323636));
#9342=CARTESIAN_POINT('Ctrl Pts',(-20.6309832319734,2.,6.58282729323636));
#9343=CARTESIAN_POINT('Ctrl Pts',(-20.1343930944917,2.,6.51188584502469));
#9344=CARTESIAN_POINT('Ctrl Pts',(-19.9481714949129,2.,6.25472279723417));
#9345=CARTESIAN_POINT('',(-20.6309832319734,1.99,6.58282729323636));
#9346=CARTESIAN_POINT('',(-20.6309832319734,2.,6.58282729323636));
#9347=CARTESIAN_POINT('Ctrl Pts',(-20.6309832319734,1.99,6.58282729323636));
#9348=CARTESIAN_POINT('Ctrl Pts',(-20.1343930944917,1.99,6.51188584502469));
#9349=CARTESIAN_POINT('Ctrl Pts',(-19.9481714949129,1.99,6.25472279723417));
#9350=CARTESIAN_POINT('Origin',(-20.9768213018892,2.,9.42934724028837));
#9351=CARTESIAN_POINT('',(-20.9768213018892,2.,9.42934724028837));
#9352=CARTESIAN_POINT('',(-20.2597762395779,2.,3.52750111530489));
#9353=CARTESIAN_POINT('',(-20.9768213018892,1.99,9.42934724028837));
#9354=CARTESIAN_POINT('',(-20.9768213018892,2.,9.42934724028837));
#9355=CARTESIAN_POINT('',(-20.9768213018892,1.99,9.42934724028837));
#9356=CARTESIAN_POINT('Ctrl Pts',(-20.6753219351289,2.,9.43821641143094));
#9357=CARTESIAN_POINT('Ctrl Pts',(-20.6753219351289,1.99,9.43821641143094));
#9358=CARTESIAN_POINT('Ctrl Pts',(-20.7994688734529,2.,9.43821641143094));
#9359=CARTESIAN_POINT('Ctrl Pts',(-20.7994688734529,1.99,9.43821641143094));
#9360=CARTESIAN_POINT('Ctrl Pts',(-20.9768213018892,2.,9.42934724028837));
#9361=CARTESIAN_POINT('Ctrl Pts',(-20.9768213018892,1.99,9.42934724028837));
#9362=CARTESIAN_POINT('Ctrl Pts',(-20.6753219351289,2.,9.43821641143094));
#9363=CARTESIAN_POINT('Ctrl Pts',(-20.7994688734529,2.,9.43821641143094));
#9364=CARTESIAN_POINT('Ctrl Pts',(-20.9768213018892,2.,9.42934724028837));
#9365=CARTESIAN_POINT('Ctrl Pts',(-20.6753219351289,1.99,9.43821641143094));
#9366=CARTESIAN_POINT('Ctrl Pts',(-20.7994688734529,1.99,9.43821641143094));
#9367=CARTESIAN_POINT('Ctrl Pts',(-20.9768213018892,1.99,9.42934724028837));
#9368=CARTESIAN_POINT('Origin',(-36.3311882004259,1.99,0.379894771535505));
#9369=CARTESIAN_POINT('Ctrl Pts',(-29.1971505865572,2.,16.0091564291311));
#9370=CARTESIAN_POINT('Ctrl Pts',(-29.1971505865572,1.99,16.0091564291311));
#9371=CARTESIAN_POINT('Ctrl Pts',(-29.1971505865572,2.,16.9845995539023));
#9372=CARTESIAN_POINT('Ctrl Pts',(-29.1971505865572,1.99,16.9845995539023));
#9373=CARTESIAN_POINT('Ctrl Pts',(-28.4522641882417,2.,17.6496741407705));
#9374=CARTESIAN_POINT('Ctrl Pts',(-28.4522641882417,1.99,17.6496741407705));
#9375=CARTESIAN_POINT('',(-29.1971505865572,2.,16.0091564291311));
#9376=CARTESIAN_POINT('',(-28.4522641882417,2.,17.6496741407705));
#9377=CARTESIAN_POINT('Ctrl Pts',(-29.1971505865572,2.,16.0091564291311));
#9378=CARTESIAN_POINT('Ctrl Pts',(-29.1971505865572,2.,16.9845995539023));
#9379=CARTESIAN_POINT('Ctrl Pts',(-28.4522641882417,2.,17.6496741407705));
#9380=CARTESIAN_POINT('',(-29.1971505865572,1.99,16.0091564291311));
#9381=CARTESIAN_POINT('',(-29.1971505865572,2.,16.0091564291311));
#9382=CARTESIAN_POINT('',(-28.4522641882417,1.99,17.6496741407705));
#9383=CARTESIAN_POINT('Ctrl Pts',(-29.1971505865572,1.99,16.0091564291311));
#9384=CARTESIAN_POINT('Ctrl Pts',(-29.1971505865572,1.99,16.9845995539023));
#9385=CARTESIAN_POINT('Ctrl Pts',(-28.4522641882417,1.99,17.6496741407705));
#9386=CARTESIAN_POINT('',(-28.4522641882417,2.,17.6496741407705));
#9387=CARTESIAN_POINT('Ctrl Pts',(-28.4522641882417,2.,14.3730709188772));
#9388=CARTESIAN_POINT('Ctrl Pts',(-28.4522641882417,1.99,14.3730709188772));
#9389=CARTESIAN_POINT('Ctrl Pts',(-29.1971505865572,2.,15.0337121122671));
#9390=CARTESIAN_POINT('Ctrl Pts',(-29.1971505865572,1.99,15.0337121122671));
#9391=CARTESIAN_POINT('Ctrl Pts',(-29.1971505865572,2.,16.0091564291311));
#9392=CARTESIAN_POINT('Ctrl Pts',(-29.1971505865572,1.99,16.0091564291311));
#9393=CARTESIAN_POINT('',(-28.4522641882417,2.,14.3730709188772));
#9394=CARTESIAN_POINT('Ctrl Pts',(-28.4522641882417,2.,14.3730709188772));
#9395=CARTESIAN_POINT('Ctrl Pts',(-29.1971505865572,2.,15.0337121122671));
#9396=CARTESIAN_POINT('Ctrl Pts',(-29.1971505865572,2.,16.0091564291311));
#9397=CARTESIAN_POINT('',(-28.4522641882417,1.99,14.3730709188772));
#9398=CARTESIAN_POINT('',(-28.4522641882417,2.,14.3730709188772));
#9399=CARTESIAN_POINT('Ctrl Pts',(-28.4522641882417,1.99,14.3730709188772));
#9400=CARTESIAN_POINT('Ctrl Pts',(-29.1971505865572,1.99,15.0337121122671));
#9401=CARTESIAN_POINT('Ctrl Pts',(-29.1971505865572,1.99,16.0091564291311));
#9402=CARTESIAN_POINT('Ctrl Pts',(-26.3240255102632,2.,13.7124297254873));
#9403=CARTESIAN_POINT('Ctrl Pts',(-26.3240255102632,1.99,13.7124297254873));
#9404=CARTESIAN_POINT('Ctrl Pts',(-27.7073825582979,2.,13.7124297254873));
#9405=CARTESIAN_POINT('Ctrl Pts',(-27.7073825582979,1.99,13.7124297254873));
#9406=CARTESIAN_POINT('Ctrl Pts',(-28.4522641882417,2.,14.3730709188772));
#9407=CARTESIAN_POINT('Ctrl Pts',(-28.4522641882417,1.99,14.3730709188772));
#9408=CARTESIAN_POINT('',(-26.3240255102632,2.,13.7124297254873));
#9409=CARTESIAN_POINT('Ctrl Pts',(-26.3240255102632,2.,13.7124297254873));
#9410=CARTESIAN_POINT('Ctrl Pts',(-27.7073825582979,2.,13.7124297254873));
#9411=CARTESIAN_POINT('Ctrl Pts',(-28.4522641882417,2.,14.3730709188772));
#9412=CARTESIAN_POINT('',(-26.3240255102632,1.99,13.7124297254873));
#9413=CARTESIAN_POINT('',(-26.3240255102632,2.,13.7124297254873));
#9414=CARTESIAN_POINT('Ctrl Pts',(-26.3240255102632,1.99,13.7124297254873));
#9415=CARTESIAN_POINT('Ctrl Pts',(-27.7073825582979,1.99,13.7124297254873));
#9416=CARTESIAN_POINT('Ctrl Pts',(-28.4522641882417,1.99,14.3730709188772));
#9417=CARTESIAN_POINT('Ctrl Pts',(-24.160314916086,2.,14.3730709188772));
#9418=CARTESIAN_POINT('Ctrl Pts',(-24.160314916086,1.99,14.3730709188772));
#9419=CARTESIAN_POINT('Ctrl Pts',(-24.9051989302156,2.,13.7124297254873));
#9420=CARTESIAN_POINT('Ctrl Pts',(-24.9051989302156,1.99,13.7124297254873));
#9421=CARTESIAN_POINT('Ctrl Pts',(-26.3240255102632,2.,13.7124297254873));
#9422=CARTESIAN_POINT('Ctrl Pts',(-26.3240255102632,1.99,13.7124297254873));
#9423=CARTESIAN_POINT('',(-24.160314916086,2.,14.3730709188772));
#9424=CARTESIAN_POINT('Ctrl Pts',(-24.160314916086,2.,14.3730709188772));
#9425=CARTESIAN_POINT('Ctrl Pts',(-24.9051989302156,2.,13.7124297254873));
#9426=CARTESIAN_POINT('Ctrl Pts',(-26.3240255102632,2.,13.7124297254873));
#9427=CARTESIAN_POINT('',(-24.160314916086,1.99,14.3730709188772));
#9428=CARTESIAN_POINT('',(-24.160314916086,2.,14.3730709188772));
#9429=CARTESIAN_POINT('Ctrl Pts',(-24.160314916086,1.99,14.3730709188772));
#9430=CARTESIAN_POINT('Ctrl Pts',(-24.9051989302156,1.99,13.7124297254873));
#9431=CARTESIAN_POINT('Ctrl Pts',(-26.3240255102632,1.99,13.7124297254873));
#9432=CARTESIAN_POINT('Ctrl Pts',(-23.4154309019563,2.,16.0091564291311));
#9433=CARTESIAN_POINT('Ctrl Pts',(-23.4154309019563,1.99,16.0091564291311));
#9434=CARTESIAN_POINT('Ctrl Pts',(-23.4154309019563,2.,15.0337121122671));
#9435=CARTESIAN_POINT('Ctrl Pts',(-23.4154309019563,1.99,15.0337121122671));
#9436=CARTESIAN_POINT('Ctrl Pts',(-24.160314916086,2.,14.3730709188772));
#9437=CARTESIAN_POINT('Ctrl Pts',(-24.160314916086,1.99,14.3730709188772));
#9438=CARTESIAN_POINT('',(-23.4154309019563,2.,16.0091564291311));
#9439=CARTESIAN_POINT('Ctrl Pts',(-23.4154309019563,2.,16.0091564291311));
#9440=CARTESIAN_POINT('Ctrl Pts',(-23.4154309019563,2.,15.0337121122671));
#9441=CARTESIAN_POINT('Ctrl Pts',(-24.160314916086,2.,14.3730709188772));
#9442=CARTESIAN_POINT('',(-23.4154309019563,1.99,16.0091564291311));
#9443=CARTESIAN_POINT('',(-23.4154309019563,2.,16.0091564291311));
#9444=CARTESIAN_POINT('Ctrl Pts',(-23.4154309019563,1.99,16.0091564291311));
#9445=CARTESIAN_POINT('Ctrl Pts',(-23.4154309019563,1.99,15.0337121122671));
#9446=CARTESIAN_POINT('Ctrl Pts',(-24.160314916086,1.99,14.3730709188772));
#9447=CARTESIAN_POINT('Ctrl Pts',(-24.160314916086,2.,17.6496741407705));
#9448=CARTESIAN_POINT('Ctrl Pts',(-24.160314916086,1.99,17.6496741407705));
#9449=CARTESIAN_POINT('Ctrl Pts',(-23.4154309019563,2.,16.9845995539023));
#9450=CARTESIAN_POINT('Ctrl Pts',(-23.4154309019563,1.99,16.9845995539023));
#9451=CARTESIAN_POINT('Ctrl Pts',(-23.4154309019563,2.,16.0091564291311));
#9452=CARTESIAN_POINT('Ctrl Pts',(-23.4154309019563,1.99,16.0091564291311));
#9453=CARTESIAN_POINT('',(-24.160314916086,2.,17.6496741407705));
#9454=CARTESIAN_POINT('Ctrl Pts',(-24.160314916086,2.,17.6496741407705));
#9455=CARTESIAN_POINT('Ctrl Pts',(-23.4154309019563,2.,16.9845995539023));
#9456=CARTESIAN_POINT('Ctrl Pts',(-23.4154309019563,2.,16.0091564291311));
#9457=CARTESIAN_POINT('',(-24.160314916086,1.99,17.6496741407705));
#9458=CARTESIAN_POINT('',(-24.160314916086,2.,17.6496741407705));
#9459=CARTESIAN_POINT('Ctrl Pts',(-24.160314916086,1.99,17.6496741407705));
#9460=CARTESIAN_POINT('Ctrl Pts',(-23.4154309019563,1.99,16.9845995539023));
#9461=CARTESIAN_POINT('Ctrl Pts',(-23.4154309019563,1.99,16.0091564291311));
#9462=CARTESIAN_POINT('Ctrl Pts',(-26.3062895521638,2.,18.3147499197317));
#9463=CARTESIAN_POINT('Ctrl Pts',(-26.3062895521638,1.99,18.3147499197317));
#9464=CARTESIAN_POINT('Ctrl Pts',(-24.9051989302156,2.,18.3147499197317));
#9465=CARTESIAN_POINT('Ctrl Pts',(-24.9051989302156,1.99,18.3147499197317));
#9466=CARTESIAN_POINT('Ctrl Pts',(-24.160314916086,2.,17.6496741407705));
#9467=CARTESIAN_POINT('Ctrl Pts',(-24.160314916086,1.99,17.6496741407705));
#9468=CARTESIAN_POINT('',(-26.3062895521638,2.,18.3147499197317));
#9469=CARTESIAN_POINT('Ctrl Pts',(-26.3062895521638,2.,18.3147499197317));
#9470=CARTESIAN_POINT('Ctrl Pts',(-24.9051989302156,2.,18.3147499197317));
#9471=CARTESIAN_POINT('Ctrl Pts',(-24.160314916086,2.,17.6496741407705));
#9472=CARTESIAN_POINT('',(-26.3062895521638,1.99,18.3147499197317));
#9473=CARTESIAN_POINT('',(-26.3062895521638,2.,18.3147499197317));
#9474=CARTESIAN_POINT('Ctrl Pts',(-26.3062895521638,1.99,18.3147499197317));
#9475=CARTESIAN_POINT('Ctrl Pts',(-24.9051989302156,1.99,18.3147499197317));
#9476=CARTESIAN_POINT('Ctrl Pts',(-24.160314916086,1.99,17.6496741407705));
#9477=CARTESIAN_POINT('Ctrl Pts',(-28.4522641882417,2.,17.6496741407705));
#9478=CARTESIAN_POINT('Ctrl Pts',(-28.4522641882417,1.99,17.6496741407705));
#9479=CARTESIAN_POINT('Ctrl Pts',(-27.7073825582979,2.,18.3147499197317));
#9480=CARTESIAN_POINT('Ctrl Pts',(-27.7073825582979,1.99,18.3147499197317));
#9481=CARTESIAN_POINT('Ctrl Pts',(-26.3062895521638,2.,18.3147499197317));
#9482=CARTESIAN_POINT('Ctrl Pts',(-26.3062895521638,1.99,18.3147499197317));
#9483=CARTESIAN_POINT('Ctrl Pts',(-28.4522641882417,2.,17.6496741407705));
#9484=CARTESIAN_POINT('Ctrl Pts',(-27.7073825582979,2.,18.3147499197317));
#9485=CARTESIAN_POINT('Ctrl Pts',(-26.3062895521638,2.,18.3147499197317));
#9486=CARTESIAN_POINT('Ctrl Pts',(-28.4522641882417,1.99,17.6496741407705));
#9487=CARTESIAN_POINT('Ctrl Pts',(-27.7073825582979,1.99,18.3147499197317));
#9488=CARTESIAN_POINT('Ctrl Pts',(-26.3062895521638,1.99,18.3147499197317));
#9489=CARTESIAN_POINT('Ctrl Pts',(-21.9700015768526,2.,18.4699329965902));
#9490=CARTESIAN_POINT('Ctrl Pts',(-21.9700015768526,1.99,18.4699329965902));
#9491=CARTESIAN_POINT('Ctrl Pts',(-22.5552667364595,2.,19.6448990934683));
#9492=CARTESIAN_POINT('Ctrl Pts',(-22.5552667364595,1.99,19.6448990934683));
#9493=CARTESIAN_POINT('Ctrl Pts',(-23.6858929380891,2.,20.2567681902243));
#9494=CARTESIAN_POINT('Ctrl Pts',(-23.6858929380891,1.99,20.2567681902243));
#9495=CARTESIAN_POINT('',(-21.9700015768526,2.,18.4699329965902));
#9496=CARTESIAN_POINT('',(-23.6858929380891,2.,20.2567681902243));
#9497=CARTESIAN_POINT('Ctrl Pts',(-21.9700015768526,2.,18.4699329965902));
#9498=CARTESIAN_POINT('Ctrl Pts',(-22.5552667364595,2.,19.6448990934683));
#9499=CARTESIAN_POINT('Ctrl Pts',(-23.6858929380891,2.,20.2567681902243));
#9500=CARTESIAN_POINT('',(-21.9700015768526,1.99,18.4699329965902));
#9501=CARTESIAN_POINT('',(-21.9700015768526,2.,18.4699329965902));
#9502=CARTESIAN_POINT('',(-23.6858929380891,1.99,20.2567681902243));
#9503=CARTESIAN_POINT('Ctrl Pts',(-21.9700015768526,1.99,18.4699329965902));
#9504=CARTESIAN_POINT('Ctrl Pts',(-22.5552667364595,1.99,19.6448990934683));
#9505=CARTESIAN_POINT('Ctrl Pts',(-23.6858929380891,1.99,20.2567681902243));
#9506=CARTESIAN_POINT('',(-23.6858929380891,2.,20.2567681902243));
#9507=CARTESIAN_POINT('Ctrl Pts',(-21.3847340330598,2.,16.0002884500815));
#9508=CARTESIAN_POINT('Ctrl Pts',(-21.3847340330598,1.99,16.0002884500815));
#9509=CARTESIAN_POINT('Ctrl Pts',(-21.3847340330598,2.,17.2949668997122));
#9510=CARTESIAN_POINT('Ctrl Pts',(-21.3847340330598,1.99,17.2949668997122));
#9511=CARTESIAN_POINT('Ctrl Pts',(-21.9700015768526,2.,18.4699329965902));
#9512=CARTESIAN_POINT('Ctrl Pts',(-21.9700015768526,1.99,18.4699329965902));
#9513=CARTESIAN_POINT('',(-21.3847340330598,2.,16.0002884500815));
#9514=CARTESIAN_POINT('Ctrl Pts',(-21.3847340330598,2.,16.0002884500815));
#9515=CARTESIAN_POINT('Ctrl Pts',(-21.3847340330598,2.,17.2949668997122));
#9516=CARTESIAN_POINT('Ctrl Pts',(-21.9700015768526,2.,18.4699329965902));
#9517=CARTESIAN_POINT('',(-21.3847340330598,1.99,16.0002884500815));
#9518=CARTESIAN_POINT('',(-21.3847340330598,2.,16.0002884500815));
#9519=CARTESIAN_POINT('Ctrl Pts',(-21.3847340330598,1.99,16.0002884500815));
#9520=CARTESIAN_POINT('Ctrl Pts',(-21.3847340330598,1.99,17.2949668997122));
#9521=CARTESIAN_POINT('Ctrl Pts',(-21.9700015768526,1.99,18.4699329965902));
#9522=CARTESIAN_POINT('Ctrl Pts',(-22.7902592405794,2.,12.5285956495596));
#9523=CARTESIAN_POINT('Ctrl Pts',(-22.7902592405794,1.99,12.5285956495596));
#9524=CARTESIAN_POINT('Ctrl Pts',(-21.3847340330598,2.,13.907518112023));
#9525=CARTESIAN_POINT('Ctrl Pts',(-21.3847340330598,1.99,13.907518112023));
#9526=CARTESIAN_POINT('Ctrl Pts',(-21.3847340330598,2.,16.0002884500815));
#9527=CARTESIAN_POINT('Ctrl Pts',(-21.3847340330598,1.99,16.0002884500815));
#9528=CARTESIAN_POINT('',(-22.7902592405794,2.,12.5285956495596));
#9529=CARTESIAN_POINT('Ctrl Pts',(-22.7902592405794,2.,12.5285956495596));
#9530=CARTESIAN_POINT('Ctrl Pts',(-21.3847340330598,2.,13.907518112023));
#9531=CARTESIAN_POINT('Ctrl Pts',(-21.3847340330598,2.,16.0002884500815));
#9532=CARTESIAN_POINT('',(-22.7902592405794,1.99,12.5285956495596));
#9533=CARTESIAN_POINT('',(-22.7902592405794,2.,12.5285956495596));
#9534=CARTESIAN_POINT('Ctrl Pts',(-22.7902592405794,1.99,12.5285956495596));
#9535=CARTESIAN_POINT('Ctrl Pts',(-21.3847340330598,1.99,13.907518112023));
#9536=CARTESIAN_POINT('Ctrl Pts',(-21.3847340330598,1.99,16.0002884500815));
#9537=CARTESIAN_POINT('Ctrl Pts',(-26.33289229722,2.,11.149675571282));
#9538=CARTESIAN_POINT('Ctrl Pts',(-26.33289229722,1.99,11.149675571282));
#9539=CARTESIAN_POINT('Ctrl Pts',(-24.1957844480989,2.,11.149675571282));
#9540=CARTESIAN_POINT('Ctrl Pts',(-24.1957844480989,1.99,11.149675571282));
#9541=CARTESIAN_POINT('Ctrl Pts',(-22.7902592405794,2.,12.5285956495596));
#9542=CARTESIAN_POINT('Ctrl Pts',(-22.7902592405794,1.99,12.5285956495596));
#9543=CARTESIAN_POINT('',(-26.33289229722,2.,11.149675571282));
#9544=CARTESIAN_POINT('Ctrl Pts',(-26.33289229722,2.,11.149675571282));
#9545=CARTESIAN_POINT('Ctrl Pts',(-24.1957844480989,2.,11.149675571282));
#9546=CARTESIAN_POINT('Ctrl Pts',(-22.7902592405794,2.,12.5285956495596));
#9547=CARTESIAN_POINT('',(-26.33289229722,1.99,11.149675571282));
#9548=CARTESIAN_POINT('',(-26.33289229722,2.,11.149675571282));
#9549=CARTESIAN_POINT('Ctrl Pts',(-26.33289229722,1.99,11.149675571282));
#9550=CARTESIAN_POINT('Ctrl Pts',(-24.1957844480989,1.99,11.149675571282));
#9551=CARTESIAN_POINT('Ctrl Pts',(-22.7902592405794,1.99,12.5285956495596));
#9552=CARTESIAN_POINT('Ctrl Pts',(-29.8400558218477,2.,12.5152942770315));
#9553=CARTESIAN_POINT('Ctrl Pts',(-29.8400558218477,1.99,12.5152942770315));
#9554=CARTESIAN_POINT('Ctrl Pts',(-28.4522641882417,2.,11.149675571282));
#9555=CARTESIAN_POINT('Ctrl Pts',(-28.4522641882417,1.99,11.149675571282));
#9556=CARTESIAN_POINT('Ctrl Pts',(-26.33289229722,2.,11.149675571282));
#9557=CARTESIAN_POINT('Ctrl Pts',(-26.33289229722,1.99,11.149675571282));
#9558=CARTESIAN_POINT('',(-29.8400558218477,2.,12.5152942770315));
#9559=CARTESIAN_POINT('Ctrl Pts',(-29.8400558218477,2.,12.5152942770315));
#9560=CARTESIAN_POINT('Ctrl Pts',(-28.4522641882417,2.,11.149675571282));
#9561=CARTESIAN_POINT('Ctrl Pts',(-26.33289229722,2.,11.149675571282));
#9562=CARTESIAN_POINT('',(-29.8400558218477,1.99,12.5152942770315));
#9563=CARTESIAN_POINT('',(-29.8400558218477,2.,12.5152942770315));
#9564=CARTESIAN_POINT('Ctrl Pts',(-29.8400558218477,1.99,12.5152942770315));
#9565=CARTESIAN_POINT('Ctrl Pts',(-28.4522641882417,1.99,11.149675571282));
#9566=CARTESIAN_POINT('Ctrl Pts',(-26.33289229722,1.99,11.149675571282));
#9567=CARTESIAN_POINT('Ctrl Pts',(-31.2278450712679,2.,16.0180232160879));
#9568=CARTESIAN_POINT('Ctrl Pts',(-31.2278450712679,1.99,16.0180232160879));
#9569=CARTESIAN_POINT('Ctrl Pts',(-31.2278450712679,2.,13.8809153669668));
#9570=CARTESIAN_POINT('Ctrl Pts',(-31.2278450712679,1.99,13.8809153669668));
#9571=CARTESIAN_POINT('Ctrl Pts',(-29.8400558218477,2.,12.5152942770315));
#9572=CARTESIAN_POINT('Ctrl Pts',(-29.8400558218477,1.99,12.5152942770315));
#9573=CARTESIAN_POINT('',(-31.2278450712679,2.,16.0180232160879));
#9574=CARTESIAN_POINT('Ctrl Pts',(-31.2278450712679,2.,16.0180232160879));
#9575=CARTESIAN_POINT('Ctrl Pts',(-31.2278450712679,2.,13.8809153669668));
#9576=CARTESIAN_POINT('Ctrl Pts',(-29.8400558218477,2.,12.5152942770315));
#9577=CARTESIAN_POINT('',(-31.2278450712679,1.99,16.0180232160879));
#9578=CARTESIAN_POINT('',(-31.2278450712679,2.,16.0180232160879));
#9579=CARTESIAN_POINT('Ctrl Pts',(-31.2278450712679,1.99,16.0180232160879));
#9580=CARTESIAN_POINT('Ctrl Pts',(-31.2278450712679,1.99,13.8809153669668));
#9581=CARTESIAN_POINT('Ctrl Pts',(-29.8400558218477,1.99,12.5152942770315));
#9582=CARTESIAN_POINT('Ctrl Pts',(-30.615974782419,2.,18.5231396787955));
#9583=CARTESIAN_POINT('Ctrl Pts',(-30.615974782419,1.99,18.5231396787955));
#9584=CARTESIAN_POINT('Ctrl Pts',(-31.2278450712679,2.,17.4013790720297));
#9585=CARTESIAN_POINT('Ctrl Pts',(-31.2278450712679,1.99,17.4013790720297));
#9586=CARTESIAN_POINT('Ctrl Pts',(-31.2278450712679,2.,16.0180232160879));
#9587=CARTESIAN_POINT('Ctrl Pts',(-31.2278450712679,1.99,16.0180232160879));
#9588=CARTESIAN_POINT('',(-30.615974782419,2.,18.5231396787955));
#9589=CARTESIAN_POINT('Ctrl Pts',(-30.615974782419,2.,18.5231396787955));
#9590=CARTESIAN_POINT('Ctrl Pts',(-31.2278450712679,2.,17.4013790720297));
#9591=CARTESIAN_POINT('Ctrl Pts',(-31.2278450712679,2.,16.0180232160879));
#9592=CARTESIAN_POINT('',(-30.615974782419,1.99,18.5231396787955));
#9593=CARTESIAN_POINT('',(-30.615974782419,2.,18.5231396787955));
#9594=CARTESIAN_POINT('Ctrl Pts',(-30.615974782419,1.99,18.5231396787955));
#9595=CARTESIAN_POINT('Ctrl Pts',(-31.2278450712679,1.99,17.4013790720297));
#9596=CARTESIAN_POINT('Ctrl Pts',(-31.2278450712679,1.99,16.0180232160879));
#9597=CARTESIAN_POINT('Ctrl Pts',(-28.8424433454988,2.,20.2567681902243));
#9598=CARTESIAN_POINT('Ctrl Pts',(-28.8424433454988,1.99,20.2567681902243));
#9599=CARTESIAN_POINT('Ctrl Pts',(-30.0041068777559,2.,19.6448990934683));
#9600=CARTESIAN_POINT('Ctrl Pts',(-30.0041068777559,1.99,19.6448990934683));
#9601=CARTESIAN_POINT('Ctrl Pts',(-30.615974782419,2.,18.5231396787955));
#9602=CARTESIAN_POINT('Ctrl Pts',(-30.615974782419,1.99,18.5231396787955));
#9603=CARTESIAN_POINT('',(-28.8424433454988,2.,20.2567681902243));
#9604=CARTESIAN_POINT('Ctrl Pts',(-28.8424433454988,2.,20.2567681902243));
#9605=CARTESIAN_POINT('Ctrl Pts',(-30.0041068777559,2.,19.6448990934683));
#9606=CARTESIAN_POINT('Ctrl Pts',(-30.615974782419,2.,18.5231396787955));
#9607=CARTESIAN_POINT('',(-28.8424433454988,1.99,20.2567681902243));
#9608=CARTESIAN_POINT('',(-28.8424433454988,2.,20.2567681902243));
#9609=CARTESIAN_POINT('Ctrl Pts',(-28.8424433454988,1.99,20.2567681902243));
#9610=CARTESIAN_POINT('Ctrl Pts',(-30.0041068777559,1.99,19.6448990934683));
#9611=CARTESIAN_POINT('Ctrl Pts',(-30.615974782419,1.99,18.5231396787955));
#9612=CARTESIAN_POINT('Ctrl Pts',(-26.4393056616304,2.,20.8686372869803));
#9613=CARTESIAN_POINT('Ctrl Pts',(-26.4393056616304,1.99,20.8686372869803));
#9614=CARTESIAN_POINT('Ctrl Pts',(-27.6807774290559,2.,20.8686372869803));
#9615=CARTESIAN_POINT('Ctrl Pts',(-27.6807774290559,1.99,20.8686372869803));
#9616=CARTESIAN_POINT('Ctrl Pts',(-28.8424433454988,2.,20.2567681902243));
#9617=CARTESIAN_POINT('Ctrl Pts',(-28.8424433454988,1.99,20.2567681902243));
#9618=CARTESIAN_POINT('',(-26.4393056616304,2.,20.8686372869803));
#9619=CARTESIAN_POINT('Ctrl Pts',(-26.4393056616304,2.,20.8686372869803));
#9620=CARTESIAN_POINT('Ctrl Pts',(-27.6807774290559,2.,20.8686372869803));
#9621=CARTESIAN_POINT('Ctrl Pts',(-28.8424433454988,2.,20.2567681902243));
#9622=CARTESIAN_POINT('',(-26.4393056616304,1.99,20.8686372869803));
#9623=CARTESIAN_POINT('',(-26.4393056616304,2.,20.8686372869803));
#9624=CARTESIAN_POINT('Ctrl Pts',(-26.4393056616304,1.99,20.8686372869803));
#9625=CARTESIAN_POINT('Ctrl Pts',(-27.6807774290559,1.99,20.8686372869803));
#9626=CARTESIAN_POINT('Ctrl Pts',(-28.8424433454988,1.99,20.2567681902243));
#9627=CARTESIAN_POINT('Ctrl Pts',(-23.6858929380891,2.,20.2567681902243));
#9628=CARTESIAN_POINT('Ctrl Pts',(-23.6858929380891,1.99,20.2567681902243));
#9629=CARTESIAN_POINT('Ctrl Pts',(-24.8165215239046,2.,20.8686372869803));
#9630=CARTESIAN_POINT('Ctrl Pts',(-24.8165215239046,1.99,20.8686372869803));
#9631=CARTESIAN_POINT('Ctrl Pts',(-26.4393056616304,2.,20.8686372869803));
#9632=CARTESIAN_POINT('Ctrl Pts',(-26.4393056616304,1.99,20.8686372869803));
#9633=CARTESIAN_POINT('Ctrl Pts',(-23.6858929380891,2.,20.2567681902243));
#9634=CARTESIAN_POINT('Ctrl Pts',(-24.8165215239046,2.,20.8686372869803));
#9635=CARTESIAN_POINT('Ctrl Pts',(-26.4393056616304,2.,20.8686372869803));
#9636=CARTESIAN_POINT('Ctrl Pts',(-23.6858929380891,1.99,20.2567681902243));
#9637=CARTESIAN_POINT('Ctrl Pts',(-24.8165215239046,1.99,20.8686372869803));
#9638=CARTESIAN_POINT('Ctrl Pts',(-26.4393056616304,1.99,20.8686372869803));
#9639=CARTESIAN_POINT('Origin',(-36.3311882004259,1.99,0.379894771535505));
#9640=CARTESIAN_POINT('Ctrl Pts',(-41.6739584192751,2.,-17.1337511903452));
#9641=CARTESIAN_POINT('Ctrl Pts',(-41.6739584192751,1.99,-17.1337511903452));
#9642=CARTESIAN_POINT('Ctrl Pts',(-41.6739584192751,2.,-15.2094700700449));
#9643=CARTESIAN_POINT('Ctrl Pts',(-41.6739584192751,1.99,-15.2094700700449));
#9644=CARTESIAN_POINT('Ctrl Pts',(-42.4543131575106,2.,-14.087710655372));
#9645=CARTESIAN_POINT('Ctrl Pts',(-42.4543131575106,1.99,-14.087710655372));
#9646=CARTESIAN_POINT('',(-41.6739584192751,2.,-17.1337511903452));
#9647=CARTESIAN_POINT('',(-42.4543131575106,2.,-14.087710655372));
#9648=CARTESIAN_POINT('Ctrl Pts',(-41.6739584192751,2.,-17.1337511903452));
#9649=CARTESIAN_POINT('Ctrl Pts',(-41.6739584192751,2.,-15.2094700700449));
#9650=CARTESIAN_POINT('Ctrl Pts',(-42.4543131575106,2.,-14.087710655372));
#9651=CARTESIAN_POINT('',(-41.6739584192751,1.99,-17.1337511903452));
#9652=CARTESIAN_POINT('',(-41.6739584192751,2.,-17.1337511903452));
#9653=CARTESIAN_POINT('',(-42.4543131575106,1.99,-14.087710655372));
#9654=CARTESIAN_POINT('Ctrl Pts',(-41.6739584192751,1.99,-17.1337511903452));
#9655=CARTESIAN_POINT('Ctrl Pts',(-41.6739584192751,1.99,-15.2094700700449));
#9656=CARTESIAN_POINT('Ctrl Pts',(-42.4543131575106,1.99,-14.087710655372));
#9657=CARTESIAN_POINT('',(-42.4543131575106,2.,-14.087710655372));
#9658=CARTESIAN_POINT('Ctrl Pts',(-42.6050640329836,2.,-20.3349783784555));
#9659=CARTESIAN_POINT('Ctrl Pts',(-42.6050640329836,1.99,-20.3349783784555));
#9660=CARTESIAN_POINT('Ctrl Pts',(-41.6739584192751,2.,-19.2531206971811));
#9661=CARTESIAN_POINT('Ctrl Pts',(-41.6739584192751,1.99,-19.2531206971811));
#9662=CARTESIAN_POINT('Ctrl Pts',(-41.6739584192751,2.,-17.1337511903452));
#9663=CARTESIAN_POINT('Ctrl Pts',(-41.6739584192751,1.99,-17.1337511903452));
#9664=CARTESIAN_POINT('',(-42.6050640329836,2.,-20.3349783784555));
#9665=CARTESIAN_POINT('Ctrl Pts',(-42.6050640329836,2.,-20.3349783784555));
#9666=CARTESIAN_POINT('Ctrl Pts',(-41.6739584192751,2.,-19.2531206971811));
#9667=CARTESIAN_POINT('Ctrl Pts',(-41.6739584192751,2.,-17.1337511903452));
#9668=CARTESIAN_POINT('',(-42.6050640329836,1.99,-20.3349783784555));
#9669=CARTESIAN_POINT('',(-42.6050640329836,2.,-20.3349783784555));
#9670=CARTESIAN_POINT('Ctrl Pts',(-42.6050640329836,1.99,-20.3349783784555));
#9671=CARTESIAN_POINT('Ctrl Pts',(-41.6739584192751,1.99,-19.2531206971811));
#9672=CARTESIAN_POINT('Ctrl Pts',(-41.6739584192751,1.99,-17.1337511903452));
#9673=CARTESIAN_POINT('Ctrl Pts',(-44.8308480963228,2.,-21.4168360597299));
#9674=CARTESIAN_POINT('Ctrl Pts',(-44.8308480963228,1.99,-21.4168360597299));
#9675=CARTESIAN_POINT('Ctrl Pts',(-43.5361684545992,2.,-21.4168360597299));
#9676=CARTESIAN_POINT('Ctrl Pts',(-43.5361684545992,1.99,-21.4168360597299));
#9677=CARTESIAN_POINT('Ctrl Pts',(-42.6050640329836,2.,-20.3349783784555));
#9678=CARTESIAN_POINT('Ctrl Pts',(-42.6050640329836,1.99,-20.3349783784555));
#9679=CARTESIAN_POINT('',(-44.8308480963228,2.,-21.4168360597299));
#9680=CARTESIAN_POINT('Ctrl Pts',(-44.8308480963228,2.,-21.4168360597299));
#9681=CARTESIAN_POINT('Ctrl Pts',(-43.5361684545992,2.,-21.4168360597299));
#9682=CARTESIAN_POINT('Ctrl Pts',(-42.6050640329836,2.,-20.3349783784555));
#9683=CARTESIAN_POINT('',(-44.8308480963228,1.99,-21.4168360597299));
#9684=CARTESIAN_POINT('',(-44.8308480963228,2.,-21.4168360597299));
#9685=CARTESIAN_POINT('Ctrl Pts',(-44.8308480963228,1.99,-21.4168360597299));
#9686=CARTESIAN_POINT('Ctrl Pts',(-43.5361684545992,1.99,-21.4168360597299));
#9687=CARTESIAN_POINT('Ctrl Pts',(-42.6050640329836,1.99,-20.3349783784555));
#9688=CARTESIAN_POINT('Ctrl Pts',(-46.6841901525972,2.,-20.6364777452158));
#9689=CARTESIAN_POINT('Ctrl Pts',(-46.6841901525972,1.99,-20.6364777452158));
#9690=CARTESIAN_POINT('Ctrl Pts',(-46.0191155657289,2.,-21.4168360597299));
#9691=CARTESIAN_POINT('Ctrl Pts',(-46.0191155657289,1.99,-21.4168360597299));
#9692=CARTESIAN_POINT('Ctrl Pts',(-44.8308480963228,2.,-21.4168360597299));
#9693=CARTESIAN_POINT('Ctrl Pts',(-44.8308480963228,1.99,-21.4168360597299));
#9694=CARTESIAN_POINT('',(-46.6841901525972,2.,-20.6364777452158));
#9695=CARTESIAN_POINT('Ctrl Pts',(-46.6841901525972,2.,-20.6364777452158));
#9696=CARTESIAN_POINT('Ctrl Pts',(-46.0191155657289,2.,-21.4168360597299));
#9697=CARTESIAN_POINT('Ctrl Pts',(-44.8308480963228,2.,-21.4168360597299));
#9698=CARTESIAN_POINT('',(-46.6841901525972,1.99,-20.6364777452158));
#9699=CARTESIAN_POINT('',(-46.6841901525972,2.,-20.6364777452158));
#9700=CARTESIAN_POINT('Ctrl Pts',(-46.6841901525972,1.99,-20.6364777452158));
#9701=CARTESIAN_POINT('Ctrl Pts',(-46.0191155657289,1.99,-21.4168360597299));
#9702=CARTESIAN_POINT('Ctrl Pts',(-44.8308480963228,1.99,-21.4168360597299));
#9703=CARTESIAN_POINT('Ctrl Pts',(-47.7926493868349,2.,-17.8564646608042));
#9704=CARTESIAN_POINT('Ctrl Pts',(-47.7926493868349,1.99,-17.8564646608042));
#9705=CARTESIAN_POINT('Ctrl Pts',(-47.3403991446016,2.,-19.8472550279306));
#9706=CARTESIAN_POINT('Ctrl Pts',(-47.3403991446016,1.99,-19.8472550279306));
#9707=CARTESIAN_POINT('Ctrl Pts',(-46.6841901525972,2.,-20.6364777452158));
#9708=CARTESIAN_POINT('Ctrl Pts',(-46.6841901525972,1.99,-20.6364777452158));
#9709=CARTESIAN_POINT('',(-47.7926493868349,2.,-17.8564646608042));
#9710=CARTESIAN_POINT('Ctrl Pts',(-47.7926493868349,2.,-17.8564646608042));
#9711=CARTESIAN_POINT('Ctrl Pts',(-47.3403991446016,2.,-19.8472550279306));
#9712=CARTESIAN_POINT('Ctrl Pts',(-46.6841901525972,2.,-20.6364777452158));
#9713=CARTESIAN_POINT('',(-47.7926493868349,1.99,-17.8564646608042));
#9714=CARTESIAN_POINT('',(-47.7926493868349,2.,-17.8564646608042));
#9715=CARTESIAN_POINT('Ctrl Pts',(-47.7926493868349,1.99,-17.8564646608042));
#9716=CARTESIAN_POINT('Ctrl Pts',(-47.3403991446016,1.99,-19.8472550279306));
#9717=CARTESIAN_POINT('Ctrl Pts',(-46.6841901525972,1.99,-20.6364777452158));
#9718=CARTESIAN_POINT('Ctrl Pts',(-48.493194697809,2.,-15.5287030107187));
#9719=CARTESIAN_POINT('Ctrl Pts',(-48.493194697809,1.99,-15.5287030107187));
#9720=CARTESIAN_POINT('Ctrl Pts',(-48.2448996290682,2.,-15.8656742936777));
#9721=CARTESIAN_POINT('Ctrl Pts',(-48.2448996290682,1.99,-15.8656742936777));
#9722=CARTESIAN_POINT('Ctrl Pts',(-47.7926493868349,2.,-17.8564646608042));
#9723=CARTESIAN_POINT('Ctrl Pts',(-47.7926493868349,1.99,-17.8564646608042));
#9724=CARTESIAN_POINT('',(-48.493194697809,2.,-15.5287030107187));
#9725=CARTESIAN_POINT('Ctrl Pts',(-48.493194697809,2.,-15.5287030107187));
#9726=CARTESIAN_POINT('Ctrl Pts',(-48.2448996290682,2.,-15.8656742936777));
#9727=CARTESIAN_POINT('Ctrl Pts',(-47.7926493868349,2.,-17.8564646608042));
#9728=CARTESIAN_POINT('',(-48.493194697809,1.99,-15.5287030107187));
#9729=CARTESIAN_POINT('',(-48.493194697809,2.,-15.5287030107187));
#9730=CARTESIAN_POINT('Ctrl Pts',(-48.493194697809,1.99,-15.5287030107187));
#9731=CARTESIAN_POINT('Ctrl Pts',(-48.2448996290682,1.99,-15.8656742936777));
#9732=CARTESIAN_POINT('Ctrl Pts',(-47.7926493868349,1.99,-17.8564646608042));
#9733=CARTESIAN_POINT('Ctrl Pts',(-48.9454461321352,2.,-15.2804091340707));
#9734=CARTESIAN_POINT('Ctrl Pts',(-48.9454461321352,1.99,-15.2804091340707));
#9735=CARTESIAN_POINT('Ctrl Pts',(-48.6794157013414,2.,-15.2804091340708));
#9736=CARTESIAN_POINT('Ctrl Pts',(-48.6794157013414,1.99,-15.2804091340708));
#9737=CARTESIAN_POINT('Ctrl Pts',(-48.493194697809,2.,-15.5287030107187));
#9738=CARTESIAN_POINT('Ctrl Pts',(-48.493194697809,1.99,-15.5287030107187));
#9739=CARTESIAN_POINT('',(-48.9454461321352,2.,-15.2804091340707));
#9740=CARTESIAN_POINT('Ctrl Pts',(-48.9454461321352,2.,-15.2804091340707));
#9741=CARTESIAN_POINT('Ctrl Pts',(-48.6794157013414,2.,-15.2804091340708));
#9742=CARTESIAN_POINT('Ctrl Pts',(-48.493194697809,2.,-15.5287030107187));
#9743=CARTESIAN_POINT('',(-48.9454461321352,1.99,-15.2804091340707));
#9744=CARTESIAN_POINT('',(-48.9454461321352,2.,-15.2804091340707));
#9745=CARTESIAN_POINT('Ctrl Pts',(-48.9454461321352,1.99,-15.2804091340707));
#9746=CARTESIAN_POINT('Ctrl Pts',(-48.6794157013414,1.99,-15.2804091340708));
#9747=CARTESIAN_POINT('Ctrl Pts',(-48.493194697809,1.99,-15.5287030107187));
#9748=CARTESIAN_POINT('Ctrl Pts',(-49.4509030565737,2.,-15.5641749269174));
#9749=CARTESIAN_POINT('Ctrl Pts',(-49.4509030565737,1.99,-15.5641749269174));
#9750=CARTESIAN_POINT('Ctrl Pts',(-49.2558140739916,2.,-15.2804091340707));
#9751=CARTESIAN_POINT('Ctrl Pts',(-49.2558140739916,1.99,-15.2804091340707));
#9752=CARTESIAN_POINT('Ctrl Pts',(-48.9454461321352,2.,-15.2804091340707));
#9753=CARTESIAN_POINT('Ctrl Pts',(-48.9454461321352,1.99,-15.2804091340707));
#9754=CARTESIAN_POINT('',(-49.4509030565737,2.,-15.5641749269174));
#9755=CARTESIAN_POINT('Ctrl Pts',(-49.4509030565737,2.,-15.5641749269174));
#9756=CARTESIAN_POINT('Ctrl Pts',(-49.2558140739916,2.,-15.2804091340707));
#9757=CARTESIAN_POINT('Ctrl Pts',(-48.9454461321352,2.,-15.2804091340707));
#9758=CARTESIAN_POINT('',(-49.4509030565737,1.99,-15.5641749269174));
#9759=CARTESIAN_POINT('',(-49.4509030565737,2.,-15.5641749269174));
#9760=CARTESIAN_POINT('Ctrl Pts',(-49.4509030565737,1.99,-15.5641749269174));
#9761=CARTESIAN_POINT('Ctrl Pts',(-49.2558140739916,1.99,-15.2804091340707));
#9762=CARTESIAN_POINT('Ctrl Pts',(-48.9454461321352,1.99,-15.2804091340707));
#9763=CARTESIAN_POINT('Ctrl Pts',(-49.7258008703707,2.,-16.9741299516367));
#9764=CARTESIAN_POINT('Ctrl Pts',(-49.7258008703707,1.99,-16.9741299516367));
#9765=CARTESIAN_POINT('Ctrl Pts',(-49.7258008703707,2.,-15.9898236161874));
#9766=CARTESIAN_POINT('Ctrl Pts',(-49.7258008703707,1.99,-15.9898236161874));
#9767=CARTESIAN_POINT('Ctrl Pts',(-49.4509030565737,2.,-15.5641749269174));
#9768=CARTESIAN_POINT('Ctrl Pts',(-49.4509030565737,1.99,-15.5641749269174));
#9769=CARTESIAN_POINT('',(-49.7258008703707,2.,-16.9741299516367));
#9770=CARTESIAN_POINT('Ctrl Pts',(-49.7258008703707,2.,-16.9741299516367));
#9771=CARTESIAN_POINT('Ctrl Pts',(-49.7258008703707,2.,-15.9898236161874));
#9772=CARTESIAN_POINT('Ctrl Pts',(-49.4509030565737,2.,-15.5641749269174));
#9773=CARTESIAN_POINT('',(-49.7258008703707,1.99,-16.9741299516367));
#9774=CARTESIAN_POINT('',(-49.7258008703707,2.,-16.9741299516367));
#9775=CARTESIAN_POINT('Ctrl Pts',(-49.7258008703707,1.99,-16.9741299516367));
#9776=CARTESIAN_POINT('Ctrl Pts',(-49.7258008703707,1.99,-15.9898236161874));
#9777=CARTESIAN_POINT('Ctrl Pts',(-49.4509030565737,1.99,-15.5641749269174));
#9778=CARTESIAN_POINT('Ctrl Pts',(-49.4331676945207,2.,-18.1757023698496));
#9779=CARTESIAN_POINT('Ctrl Pts',(-49.4331676945207,1.99,-18.1757023698496));
#9780=CARTESIAN_POINT('Ctrl Pts',(-49.7258008703707,2.,-17.7544882661508));
#9781=CARTESIAN_POINT('Ctrl Pts',(-49.7258008703707,1.99,-17.7544882661508));
#9782=CARTESIAN_POINT('Ctrl Pts',(-49.7258008703707,2.,-16.9741299516367));
#9783=CARTESIAN_POINT('Ctrl Pts',(-49.7258008703707,1.99,-16.9741299516367));
#9784=CARTESIAN_POINT('',(-49.4331676945207,2.,-18.1757023698496));
#9785=CARTESIAN_POINT('Ctrl Pts',(-49.4331676945207,2.,-18.1757023698496));
#9786=CARTESIAN_POINT('Ctrl Pts',(-49.7258008703707,2.,-17.7544882661508));
#9787=CARTESIAN_POINT('Ctrl Pts',(-49.7258008703707,2.,-16.9741299516367));
#9788=CARTESIAN_POINT('',(-49.4331676945207,1.99,-18.1757023698496));
#9789=CARTESIAN_POINT('',(-49.4331676945207,2.,-18.1757023698496));
#9790=CARTESIAN_POINT('Ctrl Pts',(-49.4331676945207,1.99,-18.1757023698496));
#9791=CARTESIAN_POINT('Ctrl Pts',(-49.7258008703707,1.99,-17.7544882661508));
#9792=CARTESIAN_POINT('Ctrl Pts',(-49.7258008703707,1.99,-16.9741299516367));
#9793=CARTESIAN_POINT('Ctrl Pts',(-48.5907394871233,2.,-18.7476637727426));
#9794=CARTESIAN_POINT('Ctrl Pts',(-48.5907394871233,1.99,-18.7476637727426));
#9795=CARTESIAN_POINT('Ctrl Pts',(-49.1405345186708,2.,-18.5969164735483));
#9796=CARTESIAN_POINT('Ctrl Pts',(-49.1405345186708,1.99,-18.5969164735483));
#9797=CARTESIAN_POINT('Ctrl Pts',(-49.4331676945207,2.,-18.1757023698496));
#9798=CARTESIAN_POINT('Ctrl Pts',(-49.4331676945207,1.99,-18.1757023698496));
#9799=CARTESIAN_POINT('',(-48.5907394871233,2.,-18.7476637727426));
#9800=CARTESIAN_POINT('Ctrl Pts',(-48.5907394871233,2.,-18.7476637727426));
#9801=CARTESIAN_POINT('Ctrl Pts',(-49.1405345186708,2.,-18.5969164735483));
#9802=CARTESIAN_POINT('Ctrl Pts',(-49.4331676945207,2.,-18.1757023698496));
#9803=CARTESIAN_POINT('',(-48.5907394871233,1.99,-18.7476637727426));
#9804=CARTESIAN_POINT('',(-48.5907394871233,2.,-18.7476637727426));
#9805=CARTESIAN_POINT('Ctrl Pts',(-48.5907394871233,1.99,-18.7476637727426));
#9806=CARTESIAN_POINT('Ctrl Pts',(-49.1405345186708,1.99,-18.5969164735483));
#9807=CARTESIAN_POINT('Ctrl Pts',(-49.4331676945207,1.99,-18.1757023698496));
#9808=CARTESIAN_POINT('Origin',(-49.0252549633501,2.,-21.0975983506845));
#9809=CARTESIAN_POINT('',(-49.0252549633501,2.,-21.0975983506845));
#9810=CARTESIAN_POINT('',(-46.328829847771,2.,-6.51486663545605));
#9811=CARTESIAN_POINT('',(-49.0252549633501,1.99,-21.0975983506845));
#9812=CARTESIAN_POINT('',(-49.0252549633501,2.,-21.0975983506845));
#9813=CARTESIAN_POINT('',(-49.0252549633501,1.99,-21.0975983506845));
#9814=CARTESIAN_POINT('Ctrl Pts',(-50.8874649986742,2.,-19.8029187089609));
#9815=CARTESIAN_POINT('Ctrl Pts',(-50.8874649986742,1.99,-19.8029187089609));
#9816=CARTESIAN_POINT('Ctrl Pts',(-50.2578605398653,2.,-20.742893493812));
#9817=CARTESIAN_POINT('Ctrl Pts',(-50.2578605398653,1.99,-20.742893493812));
#9818=CARTESIAN_POINT('Ctrl Pts',(-49.0252549633501,2.,-21.0975983506845));
#9819=CARTESIAN_POINT('Ctrl Pts',(-49.0252549633501,1.99,-21.0975983506845));
#9820=CARTESIAN_POINT('',(-50.8874649986742,2.,-19.8029187089609));
#9821=CARTESIAN_POINT('Ctrl Pts',(-50.8874649986742,2.,-19.8029187089609));
#9822=CARTESIAN_POINT('Ctrl Pts',(-50.2578605398653,2.,-20.742893493812));
#9823=CARTESIAN_POINT('Ctrl Pts',(-49.0252549633501,2.,-21.0975983506845));
#9824=CARTESIAN_POINT('',(-50.8874649986742,1.99,-19.8029187089609));
#9825=CARTESIAN_POINT('',(-50.8874649986742,2.,-19.8029187089609));
#9826=CARTESIAN_POINT('Ctrl Pts',(-50.8874649986742,1.99,-19.8029187089609));
#9827=CARTESIAN_POINT('Ctrl Pts',(-50.2578605398653,1.99,-20.742893493812));
#9828=CARTESIAN_POINT('Ctrl Pts',(-49.0252549633501,1.99,-21.0975983506845));
#9829=CARTESIAN_POINT('Ctrl Pts',(-51.5170694574831,2.,-16.9297936326669));
#9830=CARTESIAN_POINT('Ctrl Pts',(-51.5170694574831,1.99,-16.9297936326669));
#9831=CARTESIAN_POINT('Ctrl Pts',(-51.5170694574831,2.,-18.8629439241098));
#9832=CARTESIAN_POINT('Ctrl Pts',(-51.5170694574831,1.99,-18.8629439241098));
#9833=CARTESIAN_POINT('Ctrl Pts',(-50.8874649986742,2.,-19.8029187089609));
#9834=CARTESIAN_POINT('Ctrl Pts',(-50.8874649986742,1.99,-19.8029187089609));
#9835=CARTESIAN_POINT('',(-51.5170694574831,2.,-16.9297936326669));
#9836=CARTESIAN_POINT('Ctrl Pts',(-51.5170694574831,2.,-16.9297936326669));
#9837=CARTESIAN_POINT('Ctrl Pts',(-51.5170694574831,2.,-18.8629439241098));
#9838=CARTESIAN_POINT('Ctrl Pts',(-50.8874649986742,2.,-19.8029187089609));
#9839=CARTESIAN_POINT('',(-51.5170694574831,1.99,-16.9297936326669));
#9840=CARTESIAN_POINT('',(-51.5170694574831,2.,-16.9297936326669));
#9841=CARTESIAN_POINT('Ctrl Pts',(-51.5170694574831,1.99,-16.9297936326669));
#9842=CARTESIAN_POINT('Ctrl Pts',(-51.5170694574831,1.99,-18.8629439241098));
#9843=CARTESIAN_POINT('Ctrl Pts',(-50.8874649986742,1.99,-19.8029187089609));
#9844=CARTESIAN_POINT('Ctrl Pts',(-50.6835086330889,2.,-13.9325240022348));
#9845=CARTESIAN_POINT('Ctrl Pts',(-50.6835086330889,1.99,-13.9325240022348));
#9846=CARTESIAN_POINT('Ctrl Pts',(-51.5170694574831,2.,-14.8990967637705));
#9847=CARTESIAN_POINT('Ctrl Pts',(-51.5170694574831,1.99,-14.8990967637705));
#9848=CARTESIAN_POINT('Ctrl Pts',(-51.5170694574831,2.,-16.9297936326669));
#9849=CARTESIAN_POINT('Ctrl Pts',(-51.5170694574831,1.99,-16.9297936326669));
#9850=CARTESIAN_POINT('',(-50.6835086330889,2.,-13.9325240022348));
#9851=CARTESIAN_POINT('Ctrl Pts',(-50.6835086330889,2.,-13.9325240022348));
#9852=CARTESIAN_POINT('Ctrl Pts',(-51.5170694574831,2.,-14.8990967637705));
#9853=CARTESIAN_POINT('Ctrl Pts',(-51.5170694574831,2.,-16.9297936326669));
#9854=CARTESIAN_POINT('',(-50.6835086330889,1.99,-13.9325240022348));
#9855=CARTESIAN_POINT('',(-50.6835086330889,2.,-13.9325240022348));
#9856=CARTESIAN_POINT('Ctrl Pts',(-50.6835086330889,1.99,-13.9325240022348));
#9857=CARTESIAN_POINT('Ctrl Pts',(-51.5170694574831,1.99,-14.8990967637705));
#9858=CARTESIAN_POINT('Ctrl Pts',(-51.5170694574831,1.99,-16.9297936326669));
#9859=CARTESIAN_POINT('Ctrl Pts',(-48.6262102112291,2.,-12.9659464723276));
#9860=CARTESIAN_POINT('Ctrl Pts',(-48.6262102112291,1.99,-12.9659464723276));
#9861=CARTESIAN_POINT('Ctrl Pts',(-49.8499478086946,2.,-12.9659464723276));
#9862=CARTESIAN_POINT('Ctrl Pts',(-49.8499478086946,1.99,-12.9659464723276));
#9863=CARTESIAN_POINT('Ctrl Pts',(-50.6835086330889,2.,-13.9325240022348));
#9864=CARTESIAN_POINT('Ctrl Pts',(-50.6835086330889,1.99,-13.9325240022348));
#9865=CARTESIAN_POINT('',(-48.6262102112291,2.,-12.9659464723276));
#9866=CARTESIAN_POINT('Ctrl Pts',(-48.6262102112291,2.,-12.9659464723276));
#9867=CARTESIAN_POINT('Ctrl Pts',(-49.8499478086946,2.,-12.9659464723276));
#9868=CARTESIAN_POINT('Ctrl Pts',(-50.6835086330889,2.,-13.9325240022348));
#9869=CARTESIAN_POINT('',(-48.6262102112291,1.99,-12.9659464723276));
#9870=CARTESIAN_POINT('',(-48.6262102112291,2.,-12.9659464723276));
#9871=CARTESIAN_POINT('Ctrl Pts',(-48.6262102112291,1.99,-12.9659464723276));
#9872=CARTESIAN_POINT('Ctrl Pts',(-49.8499478086946,1.99,-12.9659464723276));
#9873=CARTESIAN_POINT('Ctrl Pts',(-50.6835086330889,1.99,-13.9325240022348));
#9874=CARTESIAN_POINT('Ctrl Pts',(-46.5068377241609,2.,-14.0832760698007));
#9875=CARTESIAN_POINT('Ctrl Pts',(-46.5068377241609,1.99,-14.0832760698007));
#9876=CARTESIAN_POINT('Ctrl Pts',(-47.2694576963899,2.,-12.9659464723276));
#9877=CARTESIAN_POINT('Ctrl Pts',(-47.2694576963899,1.99,-12.9659464723276));
#9878=CARTESIAN_POINT('Ctrl Pts',(-48.6262102112291,2.,-12.9659464723276));
#9879=CARTESIAN_POINT('Ctrl Pts',(-48.6262102112291,1.99,-12.9659464723276));
#9880=CARTESIAN_POINT('',(-46.5068377241609,2.,-14.0832760698007));
#9881=CARTESIAN_POINT('Ctrl Pts',(-46.5068377241609,2.,-14.0832760698007));
#9882=CARTESIAN_POINT('Ctrl Pts',(-47.2694576963899,2.,-12.9659464723276));
#9883=CARTESIAN_POINT('Ctrl Pts',(-48.6262102112291,2.,-12.9659464723276));
#9884=CARTESIAN_POINT('',(-46.5068377241609,1.99,-14.0832760698007));
#9885=CARTESIAN_POINT('',(-46.5068377241609,2.,-14.0832760698007));
#9886=CARTESIAN_POINT('Ctrl Pts',(-46.5068377241609,1.99,-14.0832760698007));
#9887=CARTESIAN_POINT('Ctrl Pts',(-47.2694576963899,1.99,-12.9659464723276));
#9888=CARTESIAN_POINT('Ctrl Pts',(-48.6262102112291,1.99,-12.9659464723276));
#9889=CARTESIAN_POINT('Ctrl Pts',(-45.2919663176058,2.,-17.9052355653452));
#9890=CARTESIAN_POINT('Ctrl Pts',(-45.2919663176058,1.99,-17.9052355653452));
#9891=CARTESIAN_POINT('Ctrl Pts',(-45.957042096567,2.,-14.8902323609995));
#9892=CARTESIAN_POINT('Ctrl Pts',(-45.957042096567,1.99,-14.8902323609995));
#9893=CARTESIAN_POINT('Ctrl Pts',(-46.5068377241609,2.,-14.0832760698007));
#9894=CARTESIAN_POINT('Ctrl Pts',(-46.5068377241609,1.99,-14.0832760698007));
#9895=CARTESIAN_POINT('',(-45.2919663176058,2.,-17.9052355653452));
#9896=CARTESIAN_POINT('Ctrl Pts',(-45.2919663176058,2.,-17.9052355653452));
#9897=CARTESIAN_POINT('Ctrl Pts',(-45.957042096567,2.,-14.8902323609995));
#9898=CARTESIAN_POINT('Ctrl Pts',(-46.5068377241609,2.,-14.0832760698007));
#9899=CARTESIAN_POINT('',(-45.2919663176058,1.99,-17.9052355653452));
#9900=CARTESIAN_POINT('',(-45.2919663176058,2.,-17.9052355653452));
#9901=CARTESIAN_POINT('Ctrl Pts',(-45.2919663176058,1.99,-17.9052355653452));
#9902=CARTESIAN_POINT('Ctrl Pts',(-45.957042096567,1.99,-14.8902323609995));
#9903=CARTESIAN_POINT('Ctrl Pts',(-46.5068377241609,1.99,-14.0832760698007));
#9904=CARTESIAN_POINT('Ctrl Pts',(-44.9638630136965,2.,-18.7387993699716));
#9905=CARTESIAN_POINT('Ctrl Pts',(-44.9638630136965,1.99,-18.7387993699716));
#9906=CARTESIAN_POINT('Ctrl Pts',(-45.1412166342256,2.,-18.5525801545786));
#9907=CARTESIAN_POINT('Ctrl Pts',(-45.1412166342256,1.99,-18.5525801545786));
#9908=CARTESIAN_POINT('Ctrl Pts',(-45.2919663176058,2.,-17.9052355653452));
#9909=CARTESIAN_POINT('Ctrl Pts',(-45.2919663176058,1.99,-17.9052355653452));
#9910=CARTESIAN_POINT('',(-44.9638630136965,2.,-18.7387993699716));
#9911=CARTESIAN_POINT('Ctrl Pts',(-44.9638630136965,2.,-18.7387993699716));
#9912=CARTESIAN_POINT('Ctrl Pts',(-45.1412166342256,2.,-18.5525801545786));
#9913=CARTESIAN_POINT('Ctrl Pts',(-45.2919663176058,2.,-17.9052355653452));
#9914=CARTESIAN_POINT('',(-44.9638630136965,1.99,-18.7387993699716));
#9915=CARTESIAN_POINT('',(-44.9638630136965,2.,-18.7387993699716));
#9916=CARTESIAN_POINT('Ctrl Pts',(-44.9638630136965,1.99,-18.7387993699716));
#9917=CARTESIAN_POINT('Ctrl Pts',(-45.1412166342256,1.99,-18.5525801545786));
#9918=CARTESIAN_POINT('Ctrl Pts',(-45.2919663176058,1.99,-17.9052355653452));
#9919=CARTESIAN_POINT('Ctrl Pts',(-44.4938768133638,2.,-18.9161494142221));
#9920=CARTESIAN_POINT('Ctrl Pts',(-44.4938768133638,1.99,-18.9161494142221));
#9921=CARTESIAN_POINT('Ctrl Pts',(-44.7776426062105,2.,-18.9161494142221));
#9922=CARTESIAN_POINT('Ctrl Pts',(-44.7776426062105,1.99,-18.9161494142221));
#9923=CARTESIAN_POINT('Ctrl Pts',(-44.9638630136965,2.,-18.7387993699716));
#9924=CARTESIAN_POINT('Ctrl Pts',(-44.9638630136965,1.99,-18.7387993699716));
#9925=CARTESIAN_POINT('',(-44.4938768133638,2.,-18.9161494142221));
#9926=CARTESIAN_POINT('Ctrl Pts',(-44.4938768133638,2.,-18.9161494142221));
#9927=CARTESIAN_POINT('Ctrl Pts',(-44.7776426062105,2.,-18.9161494142221));
#9928=CARTESIAN_POINT('Ctrl Pts',(-44.9638630136965,2.,-18.7387993699716));
#9929=CARTESIAN_POINT('',(-44.4938768133638,1.99,-18.9161494142221));
#9930=CARTESIAN_POINT('',(-44.4938768133638,2.,-18.9161494142221));
#9931=CARTESIAN_POINT('Ctrl Pts',(-44.4938768133638,1.99,-18.9161494142221));
#9932=CARTESIAN_POINT('Ctrl Pts',(-44.7776426062105,1.99,-18.9161494142221));
#9933=CARTESIAN_POINT('Ctrl Pts',(-44.9638630136965,1.99,-18.7387993699716));
#9934=CARTESIAN_POINT('Ctrl Pts',(-43.8288022264955,2.,-18.5880473024057));
#9935=CARTESIAN_POINT('Ctrl Pts',(-43.8288022264955,1.99,-18.5880473024057));
#9936=CARTESIAN_POINT('Ctrl Pts',(-44.0770961031435,2.,-18.9161494142221));
#9937=CARTESIAN_POINT('Ctrl Pts',(-44.0770961031435,1.99,-18.9161494142221));
#9938=CARTESIAN_POINT('Ctrl Pts',(-44.4938768133638,2.,-18.9161494142221));
#9939=CARTESIAN_POINT('Ctrl Pts',(-44.4938768133638,1.99,-18.9161494142221));
#9940=CARTESIAN_POINT('',(-43.8288022264955,2.,-18.5880473024057));
#9941=CARTESIAN_POINT('Ctrl Pts',(-43.8288022264955,2.,-18.5880473024057));
#9942=CARTESIAN_POINT('Ctrl Pts',(-44.0770961031435,2.,-18.9161494142221));
#9943=CARTESIAN_POINT('Ctrl Pts',(-44.4938768133638,2.,-18.9161494142221));
#9944=CARTESIAN_POINT('',(-43.8288022264955,1.99,-18.5880473024057));
#9945=CARTESIAN_POINT('',(-43.8288022264955,2.,-18.5880473024057));
#9946=CARTESIAN_POINT('Ctrl Pts',(-43.8288022264955,1.99,-18.5880473024057));
#9947=CARTESIAN_POINT('Ctrl Pts',(-44.0770961031435,1.99,-18.9161494142221));
#9948=CARTESIAN_POINT('Ctrl Pts',(-44.4938768133638,1.99,-18.9161494142221));
#9949=CARTESIAN_POINT('Ctrl Pts',(-43.4740949854372,2.,-17.1337511903452));
#9950=CARTESIAN_POINT('Ctrl Pts',(-43.4740949854372,1.99,-17.1337511903452));
#9951=CARTESIAN_POINT('Ctrl Pts',(-43.4740949854372,2.,-18.1003287202524));
#9952=CARTESIAN_POINT('Ctrl Pts',(-43.4740949854372,1.99,-18.1003287202524));
#9953=CARTESIAN_POINT('Ctrl Pts',(-43.8288022264955,2.,-18.5880473024057));
#9954=CARTESIAN_POINT('Ctrl Pts',(-43.8288022264955,1.99,-18.5880473024057));
#9955=CARTESIAN_POINT('',(-43.4740949854372,2.,-17.1337511903452));
#9956=CARTESIAN_POINT('Ctrl Pts',(-43.4740949854372,2.,-17.1337511903452));
#9957=CARTESIAN_POINT('Ctrl Pts',(-43.4740949854372,2.,-18.1003287202524));
#9958=CARTESIAN_POINT('Ctrl Pts',(-43.8288022264955,2.,-18.5880473024057));
#9959=CARTESIAN_POINT('',(-43.4740949854372,1.99,-17.1337511903452));
#9960=CARTESIAN_POINT('',(-43.4740949854372,2.,-17.1337511903452));
#9961=CARTESIAN_POINT('Ctrl Pts',(-43.4740949854372,1.99,-17.1337511903452));
#9962=CARTESIAN_POINT('Ctrl Pts',(-43.4740949854372,1.99,-18.1003287202524));
#9963=CARTESIAN_POINT('Ctrl Pts',(-43.8288022264955,1.99,-18.5880473024057));
#9964=CARTESIAN_POINT('Ctrl Pts',(-43.8509715780733,2.,-15.7681324845957));
#9965=CARTESIAN_POINT('Ctrl Pts',(-43.8509715780733,1.99,-15.7681324845957));
#9966=CARTESIAN_POINT('Ctrl Pts',(-43.4740949854372,2.,-16.255851066749));
#9967=CARTESIAN_POINT('Ctrl Pts',(-43.4740949854372,1.99,-16.255851066749));
#9968=CARTESIAN_POINT('Ctrl Pts',(-43.4740949854372,2.,-17.1337511903452));
#9969=CARTESIAN_POINT('Ctrl Pts',(-43.4740949854372,1.99,-17.1337511903452));
#9970=CARTESIAN_POINT('',(-43.8509715780733,2.,-15.7681324845957));
#9971=CARTESIAN_POINT('Ctrl Pts',(-43.8509715780733,2.,-15.7681324845957));
#9972=CARTESIAN_POINT('Ctrl Pts',(-43.4740949854372,2.,-16.255851066749));
#9973=CARTESIAN_POINT('Ctrl Pts',(-43.4740949854372,2.,-17.1337511903452));
#9974=CARTESIAN_POINT('',(-43.8509715780733,1.99,-15.7681324845957));
#9975=CARTESIAN_POINT('',(-43.8509715780733,2.,-15.7681324845957));
#9976=CARTESIAN_POINT('Ctrl Pts',(-43.8509715780733,1.99,-15.7681324845957));
#9977=CARTESIAN_POINT('Ctrl Pts',(-43.4740949854372,1.99,-16.255851066749));
#9978=CARTESIAN_POINT('Ctrl Pts',(-43.4740949854372,1.99,-17.1337511903452));
#9979=CARTESIAN_POINT('Ctrl Pts',(-44.9549950346468,2.,-15.1207878953623));
#9980=CARTESIAN_POINT('Ctrl Pts',(-44.9549950346468,1.99,-15.1207878953623));
#9981=CARTESIAN_POINT('Ctrl Pts',(-44.2278469786165,2.,-15.2804091340708));
#9982=CARTESIAN_POINT('Ctrl Pts',(-44.2278469786165,1.99,-15.2804091340708));
#9983=CARTESIAN_POINT('Ctrl Pts',(-43.8509715780733,2.,-15.7681324845957));
#9984=CARTESIAN_POINT('Ctrl Pts',(-43.8509715780733,1.99,-15.7681324845957));
#9985=CARTESIAN_POINT('',(-44.9549950346468,2.,-15.1207878953623));
#9986=CARTESIAN_POINT('Ctrl Pts',(-44.9549950346468,2.,-15.1207878953623));
#9987=CARTESIAN_POINT('Ctrl Pts',(-44.2278469786165,2.,-15.2804091340708));
#9988=CARTESIAN_POINT('Ctrl Pts',(-43.8509715780733,2.,-15.7681324845957));
#9989=CARTESIAN_POINT('',(-44.9549950346468,1.99,-15.1207878953623));
#9990=CARTESIAN_POINT('',(-44.9549950346468,2.,-15.1207878953623));
#9991=CARTESIAN_POINT('Ctrl Pts',(-44.9549950346468,1.99,-15.1207878953623));
#9992=CARTESIAN_POINT('Ctrl Pts',(-44.2278469786165,1.99,-15.2804091340708));
#9993=CARTESIAN_POINT('Ctrl Pts',(-43.8509715780733,1.99,-15.7681324845957));
#9994=CARTESIAN_POINT('Origin',(-44.5736862406252,2.,-12.6201107865976));
#9995=CARTESIAN_POINT('',(-44.5736862406252,2.,-12.6201107865976));
#9996=CARTESIAN_POINT('',(-43.1269649258272,2.,-3.13230738054212));
#9997=CARTESIAN_POINT('',(-44.5736862406252,1.99,-12.6201107865976));
#9998=CARTESIAN_POINT('',(-44.5736862406252,2.,-12.6201107865976));
#9999=CARTESIAN_POINT('',(-44.5736862406252,1.99,-12.6201107865976));
#10000=CARTESIAN_POINT('Ctrl Pts',(-42.4543131575106,2.,-14.087710655372));
#10001=CARTESIAN_POINT('Ctrl Pts',(-42.4543131575106,1.99,-14.087710655372));
#10002=CARTESIAN_POINT('Ctrl Pts',(-43.234667895746,2.,-12.9659464723276));
#10003=CARTESIAN_POINT('Ctrl Pts',(-43.234667895746,1.99,-12.9659464723276));
#10004=CARTESIAN_POINT('Ctrl Pts',(-44.5736862406252,2.,-12.6201107865976));
#10005=CARTESIAN_POINT('Ctrl Pts',(-44.5736862406252,1.99,-12.6201107865976));
#10006=CARTESIAN_POINT('Ctrl Pts',(-42.4543131575106,2.,-14.087710655372));
#10007=CARTESIAN_POINT('Ctrl Pts',(-43.234667895746,2.,-12.9659464723276));
#10008=CARTESIAN_POINT('Ctrl Pts',(-44.5736862406252,2.,-12.6201107865976));
#10009=CARTESIAN_POINT('Ctrl Pts',(-42.4543131575106,1.99,-14.087710655372));
#10010=CARTESIAN_POINT('Ctrl Pts',(-43.234667895746,1.99,-12.9659464723276));
#10011=CARTESIAN_POINT('Ctrl Pts',(-44.5736862406252,1.99,-12.6201107865976));
#10012=CARTESIAN_POINT('Origin',(-36.3311882004259,1.99,0.379894771535505));
#10013=CARTESIAN_POINT('Ctrl Pts',(-44.6978331789491,2.,2.59680720504058));
#10014=CARTESIAN_POINT('Ctrl Pts',(-44.6978331789491,1.99,2.59680720504058));
#10015=CARTESIAN_POINT('Ctrl Pts',(-45.0170696959017,2.,2.49926301177275));
#10016=CARTESIAN_POINT('Ctrl Pts',(-45.0170696959017,1.99,2.49926301177275));
#10017=CARTESIAN_POINT('Ctrl Pts',(-45.9127033934114,2.,2.49926301177275));
#10018=CARTESIAN_POINT('Ctrl Pts',(-45.9127033934114,1.99,2.49926301177275));
#10019=CARTESIAN_POINT('',(-44.6978331789491,2.,2.59680720504058));
#10020=CARTESIAN_POINT('',(-45.9127033934114,2.,2.49926301177275));
#10021=CARTESIAN_POINT('Ctrl Pts',(-44.6978331789491,2.,2.59680720504058));
#10022=CARTESIAN_POINT('Ctrl Pts',(-45.0170696959017,2.,2.49926301177275));
#10023=CARTESIAN_POINT('Ctrl Pts',(-45.9127033934114,2.,2.49926301177275));
#10024=CARTESIAN_POINT('',(-44.6978331789491,1.99,2.59680720504058));
#10025=CARTESIAN_POINT('',(-44.6978331789491,2.,2.59680720504058));
#10026=CARTESIAN_POINT('',(-45.9127033934114,1.99,2.49926301177275));
#10027=CARTESIAN_POINT('Ctrl Pts',(-44.6978331789491,1.99,2.59680720504058));
#10028=CARTESIAN_POINT('Ctrl Pts',(-45.0170696959017,1.99,2.49926301177275));
#10029=CARTESIAN_POINT('Ctrl Pts',(-45.9127033934114,1.99,2.49926301177275));
#10030=CARTESIAN_POINT('',(-45.9127033934114,2.,2.49926301177275));
#10031=CARTESIAN_POINT('Ctrl Pts',(-43.8731397375581,2.,3.19094153579008));
#10032=CARTESIAN_POINT('Ctrl Pts',(-43.8731397375581,1.99,3.19094153579008));
#10033=CARTESIAN_POINT('Ctrl Pts',(-44.2101110205171,2.,2.73869010146392));
#10034=CARTESIAN_POINT('Ctrl Pts',(-44.2101110205171,1.99,2.73869010146392));
#10035=CARTESIAN_POINT('Ctrl Pts',(-44.6978331789491,2.,2.59680720504058));
#10036=CARTESIAN_POINT('Ctrl Pts',(-44.6978331789491,1.99,2.59680720504058));
#10037=CARTESIAN_POINT('',(-43.8731397375581,2.,3.19094153579008));
#10038=CARTESIAN_POINT('Ctrl Pts',(-43.8731397375581,2.,3.19094153579008));
#10039=CARTESIAN_POINT('Ctrl Pts',(-44.2101110205171,2.,2.73869010146392));
#10040=CARTESIAN_POINT('Ctrl Pts',(-44.6978331789491,2.,2.59680720504058));
#10041=CARTESIAN_POINT('',(-43.8731397375581,1.99,3.19094153579008));
#10042=CARTESIAN_POINT('',(-43.8731397375581,2.,3.19094153579008));
#10043=CARTESIAN_POINT('Ctrl Pts',(-43.8731397375581,1.99,3.19094153579008));
#10044=CARTESIAN_POINT('Ctrl Pts',(-44.2101110205171,1.99,2.73869010146392));
#10045=CARTESIAN_POINT('Ctrl Pts',(-44.6978331789491,1.99,2.59680720504058));
#10046=CARTESIAN_POINT('Ctrl Pts',(-43.4297562822817,2.,4.47675200637114));
#10047=CARTESIAN_POINT('Ctrl Pts',(-43.4297562822817,1.99,4.47675200637114));
#10048=CARTESIAN_POINT('Ctrl Pts',(-43.4297562822817,2.,3.80280944045317));
#10049=CARTESIAN_POINT('Ctrl Pts',(-43.4297562822817,1.99,3.80280944045317));
#10050=CARTESIAN_POINT('Ctrl Pts',(-43.8731397375581,2.,3.19094153579008));
#10051=CARTESIAN_POINT('Ctrl Pts',(-43.8731397375581,1.99,3.19094153579008));
#10052=CARTESIAN_POINT('',(-43.4297562822817,2.,4.47675200637114));
#10053=CARTESIAN_POINT('Ctrl Pts',(-43.4297562822817,2.,4.47675200637114));
#10054=CARTESIAN_POINT('Ctrl Pts',(-43.4297562822817,2.,3.80280944045317));
#10055=CARTESIAN_POINT('Ctrl Pts',(-43.8731397375581,2.,3.19094153579008));
#10056=CARTESIAN_POINT('',(-43.4297562822817,1.99,4.47675200637114));
#10057=CARTESIAN_POINT('',(-43.4297562822817,2.,4.47675200637114));
#10058=CARTESIAN_POINT('Ctrl Pts',(-43.4297562822817,1.99,4.47675200637114));
#10059=CARTESIAN_POINT('Ctrl Pts',(-43.4297562822817,1.99,3.80280944045317));
#10060=CARTESIAN_POINT('Ctrl Pts',(-43.8731397375581,1.99,3.19094153579008));
#10061=CARTESIAN_POINT('Ctrl Pts',(-43.8110662683962,2.,5.46993228133452));
#10062=CARTESIAN_POINT('Ctrl Pts',(-43.8110662683962,1.99,5.46993228133452));
#10063=CARTESIAN_POINT('Ctrl Pts',(-43.4297562822817,2.,5.07975550826323));
#10064=CARTESIAN_POINT('Ctrl Pts',(-43.4297562822817,1.99,5.07975550826323));
#10065=CARTESIAN_POINT('Ctrl Pts',(-43.4297562822817,2.,4.47675200637114));
#10066=CARTESIAN_POINT('Ctrl Pts',(-43.4297562822817,1.99,4.47675200637114));
#10067=CARTESIAN_POINT('',(-43.8110662683962,2.,5.46993228133452));
#10068=CARTESIAN_POINT('Ctrl Pts',(-43.8110662683962,2.,5.46993228133452));
#10069=CARTESIAN_POINT('Ctrl Pts',(-43.4297562822817,2.,5.07975550826323));
#10070=CARTESIAN_POINT('Ctrl Pts',(-43.4297562822817,2.,4.47675200637114));
#10071=CARTESIAN_POINT('',(-43.8110662683962,1.99,5.46993228133452));
#10072=CARTESIAN_POINT('',(-43.8110662683962,2.,5.46993228133452));
#10073=CARTESIAN_POINT('Ctrl Pts',(-43.8110662683962,1.99,5.46993228133452));
#10074=CARTESIAN_POINT('Ctrl Pts',(-43.4297562822817,1.99,5.07975550826323));
#10075=CARTESIAN_POINT('Ctrl Pts',(-43.4297562822817,1.99,4.47675200637114));
#10076=CARTESIAN_POINT('Ctrl Pts',(-44.7155679449556,2.,5.86010905440581));
#10077=CARTESIAN_POINT('Ctrl Pts',(-44.7155679449556,1.99,5.86010905440581));
#10078=CARTESIAN_POINT('Ctrl Pts',(-44.1923762545107,2.,5.86010905440581));
#10079=CARTESIAN_POINT('Ctrl Pts',(-44.1923762545107,1.99,5.86010905440581));
#10080=CARTESIAN_POINT('Ctrl Pts',(-43.8110662683962,2.,5.46993228133452));
#10081=CARTESIAN_POINT('Ctrl Pts',(-43.8110662683962,1.99,5.46993228133452));
#10082=CARTESIAN_POINT('',(-44.7155679449556,2.,5.86010905440581));
#10083=CARTESIAN_POINT('Ctrl Pts',(-44.7155679449556,2.,5.86010905440581));
#10084=CARTESIAN_POINT('Ctrl Pts',(-44.1923762545107,2.,5.86010905440581));
#10085=CARTESIAN_POINT('Ctrl Pts',(-43.8110662683962,2.,5.46993228133452));
#10086=CARTESIAN_POINT('',(-44.7155679449556,1.99,5.86010905440581));
#10087=CARTESIAN_POINT('',(-44.7155679449556,2.,5.86010905440581));
#10088=CARTESIAN_POINT('Ctrl Pts',(-44.7155679449556,1.99,5.86010905440581));
#10089=CARTESIAN_POINT('Ctrl Pts',(-44.1923762545107,1.99,5.86010905440581));
#10090=CARTESIAN_POINT('Ctrl Pts',(-43.8110662683962,1.99,5.46993228133452));
#10091=CARTESIAN_POINT('Ctrl Pts',(-45.5934680685518,2.,5.3723880880667));
#10092=CARTESIAN_POINT('Ctrl Pts',(-45.5934680685518,1.99,5.3723880880667));
#10093=CARTESIAN_POINT('Ctrl Pts',(-45.2476288065431,2.,5.86010905440581));
#10094=CARTESIAN_POINT('Ctrl Pts',(-45.2476288065431,1.99,5.86010905440581));
#10095=CARTESIAN_POINT('Ctrl Pts',(-44.7155679449556,2.,5.86010905440581));
#10096=CARTESIAN_POINT('Ctrl Pts',(-44.7155679449556,1.99,5.86010905440581));
#10097=CARTESIAN_POINT('',(-45.5934680685518,2.,5.3723880880667));
#10098=CARTESIAN_POINT('Ctrl Pts',(-45.5934680685518,2.,5.3723880880667));
#10099=CARTESIAN_POINT('Ctrl Pts',(-45.2476288065431,2.,5.86010905440581));
#10100=CARTESIAN_POINT('Ctrl Pts',(-44.7155679449556,2.,5.86010905440581));
#10101=CARTESIAN_POINT('',(-45.5934680685518,1.99,5.3723880880667));
#10102=CARTESIAN_POINT('',(-45.5934680685518,2.,5.3723880880667));
#10103=CARTESIAN_POINT('Ctrl Pts',(-45.5934680685518,1.99,5.3723880880667));
#10104=CARTESIAN_POINT('Ctrl Pts',(-45.2476288065431,1.99,5.86010905440581));
#10105=CARTESIAN_POINT('Ctrl Pts',(-44.7155679449556,1.99,5.86010905440581));
#10106=CARTESIAN_POINT('Ctrl Pts',(-46.0279835447786,2.,4.01563616927398));
#10107=CARTESIAN_POINT('Ctrl Pts',(-46.0279835447786,1.99,4.01563616927398));
#10108=CARTESIAN_POINT('Ctrl Pts',(-45.8062912210939,2.,5.05315276320708));
#10109=CARTESIAN_POINT('Ctrl Pts',(-45.8062912210939,1.99,5.05315276320708));
#10110=CARTESIAN_POINT('Ctrl Pts',(-45.5934680685518,2.,5.3723880880667));
#10111=CARTESIAN_POINT('Ctrl Pts',(-45.5934680685518,1.99,5.3723880880667));
#10112=CARTESIAN_POINT('',(-46.0279835447786,2.,4.01563616927398));
#10113=CARTESIAN_POINT('Ctrl Pts',(-46.0279835447786,2.,4.01563616927398));
#10114=CARTESIAN_POINT('Ctrl Pts',(-45.8062912210939,2.,5.05315276320708));
#10115=CARTESIAN_POINT('Ctrl Pts',(-45.5934680685518,2.,5.3723880880667));
#10116=CARTESIAN_POINT('',(-46.0279835447786,1.99,4.01563616927398));
#10117=CARTESIAN_POINT('',(-46.0279835447786,2.,4.01563616927398));
#10118=CARTESIAN_POINT('Ctrl Pts',(-46.0279835447786,1.99,4.01563616927398));
#10119=CARTESIAN_POINT('Ctrl Pts',(-45.8062912210939,1.99,5.05315276320708));
#10120=CARTESIAN_POINT('Ctrl Pts',(-45.5934680685518,1.99,5.3723880880667));
#10121=CARTESIAN_POINT('Ctrl Pts',(-46.4092935308931,2.,2.49926301177275));
#10122=CARTESIAN_POINT('Ctrl Pts',(-46.4092935308931,1.99,2.49926301177275));
#10123=CARTESIAN_POINT('Ctrl Pts',(-46.2496746763704,2.,2.97811719115508));
#10124=CARTESIAN_POINT('Ctrl Pts',(-46.2496746763704,1.99,2.97811719115508));
#10125=CARTESIAN_POINT('Ctrl Pts',(-46.0279835447786,2.,4.01563616927398));
#10126=CARTESIAN_POINT('Ctrl Pts',(-46.0279835447786,1.99,4.01563616927398));
#10127=CARTESIAN_POINT('',(-46.4092935308931,2.,2.49926301177275));
#10128=CARTESIAN_POINT('Ctrl Pts',(-46.4092935308931,2.,2.49926301177275));
#10129=CARTESIAN_POINT('Ctrl Pts',(-46.2496746763704,2.,2.97811719115508));
#10130=CARTESIAN_POINT('Ctrl Pts',(-46.0279835447786,2.,4.01563616927398));
#10131=CARTESIAN_POINT('',(-46.4092935308931,1.99,2.49926301177275));
#10132=CARTESIAN_POINT('',(-46.4092935308931,2.,2.49926301177275));
#10133=CARTESIAN_POINT('Ctrl Pts',(-46.4092935308931,1.99,2.49926301177275));
#10134=CARTESIAN_POINT('Ctrl Pts',(-46.2496746763704,1.99,2.97811719115508));
#10135=CARTESIAN_POINT('Ctrl Pts',(-46.0279835447786,1.99,4.01563616927398));
#10136=CARTESIAN_POINT('Origin',(-45.9127033934114,2.,2.49926301177275));
#10137=CARTESIAN_POINT('',(-22.9563516967043,2.,2.49926301177274));
#10138=CARTESIAN_POINT('',(-45.9127033934114,1.99,2.49926301177275));
#10139=CARTESIAN_POINT('Ctrl Pts',(-49.6105213150499,2.,4.19298859771025));
#10140=CARTESIAN_POINT('Ctrl Pts',(-49.6105213150499,1.99,4.19298859771025));
#10141=CARTESIAN_POINT('Ctrl Pts',(-49.6105213150499,2.,4.85806437667144));
#10142=CARTESIAN_POINT('Ctrl Pts',(-49.6105213150499,1.99,4.85806437667144));
#10143=CARTESIAN_POINT('Ctrl Pts',(-49.348924873781,2.,5.23050519164336));
#10144=CARTESIAN_POINT('Ctrl Pts',(-49.348924873781,1.99,5.23050519164336));
#10145=CARTESIAN_POINT('',(-49.6105213150499,2.,4.19298859771025));
#10146=CARTESIAN_POINT('',(-49.348924873781,2.,5.23050519164336));
#10147=CARTESIAN_POINT('Ctrl Pts',(-49.6105213150499,2.,4.19298859771025));
#10148=CARTESIAN_POINT('Ctrl Pts',(-49.6105213150499,2.,4.85806437667144));
#10149=CARTESIAN_POINT('Ctrl Pts',(-49.348924873781,2.,5.23050519164336));
#10150=CARTESIAN_POINT('',(-49.6105213150499,1.99,4.19298859771025));
#10151=CARTESIAN_POINT('',(-49.6105213150499,2.,4.19298859771025));
#10152=CARTESIAN_POINT('',(-49.348924873781,1.99,5.23050519164336));
#10153=CARTESIAN_POINT('Ctrl Pts',(-49.6105213150499,1.99,4.19298859771025));
#10154=CARTESIAN_POINT('Ctrl Pts',(-49.6105213150499,1.99,4.85806437667144));
#10155=CARTESIAN_POINT('Ctrl Pts',(-49.348924873781,1.99,5.23050519164336));
#10156=CARTESIAN_POINT('',(-49.348924873781,2.,5.23050519164336));
#10157=CARTESIAN_POINT('Ctrl Pts',(-49.3045867666719,2.,2.8539702528311));
#10158=CARTESIAN_POINT('Ctrl Pts',(-49.3045867666719,1.99,2.8539702528311));
#10159=CARTESIAN_POINT('Ctrl Pts',(-49.6105213150499,2.,3.20867749388945));
#10160=CARTESIAN_POINT('Ctrl Pts',(-49.6105213150499,1.99,3.20867749388945));
#10161=CARTESIAN_POINT('Ctrl Pts',(-49.6105213150499,2.,4.19298859771025));
#10162=CARTESIAN_POINT('Ctrl Pts',(-49.6105213150499,1.99,4.19298859771025));
#10163=CARTESIAN_POINT('',(-49.3045867666719,2.,2.8539702528311));
#10164=CARTESIAN_POINT('Ctrl Pts',(-49.3045867666719,2.,2.8539702528311));
#10165=CARTESIAN_POINT('Ctrl Pts',(-49.6105213150499,2.,3.20867749388945));
#10166=CARTESIAN_POINT('Ctrl Pts',(-49.6105213150499,2.,4.19298859771025));
#10167=CARTESIAN_POINT('',(-49.3045867666719,1.99,2.8539702528311));
#10168=CARTESIAN_POINT('',(-49.3045867666719,2.,2.8539702528311));
#10169=CARTESIAN_POINT('Ctrl Pts',(-49.3045867666719,1.99,2.8539702528311));
#10170=CARTESIAN_POINT('Ctrl Pts',(-49.6105213150499,1.99,3.20867749388945));
#10171=CARTESIAN_POINT('Ctrl Pts',(-49.6105213150499,1.99,4.19298859771025));
#10172=CARTESIAN_POINT('Ctrl Pts',(-48.2803715452669,2.,2.49926301177275));
#10173=CARTESIAN_POINT('Ctrl Pts',(-48.2803715452669,1.99,2.49926301177275));
#10174=CARTESIAN_POINT('Ctrl Pts',(-48.9986522182939,2.,2.49926301177275));
#10175=CARTESIAN_POINT('Ctrl Pts',(-48.9986522182939,1.99,2.49926301177275));
#10176=CARTESIAN_POINT('Ctrl Pts',(-49.3045867666719,2.,2.8539702528311));
#10177=CARTESIAN_POINT('Ctrl Pts',(-49.3045867666719,1.99,2.8539702528311));
#10178=CARTESIAN_POINT('',(-48.2803715452669,2.,2.49926301177275));
#10179=CARTESIAN_POINT('Ctrl Pts',(-48.2803715452669,2.,2.49926301177275));
#10180=CARTESIAN_POINT('Ctrl Pts',(-48.9986522182939,2.,2.49926301177275));
#10181=CARTESIAN_POINT('Ctrl Pts',(-49.3045867666719,2.,2.8539702528311));
#10182=CARTESIAN_POINT('',(-48.2803715452669,1.99,2.49926301177275));
#10183=CARTESIAN_POINT('',(-48.2803715452669,2.,2.49926301177275));
#10184=CARTESIAN_POINT('Ctrl Pts',(-48.2803715452669,1.99,2.49926301177275));
#10185=CARTESIAN_POINT('Ctrl Pts',(-48.9986522182939,1.99,2.49926301177275));
#10186=CARTESIAN_POINT('Ctrl Pts',(-49.3045867666719,1.99,2.8539702528311));
#10187=CARTESIAN_POINT('Origin',(-48.032076476526,2.,2.49926301177275));
#10188=CARTESIAN_POINT('',(-48.032076476526,2.,2.49926301177275));
#10189=CARTESIAN_POINT('',(-24.0160382382616,2.,2.49926301177275));
#10190=CARTESIAN_POINT('',(-48.032076476526,1.99,2.49926301177275));
#10191=CARTESIAN_POINT('',(-48.032076476526,2.,2.49926301177275));
#10192=CARTESIAN_POINT('',(-48.032076476526,1.99,2.49926301177275));
#10193=CARTESIAN_POINT('Ctrl Pts',(-47.4202073797701,2.,4.92013665374053));
#10194=CARTESIAN_POINT('Ctrl Pts',(-47.4202073797701,1.99,4.92013665374053));
#10195=CARTESIAN_POINT('Ctrl Pts',(-47.7483106836794,2.,3.17320796187651));
#10196=CARTESIAN_POINT('Ctrl Pts',(-47.7483106836794,1.99,3.17320796187651));
#10197=CARTESIAN_POINT('Ctrl Pts',(-48.032076476526,2.,2.49926301177275));
#10198=CARTESIAN_POINT('Ctrl Pts',(-48.032076476526,1.99,2.49926301177275));
#10199=CARTESIAN_POINT('',(-47.4202073797701,2.,4.92013665374053));
#10200=CARTESIAN_POINT('Ctrl Pts',(-47.4202073797701,2.,4.92013665374053));
#10201=CARTESIAN_POINT('Ctrl Pts',(-47.7483106836794,2.,3.17320796187651));
#10202=CARTESIAN_POINT('Ctrl Pts',(-48.032076476526,2.,2.49926301177275));
#10203=CARTESIAN_POINT('',(-47.4202073797701,1.99,4.92013665374053));
#10204=CARTESIAN_POINT('',(-47.4202073797701,2.,4.92013665374053));
#10205=CARTESIAN_POINT('Ctrl Pts',(-47.4202073797701,1.99,4.92013665374053));
#10206=CARTESIAN_POINT('Ctrl Pts',(-47.7483106836794,1.99,3.17320796187651));
#10207=CARTESIAN_POINT('Ctrl Pts',(-48.032076476526,1.99,2.49926301177275));
#10208=CARTESIAN_POINT('Ctrl Pts',(-46.8393744215486,2.,6.90206023391021));
#10209=CARTESIAN_POINT('Ctrl Pts',(-46.8393744215486,1.99,6.90206023391021));
#10210=CARTESIAN_POINT('Ctrl Pts',(-47.1719123110292,2.,6.21481629546416));
#10211=CARTESIAN_POINT('Ctrl Pts',(-47.1719123110292,1.99,6.21481629546416));
#10212=CARTESIAN_POINT('Ctrl Pts',(-47.4202073797701,2.,4.92013665374053));
#10213=CARTESIAN_POINT('Ctrl Pts',(-47.4202073797701,1.99,4.92013665374053));
#10214=CARTESIAN_POINT('',(-46.8393744215486,2.,6.90206023391021));
#10215=CARTESIAN_POINT('Ctrl Pts',(-46.8393744215486,2.,6.90206023391021));
#10216=CARTESIAN_POINT('Ctrl Pts',(-47.1719123110292,2.,6.21481629546416));
#10217=CARTESIAN_POINT('Ctrl Pts',(-47.4202073797701,2.,4.92013665374053));
#10218=CARTESIAN_POINT('',(-46.8393744215486,1.99,6.90206023391021));
#10219=CARTESIAN_POINT('',(-46.8393744215486,2.,6.90206023391021));
#10220=CARTESIAN_POINT('Ctrl Pts',(-46.8393744215486,1.99,6.90206023391021));
#10221=CARTESIAN_POINT('Ctrl Pts',(-47.1719123110292,1.99,6.21481629546416));
#10222=CARTESIAN_POINT('Ctrl Pts',(-47.4202073797701,1.99,4.92013665374053));
#10223=CARTESIAN_POINT('Ctrl Pts',(-45.881666062784,2.,7.97061415847075));
#10224=CARTESIAN_POINT('Ctrl Pts',(-45.881666062784,1.99,7.97061415847075));
#10225=CARTESIAN_POINT('Ctrl Pts',(-46.5068377241609,2.,7.58930417235625));
#10226=CARTESIAN_POINT('Ctrl Pts',(-46.5068377241609,1.99,7.58930417235625));
#10227=CARTESIAN_POINT('Ctrl Pts',(-46.8393744215486,2.,6.90206023391021));
#10228=CARTESIAN_POINT('Ctrl Pts',(-46.8393744215486,1.99,6.90206023391021));
#10229=CARTESIAN_POINT('',(-45.881666062784,2.,7.97061415847075));
#10230=CARTESIAN_POINT('Ctrl Pts',(-45.881666062784,2.,7.97061415847075));
#10231=CARTESIAN_POINT('Ctrl Pts',(-46.5068377241609,2.,7.58930417235625));
#10232=CARTESIAN_POINT('Ctrl Pts',(-46.8393744215486,2.,6.90206023391021));
#10233=CARTESIAN_POINT('',(-45.881666062784,1.99,7.97061415847075));
#10234=CARTESIAN_POINT('',(-45.881666062784,2.,7.97061415847075));
#10235=CARTESIAN_POINT('Ctrl Pts',(-45.881666062784,1.99,7.97061415847075));
#10236=CARTESIAN_POINT('Ctrl Pts',(-46.5068377241609,1.99,7.58930417235625));
#10237=CARTESIAN_POINT('Ctrl Pts',(-46.8393744215486,1.99,6.90206023391021));
#10238=CARTESIAN_POINT('Ctrl Pts',(-44.458406089258,2.,8.35192414458525));
#10239=CARTESIAN_POINT('Ctrl Pts',(-44.458406089258,1.99,8.35192414458525));
#10240=CARTESIAN_POINT('Ctrl Pts',(-45.2564967855928,2.,8.35192414458525));
#10241=CARTESIAN_POINT('Ctrl Pts',(-45.2564967855928,1.99,8.35192414458525));
#10242=CARTESIAN_POINT('Ctrl Pts',(-45.881666062784,2.,7.97061415847075));
#10243=CARTESIAN_POINT('Ctrl Pts',(-45.881666062784,1.99,7.97061415847075));
#10244=CARTESIAN_POINT('',(-44.458406089258,2.,8.35192414458525));
#10245=CARTESIAN_POINT('Ctrl Pts',(-44.458406089258,2.,8.35192414458525));
#10246=CARTESIAN_POINT('Ctrl Pts',(-45.2564967855928,2.,8.35192414458525));
#10247=CARTESIAN_POINT('Ctrl Pts',(-45.881666062784,2.,7.97061415847075));
#10248=CARTESIAN_POINT('',(-44.458406089258,1.99,8.35192414458525));
#10249=CARTESIAN_POINT('',(-44.458406089258,2.,8.35192414458525));
#10250=CARTESIAN_POINT('Ctrl Pts',(-44.458406089258,1.99,8.35192414458525));
#10251=CARTESIAN_POINT('Ctrl Pts',(-45.2564967855928,1.99,8.35192414458525));
#10252=CARTESIAN_POINT('Ctrl Pts',(-45.881666062784,1.99,7.97061415847075));
#10253=CARTESIAN_POINT('Ctrl Pts',(-42.4631811365602,2.,7.51392813857329));
#10254=CARTESIAN_POINT('Ctrl Pts',(-42.4631811365602,1.99,7.51392813857329));
#10255=CARTESIAN_POINT('Ctrl Pts',(-43.2524038538454,2.,8.35192414458525));
#10256=CARTESIAN_POINT('Ctrl Pts',(-43.2524038538454,1.99,8.35192414458525));
#10257=CARTESIAN_POINT('Ctrl Pts',(-44.458406089258,2.,8.35192414458525));
#10258=CARTESIAN_POINT('Ctrl Pts',(-44.458406089258,1.99,8.35192414458525));
#10259=CARTESIAN_POINT('',(-42.4631811365602,2.,7.51392813857329));
#10260=CARTESIAN_POINT('Ctrl Pts',(-42.4631811365602,2.,7.51392813857329));
#10261=CARTESIAN_POINT('Ctrl Pts',(-43.2524038538454,2.,8.35192414458525));
#10262=CARTESIAN_POINT('Ctrl Pts',(-44.458406089258,2.,8.35192414458525));
#10263=CARTESIAN_POINT('',(-42.4631811365602,1.99,7.51392813857329));
#10264=CARTESIAN_POINT('',(-42.4631811365602,2.,7.51392813857329));
#10265=CARTESIAN_POINT('Ctrl Pts',(-42.4631811365602,1.99,7.51392813857329));
#10266=CARTESIAN_POINT('Ctrl Pts',(-43.2524038538454,1.99,8.35192414458525));
#10267=CARTESIAN_POINT('Ctrl Pts',(-44.458406089258,1.99,8.35192414458525));
#10268=CARTESIAN_POINT('Ctrl Pts',(-41.6739584192751,2.,5.22163840468657));
#10269=CARTESIAN_POINT('Ctrl Pts',(-41.6739584192751,1.99,5.22163840468657));
#10270=CARTESIAN_POINT('Ctrl Pts',(-41.6739584192751,2.,6.67593451674712));
#10271=CARTESIAN_POINT('Ctrl Pts',(-41.6739584192751,1.99,6.67593451674712));
#10272=CARTESIAN_POINT('Ctrl Pts',(-42.4631811365602,2.,7.51392813857329));
#10273=CARTESIAN_POINT('Ctrl Pts',(-42.4631811365602,1.99,7.51392813857329));
#10274=CARTESIAN_POINT('',(-41.6739584192751,2.,5.22163840468657));
#10275=CARTESIAN_POINT('Ctrl Pts',(-41.6739584192751,2.,5.22163840468657));
#10276=CARTESIAN_POINT('Ctrl Pts',(-41.6739584192751,2.,6.67593451674712));
#10277=CARTESIAN_POINT('Ctrl Pts',(-42.4631811365602,2.,7.51392813857329));
#10278=CARTESIAN_POINT('',(-41.6739584192751,1.99,5.22163840468657));
#10279=CARTESIAN_POINT('',(-41.6739584192751,2.,5.22163840468657));
#10280=CARTESIAN_POINT('Ctrl Pts',(-41.6739584192751,1.99,5.22163840468657));
#10281=CARTESIAN_POINT('Ctrl Pts',(-41.6739584192751,1.99,6.67593451674712));
#10282=CARTESIAN_POINT('Ctrl Pts',(-42.4631811365602,1.99,7.51392813857329));
#10283=CARTESIAN_POINT('Ctrl Pts',(-41.9843269571779,2.,3.66979571517241));
#10284=CARTESIAN_POINT('Ctrl Pts',(-41.9843269571779,1.99,3.66979571517241));
#10285=CARTESIAN_POINT('Ctrl Pts',(-41.6739584192751,2.,4.39694377120268));
#10286=CARTESIAN_POINT('Ctrl Pts',(-41.6739584192751,1.99,4.39694377120268));
#10287=CARTESIAN_POINT('Ctrl Pts',(-41.6739584192751,2.,5.22163840468657));
#10288=CARTESIAN_POINT('Ctrl Pts',(-41.6739584192751,1.99,5.22163840468657));
#10289=CARTESIAN_POINT('',(-41.9843269571779,2.,3.66979571517241));
#10290=CARTESIAN_POINT('Ctrl Pts',(-41.9843269571779,2.,3.66979571517241));
#10291=CARTESIAN_POINT('Ctrl Pts',(-41.6739584192751,2.,4.39694377120268));
#10292=CARTESIAN_POINT('Ctrl Pts',(-41.6739584192751,2.,5.22163840468657));
#10293=CARTESIAN_POINT('',(-41.9843269571779,1.99,3.66979571517241));
#10294=CARTESIAN_POINT('',(-41.9843269571779,2.,3.66979571517241));
#10295=CARTESIAN_POINT('Ctrl Pts',(-41.9843269571779,1.99,3.66979571517241));
#10296=CARTESIAN_POINT('Ctrl Pts',(-41.6739584192751,1.99,4.39694377120268));
#10297=CARTESIAN_POINT('Ctrl Pts',(-41.6739584192751,1.99,5.22163840468657));
#10298=CARTESIAN_POINT('Ctrl Pts',(-42.9154325708864,2.,2.30417462523711));
#10299=CARTESIAN_POINT('Ctrl Pts',(-42.9154325708864,1.99,2.30417462523711));
#10300=CARTESIAN_POINT('Ctrl Pts',(-42.2946954950807,2.,2.94264765914213));
#10301=CARTESIAN_POINT('Ctrl Pts',(-42.2946954950807,1.99,2.94264765914213));
#10302=CARTESIAN_POINT('Ctrl Pts',(-41.9843269571779,2.,3.66979571517241));
#10303=CARTESIAN_POINT('Ctrl Pts',(-41.9843269571779,1.99,3.66979571517241));
#10304=CARTESIAN_POINT('',(-42.9154325708864,2.,2.30417462523711));
#10305=CARTESIAN_POINT('Ctrl Pts',(-42.9154325708864,2.,2.30417462523711));
#10306=CARTESIAN_POINT('Ctrl Pts',(-42.2946954950807,2.,2.94264765914213));
#10307=CARTESIAN_POINT('Ctrl Pts',(-41.9843269571779,2.,3.66979571517241));
#10308=CARTESIAN_POINT('',(-42.9154325708864,1.99,2.30417462523711));
#10309=CARTESIAN_POINT('',(-42.9154325708864,2.,2.30417462523711));
#10310=CARTESIAN_POINT('Ctrl Pts',(-42.9154325708864,1.99,2.30417462523711));
#10311=CARTESIAN_POINT('Ctrl Pts',(-42.2946954950807,1.99,2.94264765914213));
#10312=CARTESIAN_POINT('Ctrl Pts',(-41.9843269571779,1.99,3.66979571517241));
#10313=CARTESIAN_POINT('Ctrl Pts',(-42.62279879899,2.,2.21549960311186));
#10314=CARTESIAN_POINT('Ctrl Pts',(-42.62279879899,1.99,2.21549960311186));
#10315=CARTESIAN_POINT('Ctrl Pts',(-42.8444911226747,2.,2.27757188018095));
#10316=CARTESIAN_POINT('Ctrl Pts',(-42.8444911226747,1.99,2.27757188018095));
#10317=CARTESIAN_POINT('Ctrl Pts',(-42.9154325708864,2.,2.30417462523711));
#10318=CARTESIAN_POINT('Ctrl Pts',(-42.9154325708864,1.99,2.30417462523711));
#10319=CARTESIAN_POINT('',(-42.62279879899,2.,2.21549960311186));
#10320=CARTESIAN_POINT('Ctrl Pts',(-42.62279879899,2.,2.21549960311186));
#10321=CARTESIAN_POINT('Ctrl Pts',(-42.8444911226747,2.,2.27757188018095));
#10322=CARTESIAN_POINT('Ctrl Pts',(-42.9154325708864,2.,2.30417462523711));
#10323=CARTESIAN_POINT('',(-42.62279879899,1.99,2.21549960311186));
#10324=CARTESIAN_POINT('',(-42.62279879899,2.,2.21549960311186));
#10325=CARTESIAN_POINT('Ctrl Pts',(-42.62279879899,1.99,2.21549960311186));
#10326=CARTESIAN_POINT('Ctrl Pts',(-42.8444911226747,1.99,2.27757188018095));
#10327=CARTESIAN_POINT('Ctrl Pts',(-42.9154325708864,1.99,2.30417462523711));
#10328=CARTESIAN_POINT('Ctrl Pts',(-41.8867827639101,2.,1.97607012923491));
#10329=CARTESIAN_POINT('Ctrl Pts',(-41.8867827639101,1.99,1.97607012923491));
#10330=CARTESIAN_POINT('Ctrl Pts',(-42.1350778326509,2.,2.07361670668852));
#10331=CARTESIAN_POINT('Ctrl Pts',(-42.1350778326509,1.99,2.07361670668852));
#10332=CARTESIAN_POINT('Ctrl Pts',(-42.62279879899,2.,2.21549960311186));
#10333=CARTESIAN_POINT('Ctrl Pts',(-42.62279879899,1.99,2.21549960311186));
#10334=CARTESIAN_POINT('',(-41.8867827639101,2.,1.97607012923491));
#10335=CARTESIAN_POINT('Ctrl Pts',(-41.8867827639101,2.,1.97607012923491));
#10336=CARTESIAN_POINT('Ctrl Pts',(-42.1350778326509,2.,2.07361670668852));
#10337=CARTESIAN_POINT('Ctrl Pts',(-42.62279879899,2.,2.21549960311186));
#10338=CARTESIAN_POINT('',(-41.8867827639101,1.99,1.97607012923491));
#10339=CARTESIAN_POINT('',(-41.8867827639101,2.,1.97607012923491));
#10340=CARTESIAN_POINT('Ctrl Pts',(-41.8867827639101,1.99,1.97607012923491));
#10341=CARTESIAN_POINT('Ctrl Pts',(-42.1350778326509,1.99,2.07361670668852));
#10342=CARTESIAN_POINT('Ctrl Pts',(-42.62279879899,1.99,2.21549960311186));
#10343=CARTESIAN_POINT('Origin',(-41.8867827639101,2.,-0.489139831702592));
#10344=CARTESIAN_POINT('',(-41.8867827639101,2.,-0.489139831702592));
#10345=CARTESIAN_POINT('',(-41.8867827639101,2.,-0.244569915851984));
#10346=CARTESIAN_POINT('',(-41.8867827639101,1.99,-0.489139831702592));
#10347=CARTESIAN_POINT('',(-41.8867827639101,2.,-0.489139831702592));
#10348=CARTESIAN_POINT('',(-41.8867827639101,1.99,-0.489139831702592));
#10349=CARTESIAN_POINT('Ctrl Pts',(-43.1504250750063,2.,-0.0413229829477091));
#10350=CARTESIAN_POINT('Ctrl Pts',(-43.1504250750063,1.99,-0.0413229829477091));
#10351=CARTESIAN_POINT('Ctrl Pts',(-42.5607253298281,2.,-0.161037719886186));
#10352=CARTESIAN_POINT('Ctrl Pts',(-42.5607253298281,1.99,-0.161037719886186));
#10353=CARTESIAN_POINT('Ctrl Pts',(-41.8867827639101,2.,-0.489139831702592));
#10354=CARTESIAN_POINT('Ctrl Pts',(-41.8867827639101,1.99,-0.489139831702592));
#10355=CARTESIAN_POINT('',(-43.1504250750063,2.,-0.0413229829477091));
#10356=CARTESIAN_POINT('Ctrl Pts',(-43.1504250750063,2.,-0.0413229829477091));
#10357=CARTESIAN_POINT('Ctrl Pts',(-42.5607253298281,2.,-0.161037719886186));
#10358=CARTESIAN_POINT('Ctrl Pts',(-41.8867827639101,2.,-0.489139831702592));
#10359=CARTESIAN_POINT('',(-43.1504250750063,1.99,-0.0413229829477091));
#10360=CARTESIAN_POINT('',(-43.1504250750063,2.,-0.0413229829477091));
#10361=CARTESIAN_POINT('Ctrl Pts',(-43.1504250750063,1.99,-0.0413229829477091));
#10362=CARTESIAN_POINT('Ctrl Pts',(-42.5607253298281,1.99,-0.161037719886186));
#10363=CARTESIAN_POINT('Ctrl Pts',(-41.8867827639101,1.99,-0.489139831702592));
#10364=CARTESIAN_POINT('Ctrl Pts',(-44.9815989717958,2.,0.0783917539907719));
#10365=CARTESIAN_POINT('Ctrl Pts',(-44.9815989717958,1.99,0.0783917539907719));
#10366=CARTESIAN_POINT('Ctrl Pts',(-43.7401248201845,2.,0.0783917539907675));
#10367=CARTESIAN_POINT('Ctrl Pts',(-43.7401248201845,1.99,0.0783917539907675));
#10368=CARTESIAN_POINT('Ctrl Pts',(-43.1504250750063,2.,-0.0413229829477091));
#10369=CARTESIAN_POINT('Ctrl Pts',(-43.1504250750063,1.99,-0.0413229829477091));
#10370=CARTESIAN_POINT('',(-44.9815989717958,2.,0.0783917539907706));
#10371=CARTESIAN_POINT('Ctrl Pts',(-44.9815989717958,2.,0.0783917539907719));
#10372=CARTESIAN_POINT('Ctrl Pts',(-43.7401248201845,2.,0.0783917539907675));
#10373=CARTESIAN_POINT('Ctrl Pts',(-43.1504250750063,2.,-0.0413229829477091));
#10374=CARTESIAN_POINT('',(-44.9815989717958,1.99,0.0783917539907708));
#10375=CARTESIAN_POINT('',(-44.9815989717958,2.,0.0783917539907706));
#10376=CARTESIAN_POINT('Ctrl Pts',(-44.9815989717958,1.99,0.0783917539907719));
#10377=CARTESIAN_POINT('Ctrl Pts',(-43.7401248201845,1.99,0.0783917539907675));
#10378=CARTESIAN_POINT('Ctrl Pts',(-43.1504250750063,1.99,-0.0413229829477091));
#10379=CARTESIAN_POINT('Origin',(-47.8901935801027,2.,0.0517890089346196));
#10380=CARTESIAN_POINT('',(-47.8901935801027,2.,0.0517890089346196));
#10381=CARTESIAN_POINT('',(-23.947336542621,2.,0.27077646076613));
#10382=CARTESIAN_POINT('',(-47.8901935801027,1.99,0.0517890089346196));
#10383=CARTESIAN_POINT('',(-47.8901935801027,2.,0.0517890089346196));
#10384=CARTESIAN_POINT('',(-47.8901935801027,1.99,0.0517890089346196));
#10385=CARTESIAN_POINT('Ctrl Pts',(-50.1204116329668,2.,0.384325706322315));
#10386=CARTESIAN_POINT('Ctrl Pts',(-50.1204116329668,1.99,0.384325706322315));
#10387=CARTESIAN_POINT('Ctrl Pts',(-49.5129765257356,2.,0.0517890089346196));
#10388=CARTESIAN_POINT('Ctrl Pts',(-49.5129765257356,1.99,0.0517890089346196));
#10389=CARTESIAN_POINT('Ctrl Pts',(-47.8901935801027,2.,0.0517890089346196));
#10390=CARTESIAN_POINT('Ctrl Pts',(-47.8901935801027,1.99,0.0517890089346196));
#10391=CARTESIAN_POINT('',(-50.1204116329668,2.,0.384325706322315));
#10392=CARTESIAN_POINT('Ctrl Pts',(-50.1204116329668,2.,0.384325706322315));
#10393=CARTESIAN_POINT('Ctrl Pts',(-49.5129765257356,2.,0.0517890089346196));
#10394=CARTESIAN_POINT('Ctrl Pts',(-47.8901935801027,2.,0.0517890089346196));
#10395=CARTESIAN_POINT('',(-50.1204116329668,1.99,0.384325706322315));
#10396=CARTESIAN_POINT('',(-50.1204116329668,2.,0.384325706322315));
#10397=CARTESIAN_POINT('Ctrl Pts',(-50.1204116329668,1.99,0.384325706322315));
#10398=CARTESIAN_POINT('Ctrl Pts',(-49.5129765257356,1.99,0.0517890089346196));
#10399=CARTESIAN_POINT('Ctrl Pts',(-47.8901935801027,1.99,0.0517890089346196));
#10400=CARTESIAN_POINT('Ctrl Pts',(-51.1224580988405,2.,1.53268786605132));
#10401=CARTESIAN_POINT('Ctrl Pts',(-51.1224580988405,1.99,1.53268786605132));
#10402=CARTESIAN_POINT('Ctrl Pts',(-50.7278473362444,2.,0.71686240371001));
#10403=CARTESIAN_POINT('Ctrl Pts',(-50.7278473362444,1.99,0.71686240371001));
#10404=CARTESIAN_POINT('Ctrl Pts',(-50.1204116329668,2.,0.384325706322315));
#10405=CARTESIAN_POINT('Ctrl Pts',(-50.1204116329668,1.99,0.384325706322315));
#10406=CARTESIAN_POINT('',(-51.1224580988405,2.,1.53268786605132));
#10407=CARTESIAN_POINT('Ctrl Pts',(-51.1224580988405,2.,1.53268786605132));
#10408=CARTESIAN_POINT('Ctrl Pts',(-50.7278473362444,2.,0.71686240371001));
#10409=CARTESIAN_POINT('Ctrl Pts',(-50.1204116329668,2.,0.384325706322315));
#10410=CARTESIAN_POINT('',(-51.1224580988405,1.99,1.53268786605132));
#10411=CARTESIAN_POINT('',(-51.1224580988405,2.,1.53268786605132));
#10412=CARTESIAN_POINT('Ctrl Pts',(-51.1224580988405,1.99,1.53268786605132));
#10413=CARTESIAN_POINT('Ctrl Pts',(-50.7278473362444,1.99,0.71686240371001));
#10414=CARTESIAN_POINT('Ctrl Pts',(-50.1204116329668,1.99,0.384325706322315));
#10415=CARTESIAN_POINT('Ctrl Pts',(-51.5170694574831,2.,4.01563616927398));
#10416=CARTESIAN_POINT('Ctrl Pts',(-51.5170694574831,1.99,4.01563616927398));
#10417=CARTESIAN_POINT('Ctrl Pts',(-51.5170694574831,2.,2.34851332839263));
#10418=CARTESIAN_POINT('Ctrl Pts',(-51.5170694574831,1.99,2.34851332839263));
#10419=CARTESIAN_POINT('Ctrl Pts',(-51.1224580988405,2.,1.53268786605132));
#10420=CARTESIAN_POINT('Ctrl Pts',(-51.1224580988405,1.99,1.53268786605132));
#10421=CARTESIAN_POINT('',(-51.5170694574831,2.,4.01563616927398));
#10422=CARTESIAN_POINT('Ctrl Pts',(-51.5170694574831,2.,4.01563616927398));
#10423=CARTESIAN_POINT('Ctrl Pts',(-51.5170694574831,2.,2.34851332839263));
#10424=CARTESIAN_POINT('Ctrl Pts',(-51.1224580988405,2.,1.53268786605132));
#10425=CARTESIAN_POINT('',(-51.5170694574831,1.99,4.01563616927398));
#10426=CARTESIAN_POINT('',(-51.5170694574831,2.,4.01563616927398));
#10427=CARTESIAN_POINT('Ctrl Pts',(-51.5170694574831,1.99,4.01563616927398));
#10428=CARTESIAN_POINT('Ctrl Pts',(-51.5170694574831,1.99,2.34851332839263));
#10429=CARTESIAN_POINT('Ctrl Pts',(-51.1224580988405,1.99,1.53268786605132));
#10430=CARTESIAN_POINT('Ctrl Pts',(-50.860862253618,2.,6.78234549697173));
#10431=CARTESIAN_POINT('Ctrl Pts',(-50.860862253618,1.99,6.78234549697173));
#10432=CARTESIAN_POINT('Ctrl Pts',(-51.5170694574831,2.,5.85124226744902));
#10433=CARTESIAN_POINT('Ctrl Pts',(-51.5170694574831,1.99,5.85124226744902));
#10434=CARTESIAN_POINT('Ctrl Pts',(-51.5170694574831,2.,4.01563616927398));
#10435=CARTESIAN_POINT('Ctrl Pts',(-51.5170694574831,1.99,4.01563616927398));
#10436=CARTESIAN_POINT('',(-50.860862253618,2.,6.78234549697173));
#10437=CARTESIAN_POINT('Ctrl Pts',(-50.860862253618,2.,6.78234549697173));
#10438=CARTESIAN_POINT('Ctrl Pts',(-51.5170694574831,2.,5.85124226744902));
#10439=CARTESIAN_POINT('Ctrl Pts',(-51.5170694574831,2.,4.01563616927398));
#10440=CARTESIAN_POINT('',(-50.860862253618,1.99,6.78234549697173));
#10441=CARTESIAN_POINT('',(-50.860862253618,2.,6.78234549697173));
#10442=CARTESIAN_POINT('Ctrl Pts',(-50.860862253618,1.99,6.78234549697173));
#10443=CARTESIAN_POINT('Ctrl Pts',(-51.5170694574831,1.99,5.85124226744902));
#10444=CARTESIAN_POINT('Ctrl Pts',(-51.5170694574831,1.99,4.01563616927398));
#10445=CARTESIAN_POINT('Ctrl Pts',(-48.8390339598177,2.,8.09476348098052));
#10446=CARTESIAN_POINT('Ctrl Pts',(-48.8390339598177,1.99,8.09476348098052));
#10447=CARTESIAN_POINT('Ctrl Pts',(-50.2046544537065,2.,7.71345111068023));
#10448=CARTESIAN_POINT('Ctrl Pts',(-50.2046544537065,1.99,7.71345111068023));
#10449=CARTESIAN_POINT('Ctrl Pts',(-50.860862253618,2.,6.78234549697173));
#10450=CARTESIAN_POINT('Ctrl Pts',(-50.860862253618,1.99,6.78234549697173));
#10451=CARTESIAN_POINT('',(-48.8390339598177,2.,8.09476348098052));
#10452=CARTESIAN_POINT('Ctrl Pts',(-48.8390339598177,2.,8.09476348098052));
#10453=CARTESIAN_POINT('Ctrl Pts',(-50.2046544537065,2.,7.71345111068023));
#10454=CARTESIAN_POINT('Ctrl Pts',(-50.860862253618,2.,6.78234549697173));
#10455=CARTESIAN_POINT('',(-48.8390339598177,1.99,8.09476348098052));
#10456=CARTESIAN_POINT('',(-48.8390339598177,2.,8.09476348098052));
#10457=CARTESIAN_POINT('Ctrl Pts',(-48.8390339598177,1.99,8.09476348098052));
#10458=CARTESIAN_POINT('Ctrl Pts',(-50.2046544537065,1.99,7.71345111068023));
#10459=CARTESIAN_POINT('Ctrl Pts',(-50.860862253618,1.99,6.78234549697173));
#10460=CARTESIAN_POINT('Origin',(-48.431121228647,2.,5.83350630934966));
#10461=CARTESIAN_POINT('',(-48.431121228647,2.,5.83350630934966));
#10462=CARTESIAN_POINT('',(-47.1583737952588,2.,-1.22194707933079));
#10463=CARTESIAN_POINT('',(-48.431121228647,1.99,5.83350630934966));
#10464=CARTESIAN_POINT('',(-48.431121228647,2.,5.83350630934966));
#10465=CARTESIAN_POINT('',(-48.431121228647,1.99,5.83350630934966));
#10466=CARTESIAN_POINT('Ctrl Pts',(-49.348924873781,2.,5.23050519164336));
#10467=CARTESIAN_POINT('Ctrl Pts',(-49.348924873781,1.99,5.23050519164336));
#10468=CARTESIAN_POINT('Ctrl Pts',(-49.0873284325121,2.,5.60294600661528));
#10469=CARTESIAN_POINT('Ctrl Pts',(-49.0873284325121,1.99,5.60294600661528));
#10470=CARTESIAN_POINT('Ctrl Pts',(-48.431121228647,2.,5.83350630934966));
#10471=CARTESIAN_POINT('Ctrl Pts',(-48.431121228647,1.99,5.83350630934966));
#10472=CARTESIAN_POINT('Ctrl Pts',(-49.348924873781,2.,5.23050519164336));
#10473=CARTESIAN_POINT('Ctrl Pts',(-49.0873284325121,2.,5.60294600661528));
#10474=CARTESIAN_POINT('Ctrl Pts',(-48.431121228647,2.,5.83350630934966));
#10475=CARTESIAN_POINT('Ctrl Pts',(-49.348924873781,1.99,5.23050519164336));
#10476=CARTESIAN_POINT('Ctrl Pts',(-49.0873284325121,1.99,5.60294600661528));
#10477=CARTESIAN_POINT('Ctrl Pts',(-48.431121228647,1.99,5.83350630934966));
#10478=CARTESIAN_POINT('Origin',(-36.3311882004259,1.99,0.379894771535505));
#10479=CARTESIAN_POINT('Origin',(-12.6175548468488,2.,19.1439467360764));
#10480=CARTESIAN_POINT('',(-12.6175548468488,2.,19.1439467360764));
#10481=CARTESIAN_POINT('',(-10.4927306066436,2.,19.1393132016386));
#10482=CARTESIAN_POINT('',(-6.28793423476239,2.,19.130143940283));
#10483=CARTESIAN_POINT('',(-12.6175548468488,1.99,19.1439467360764));
#10484=CARTESIAN_POINT('',(-12.6175548468488,2.,19.1439467360764));
#10485=CARTESIAN_POINT('',(-10.4927306066436,1.99,19.1393132016386));
#10486=CARTESIAN_POINT('',(-12.6175548468488,1.99,19.1439467360764));
#10487=CARTESIAN_POINT('',(-10.4927306066436,2.,19.1393132016386));
#10488=CARTESIAN_POINT('Origin',(-12.6221065681972,2.,17.0566399542752));
#10489=CARTESIAN_POINT('',(-12.6221065681972,2.,17.0566399542752));
#10490=CARTESIAN_POINT('',(-12.6406738961836,2.,8.54212277293037));
#10491=CARTESIAN_POINT('',(-12.6221065681972,1.99,17.0566399542752));
#10492=CARTESIAN_POINT('',(-12.6221065681972,2.,17.0566399542752));
#10493=CARTESIAN_POINT('',(-12.6221065681972,1.99,17.0566399542752));
#10494=CARTESIAN_POINT('Origin',(-13.4679436402859,2.,17.0584844433996));
#10495=CARTESIAN_POINT('',(-13.4679436402859,2.,17.0584844433996));
#10496=CARTESIAN_POINT('',(-6.71540449215517,2.,17.043759403044));
#10497=CARTESIAN_POINT('',(-13.4679436402859,1.99,17.0584844433996));
#10498=CARTESIAN_POINT('',(-13.4679436402859,2.,17.0584844433996));
#10499=CARTESIAN_POINT('',(-13.4679436402859,1.99,17.0584844433996));
#10500=CARTESIAN_POINT('Origin',(-13.4633919189375,2.,19.1457912252008));
#10501=CARTESIAN_POINT('',(-13.4633919189375,2.,19.1457912252008));
#10502=CARTESIAN_POINT('',(-13.4842351075981,2.,9.58762065295538));
#10503=CARTESIAN_POINT('',(-13.4633919189375,1.99,19.1457912252008));
#10504=CARTESIAN_POINT('',(-13.4633919189375,2.,19.1457912252008));
#10505=CARTESIAN_POINT('',(-13.4633919189375,1.99,19.1457912252008));
#10506=CARTESIAN_POINT('Origin',(-14.6468816463242,2.,19.1483720223816));
#10507=CARTESIAN_POINT('',(-14.6468816463242,2.,19.1483720223816));
#10508=CARTESIAN_POINT('',(-7.30259763450009,2.,19.1323565834356));
#10509=CARTESIAN_POINT('',(-14.6468816463242,1.99,19.1483720223816));
#10510=CARTESIAN_POINT('',(-14.6468816463242,2.,19.1483720223816));
#10511=CARTESIAN_POINT('',(-14.6468816463242,1.99,19.1483720223816));
#10512=CARTESIAN_POINT('Origin',(-14.6521548017443,2.,16.7302334265897));
#10513=CARTESIAN_POINT('',(-14.6521548017443,2.,16.7302334265897));
#10514=CARTESIAN_POINT('',(-14.6703614126948,2.,8.38113215224014));
#10515=CARTESIAN_POINT('',(-14.6521548017443,1.99,16.7302334265897));
#10516=CARTESIAN_POINT('',(-14.6521548017443,2.,16.7302334265897));
#10517=CARTESIAN_POINT('',(-14.6521548017443,1.99,16.7302334265897));
#10518=CARTESIAN_POINT('Origin',(-15.497991873833,2.,16.7320779157141));
#10519=CARTESIAN_POINT('',(-15.497991873833,2.,16.7320779157141));
#10520=CARTESIAN_POINT('',(-7.73078932596456,2.,16.7151402322059));
#10521=CARTESIAN_POINT('',(-15.497991873833,1.99,16.7320779157141));
#10522=CARTESIAN_POINT('',(-15.497991873833,2.,16.7320779157141));
#10523=CARTESIAN_POINT('',(-15.497991873833,1.99,16.7320779157141));
#10524=CARTESIAN_POINT('Origin',(-15.4905172309112,2.,20.1597642057576));
#10525=CARTESIAN_POINT('',(-15.4905172309112,2.,20.1597642057576));
#10526=CARTESIAN_POINT('',(-15.5124611633226,2.,10.0968197863863));
#10527=CARTESIAN_POINT('',(-15.4905172309112,1.99,20.1597642057576));
#10528=CARTESIAN_POINT('',(-15.4905172309112,2.,20.1597642057576));
#10529=CARTESIAN_POINT('',(-15.4905172309112,1.99,20.1597642057576));
#10530=CARTESIAN_POINT('Origin',(-10.490529119142,2.,20.1488608958902));
#10531=CARTESIAN_POINT('',(-10.490529119142,2.,20.1488608958902));
#10532=CARTESIAN_POINT('',(-5.22332062715818,2.,20.1373748673157));
#10533=CARTESIAN_POINT('',(-10.490529119142,1.99,20.1488608958902));
#10534=CARTESIAN_POINT('',(-10.490529119142,2.,20.1488608958902));
#10535=CARTESIAN_POINT('',(-10.490529119142,1.99,20.1488608958902));
#10536=CARTESIAN_POINT('Origin',(-10.4927306066436,2.,19.1393132016386));
#10537=CARTESIAN_POINT('',(-10.5135737953042,2.,9.58114262939315));
#10538=CARTESIAN_POINT('',(-10.4927306066436,1.99,19.1393132016386));
#10539=CARTESIAN_POINT('Origin',(-12.983490762258,1.99,19.1320202532015));
#10540=CARTESIAN_POINT('Ctrl Pts',(-14.7058792227576,2.,23.3742958601274));
#10541=CARTESIAN_POINT('Ctrl Pts',(-14.7058792227576,1.99,23.3742958601274));
#10542=CARTESIAN_POINT('Ctrl Pts',(-14.7045181686785,2.,23.9984415826711));
#10543=CARTESIAN_POINT('Ctrl Pts',(-14.7045181686785,1.99,23.9984415826711));
#10544=CARTESIAN_POINT('Ctrl Pts',(-14.2756506343201,2.,24.379498987806));
#10545=CARTESIAN_POINT('Ctrl Pts',(-14.2756506343201,1.99,24.379498987806));
#10546=CARTESIAN_POINT('',(-14.7058792227576,2.,23.3742958601274));
#10547=CARTESIAN_POINT('',(-14.2756506343201,2.,24.379498987806));
#10548=CARTESIAN_POINT('Ctrl Pts',(-14.7058792227576,2.,23.3742958601274));
#10549=CARTESIAN_POINT('Ctrl Pts',(-14.7045181686785,2.,23.9984415826711));
#10550=CARTESIAN_POINT('Ctrl Pts',(-14.2756506343201,2.,24.379498987806));
#10551=CARTESIAN_POINT('',(-14.7058792227576,1.99,23.3742958601274));
#10552=CARTESIAN_POINT('',(-14.7058792227576,2.,23.3742958601274));
#10553=CARTESIAN_POINT('',(-14.2756506343201,1.99,24.379498987806));
#10554=CARTESIAN_POINT('Ctrl Pts',(-14.7058792227576,1.99,23.3742958601274));
#10555=CARTESIAN_POINT('Ctrl Pts',(-14.7045181686785,1.99,23.9984415826711));
#10556=CARTESIAN_POINT('Ctrl Pts',(-14.2756506343201,1.99,24.379498987806));
#10557=CARTESIAN_POINT('',(-14.2756506343201,2.,24.379498987806));
#10558=CARTESIAN_POINT('Ctrl Pts',(-14.2851434312606,2.,22.3723526431734));
#10559=CARTESIAN_POINT('Ctrl Pts',(-14.2851434312606,1.99,22.3723526431734));
#10560=CARTESIAN_POINT('Ctrl Pts',(-14.7072402778116,2.,22.75014969055));
#10561=CARTESIAN_POINT('Ctrl Pts',(-14.7072402778116,1.99,22.75014969055));
#10562=CARTESIAN_POINT('Ctrl Pts',(-14.7058792227576,2.,23.3742958601274));
#10563=CARTESIAN_POINT('Ctrl Pts',(-14.7058792227576,1.99,23.3742958601274));
#10564=CARTESIAN_POINT('',(-14.2851434312606,2.,22.3723526431734));
#10565=CARTESIAN_POINT('Ctrl Pts',(-14.2851434312606,2.,22.3723526431734));
#10566=CARTESIAN_POINT('Ctrl Pts',(-14.7072402778116,2.,22.75014969055));
#10567=CARTESIAN_POINT('Ctrl Pts',(-14.7058792227576,2.,23.3742958601274));
#10568=CARTESIAN_POINT('',(-14.2851434312606,1.99,22.3723526431734));
#10569=CARTESIAN_POINT('',(-14.2851434312606,2.,22.3723526431734));
#10570=CARTESIAN_POINT('Ctrl Pts',(-14.2851434312606,1.99,22.3723526431734));
#10571=CARTESIAN_POINT('Ctrl Pts',(-14.7072402778116,1.99,22.75014969055));
#10572=CARTESIAN_POINT('Ctrl Pts',(-14.7058792227576,1.99,23.3742958601274));
#10573=CARTESIAN_POINT('Ctrl Pts',(-13.0035675326337,2.,21.9926810600308));
#10574=CARTESIAN_POINT('Ctrl Pts',(-13.0035675326337,1.99,21.9926810600308));
#10575=CARTESIAN_POINT('Ctrl Pts',(-13.863046883382,2.,21.9945552984243));
#10576=CARTESIAN_POINT('Ctrl Pts',(-13.863046883382,1.99,21.9945552984243));
#10577=CARTESIAN_POINT('Ctrl Pts',(-14.2851434312606,2.,22.3723526431734));
#10578=CARTESIAN_POINT('Ctrl Pts',(-14.2851434312606,1.99,22.3723526431734));
#10579=CARTESIAN_POINT('',(-13.0035675326337,2.,21.9926810600308));
#10580=CARTESIAN_POINT('Ctrl Pts',(-13.0035675326337,2.,21.9926810600308));
#10581=CARTESIAN_POINT('Ctrl Pts',(-13.863046883382,2.,21.9945552984243));
#10582=CARTESIAN_POINT('Ctrl Pts',(-14.2851434312606,2.,22.3723526431734));
#10583=CARTESIAN_POINT('',(-13.0035675326337,1.99,21.9926810600308));
#10584=CARTESIAN_POINT('',(-13.0035675326337,2.,21.9926810600308));
#10585=CARTESIAN_POINT('Ctrl Pts',(-13.0035675326337,1.99,21.9926810600308));
#10586=CARTESIAN_POINT('Ctrl Pts',(-13.863046883382,1.99,21.9945552984243));
#10587=CARTESIAN_POINT('Ctrl Pts',(-14.2851434312606,1.99,22.3723526431734));
#10588=CARTESIAN_POINT('Ctrl Pts',(-11.6981563442293,2.,22.3769433410673));
#10589=CARTESIAN_POINT('Ctrl Pts',(-11.6981563442293,1.99,22.3769433410673));
#10590=CARTESIAN_POINT('Ctrl Pts',(-12.1338558768457,2.,21.9907845083858));
#10591=CARTESIAN_POINT('Ctrl Pts',(-12.1338558768457,1.99,21.9907845083858));
#10592=CARTESIAN_POINT('Ctrl Pts',(-13.0035675326337,2.,21.9926810600308));
#10593=CARTESIAN_POINT('Ctrl Pts',(-13.0035675326337,1.99,21.9926810600308));
#10594=CARTESIAN_POINT('',(-11.6981563442293,2.,22.3769433410673));
#10595=CARTESIAN_POINT('Ctrl Pts',(-11.6981563442293,2.,22.3769433410673));
#10596=CARTESIAN_POINT('Ctrl Pts',(-12.1338558768457,2.,21.9907845083858));
#10597=CARTESIAN_POINT('Ctrl Pts',(-13.0035675326337,2.,21.9926810600308));
#10598=CARTESIAN_POINT('',(-11.6981563442293,1.99,22.3769433410673));
#10599=CARTESIAN_POINT('',(-11.6981563442293,2.,22.3769433410673));
#10600=CARTESIAN_POINT('Ctrl Pts',(-11.6981563442293,1.99,22.3769433410673));
#10601=CARTESIAN_POINT('Ctrl Pts',(-12.1338558768457,1.99,21.9907845083858));
#10602=CARTESIAN_POINT('Ctrl Pts',(-13.0035675326337,1.99,21.9926810600308));
#10603=CARTESIAN_POINT('Ctrl Pts',(-11.2611397863671,2.,23.3667840299695));
#10604=CARTESIAN_POINT('Ctrl Pts',(-11.2611397863671,1.99,23.3667840299695));
#10605=CARTESIAN_POINT('Ctrl Pts',(-11.2624562162177,2.,22.7631018744265));
#10606=CARTESIAN_POINT('Ctrl Pts',(-11.2624562162177,1.99,22.7631018744265));
#10607=CARTESIAN_POINT('Ctrl Pts',(-11.6981563442293,2.,22.3769433410673));
#10608=CARTESIAN_POINT('Ctrl Pts',(-11.6981563442293,1.99,22.3769433410673));
#10609=CARTESIAN_POINT('',(-11.2611397863671,2.,23.3667840299695));
#10610=CARTESIAN_POINT('Ctrl Pts',(-11.2611397863671,2.,23.3667840299695));
#10611=CARTESIAN_POINT('Ctrl Pts',(-11.2624562162177,2.,22.7631018744265));
#10612=CARTESIAN_POINT('Ctrl Pts',(-11.6981563442293,2.,22.3769433410673));
#10613=CARTESIAN_POINT('',(-11.2611397863671,1.99,23.3667840299695));
#10614=CARTESIAN_POINT('',(-11.2611397863671,2.,23.3667840299695));
#10615=CARTESIAN_POINT('Ctrl Pts',(-11.2611397863671,1.99,23.3667840299695));
#10616=CARTESIAN_POINT('Ctrl Pts',(-11.2624562162177,1.99,22.7631018744265));
#10617=CARTESIAN_POINT('Ctrl Pts',(-11.6981563442293,1.99,22.3769433410673));
#10618=CARTESIAN_POINT('Ctrl Pts',(-11.6972345963294,2.,24.3636444139699));
#10619=CARTESIAN_POINT('Ctrl Pts',(-11.6972345963294,1.99,24.3636444139699));
#10620=CARTESIAN_POINT('Ctrl Pts',(-11.2598233571663,2.,23.97046588749));
#10621=CARTESIAN_POINT('Ctrl Pts',(-11.2598233571663,1.99,23.97046588749));
#10622=CARTESIAN_POINT('Ctrl Pts',(-11.2611397863671,2.,23.3667840299695));
#10623=CARTESIAN_POINT('Ctrl Pts',(-11.2611397863671,1.99,23.3667840299695));
#10624=CARTESIAN_POINT('',(-11.6972345963294,2.,24.3636444139699));
#10625=CARTESIAN_POINT('Ctrl Pts',(-11.6972345963294,2.,24.3636444139699));
#10626=CARTESIAN_POINT('Ctrl Pts',(-11.2598233571663,2.,23.97046588749));
#10627=CARTESIAN_POINT('Ctrl Pts',(-11.2611397863671,2.,23.3667840299695));
#10628=CARTESIAN_POINT('',(-11.6972345963294,1.99,24.3636444139699));
#10629=CARTESIAN_POINT('',(-11.6972345963294,2.,24.3636444139699));
#10630=CARTESIAN_POINT('Ctrl Pts',(-11.6972345963294,1.99,24.3636444139699));
#10631=CARTESIAN_POINT('Ctrl Pts',(-11.2598233571663,1.99,23.97046588749));
#10632=CARTESIAN_POINT('Ctrl Pts',(-11.2611397863671,1.99,23.3667840299695));
#10633=CARTESIAN_POINT('Ctrl Pts',(-12.9838931792236,2.,24.7586748662416));
#10634=CARTESIAN_POINT('Ctrl Pts',(-12.9838931792236,1.99,24.7586748662416));
#10635=CARTESIAN_POINT('Ctrl Pts',(-12.1346452394475,2.,24.75682293915));
#10636=CARTESIAN_POINT('Ctrl Pts',(-12.1346452394475,1.99,24.75682293915));
#10637=CARTESIAN_POINT('Ctrl Pts',(-11.6972345963294,2.,24.3636444139699));
#10638=CARTESIAN_POINT('Ctrl Pts',(-11.6972345963294,1.99,24.3636444139699));
#10639=CARTESIAN_POINT('',(-12.9838931792236,2.,24.7586748662416));
#10640=CARTESIAN_POINT('Ctrl Pts',(-12.9838931792236,2.,24.7586748662416));
#10641=CARTESIAN_POINT('Ctrl Pts',(-12.1346452394475,2.,24.75682293915));
#10642=CARTESIAN_POINT('Ctrl Pts',(-11.6972345963294,2.,24.3636444139699));
#10643=CARTESIAN_POINT('',(-12.9838931792236,1.99,24.7586748662416));
#10644=CARTESIAN_POINT('',(-12.9838931792236,2.,24.7586748662416));
#10645=CARTESIAN_POINT('Ctrl Pts',(-12.9838931792236,1.99,24.7586748662416));
#10646=CARTESIAN_POINT('Ctrl Pts',(-12.1346452394475,1.99,24.75682293915));
#10647=CARTESIAN_POINT('Ctrl Pts',(-11.6972345963294,1.99,24.3636444139699));
#10648=CARTESIAN_POINT('Ctrl Pts',(-14.2756506343201,2.,24.379498987806));
#10649=CARTESIAN_POINT('Ctrl Pts',(-14.2756506343201,1.99,24.379498987806));
#10650=CARTESIAN_POINT('Ctrl Pts',(-13.8467830996368,2.,24.7605565419523));
#10651=CARTESIAN_POINT('Ctrl Pts',(-13.8467830996368,1.99,24.7605565419523));
#10652=CARTESIAN_POINT('Ctrl Pts',(-12.9838931792236,2.,24.7586748662416));
#10653=CARTESIAN_POINT('Ctrl Pts',(-12.9838931792236,1.99,24.7586748662416));
#10654=CARTESIAN_POINT('Ctrl Pts',(-14.2756506343201,2.,24.379498987806));
#10655=CARTESIAN_POINT('Ctrl Pts',(-13.8467830996368,2.,24.7605565419523));
#10656=CARTESIAN_POINT('Ctrl Pts',(-12.9838931792236,2.,24.7586748662416));
#10657=CARTESIAN_POINT('Ctrl Pts',(-14.2756506343201,1.99,24.379498987806));
#10658=CARTESIAN_POINT('Ctrl Pts',(-13.8467830996368,1.99,24.7605565419523));
#10659=CARTESIAN_POINT('Ctrl Pts',(-12.9838931792236,1.99,24.7586748662416));
#10660=CARTESIAN_POINT('Ctrl Pts',(-10.3982570058985,2.,23.3614914859215));
#10661=CARTESIAN_POINT('Ctrl Pts',(-10.3982570058985,1.99,23.3614914859215));
#10662=CARTESIAN_POINT('Ctrl Pts',(-10.3958249576625,2.,24.4767686279201));
#10663=CARTESIAN_POINT('Ctrl Pts',(-10.3958249576625,1.99,24.4767686279201));
#10664=CARTESIAN_POINT('Ctrl Pts',(-11.0748106938794,2.,25.1365045642576));
#10665=CARTESIAN_POINT('Ctrl Pts',(-11.0748106938794,1.99,25.1365045642576));
#10666=CARTESIAN_POINT('',(-10.3982570058985,2.,23.3614914859215));
#10667=CARTESIAN_POINT('',(-11.0748106938794,2.,25.1365045642576));
#10668=CARTESIAN_POINT('Ctrl Pts',(-10.3982570058985,2.,23.3614914859215));
#10669=CARTESIAN_POINT('Ctrl Pts',(-10.3958249576625,2.,24.4767686279201));
#10670=CARTESIAN_POINT('Ctrl Pts',(-11.0748106938794,2.,25.1365045642576));
#10671=CARTESIAN_POINT('',(-10.3982570058985,1.99,23.3614914859215));
#10672=CARTESIAN_POINT('',(-10.3982570058985,2.,23.3614914859215));
#10673=CARTESIAN_POINT('',(-11.0748106938794,1.99,25.1365045642576));
#10674=CARTESIAN_POINT('Ctrl Pts',(-10.3982570058985,1.99,23.3614914859215));
#10675=CARTESIAN_POINT('Ctrl Pts',(-10.3958249576625,1.99,24.4767686279201));
#10676=CARTESIAN_POINT('Ctrl Pts',(-11.0748106938794,1.99,25.1365045642576));
#10677=CARTESIAN_POINT('',(-11.0748106938794,2.,25.1365045642576));
#10678=CARTESIAN_POINT('Ctrl Pts',(-11.0859270638953,2.,21.6030959670616));
#10679=CARTESIAN_POINT('Ctrl Pts',(-11.0859270638953,1.99,21.6030959670616));
#10680=CARTESIAN_POINT('Ctrl Pts',(-10.4006593042156,2.,22.259856920605));
#10681=CARTESIAN_POINT('Ctrl Pts',(-10.4006593042156,1.99,22.259856920605));
#10682=CARTESIAN_POINT('Ctrl Pts',(-10.3982570058985,2.,23.3614914859215));
#10683=CARTESIAN_POINT('Ctrl Pts',(-10.3982570058985,1.99,23.3614914859215));
#10684=CARTESIAN_POINT('',(-11.0859270638953,2.,21.6030959670616));
#10685=CARTESIAN_POINT('Ctrl Pts',(-11.0859270638953,2.,21.6030959670616));
#10686=CARTESIAN_POINT('Ctrl Pts',(-10.4006593042156,2.,22.259856920605));
#10687=CARTESIAN_POINT('Ctrl Pts',(-10.3982570058985,2.,23.3614914859215));
#10688=CARTESIAN_POINT('',(-11.0859270638953,1.99,21.6030959670616));
#10689=CARTESIAN_POINT('',(-11.0859270638953,2.,21.6030959670616));
#10690=CARTESIAN_POINT('Ctrl Pts',(-11.0859270638953,1.99,21.6030959670616));
#10691=CARTESIAN_POINT('Ctrl Pts',(-10.4006593042156,1.99,22.259856920605));
#10692=CARTESIAN_POINT('Ctrl Pts',(-10.3982570058985,1.99,23.3614914859215));
#10693=CARTESIAN_POINT('Ctrl Pts',(-12.9819685122359,2.,20.9489753079372));
#10694=CARTESIAN_POINT('Ctrl Pts',(-12.9819685122359,1.99,20.9489753079372));
#10695=CARTESIAN_POINT('Ctrl Pts',(-11.77119422753,2.,20.9463350122184));
#10696=CARTESIAN_POINT('Ctrl Pts',(-11.77119422753,1.99,20.9463350122184));
#10697=CARTESIAN_POINT('Ctrl Pts',(-11.0859270638953,2.,21.6030959670616));
#10698=CARTESIAN_POINT('Ctrl Pts',(-11.0859270638953,1.99,21.6030959670616));
#10699=CARTESIAN_POINT('',(-12.9819685122359,2.,20.9489753079372));
#10700=CARTESIAN_POINT('Ctrl Pts',(-12.9819685122359,2.,20.9489753079372));
#10701=CARTESIAN_POINT('Ctrl Pts',(-11.77119422753,2.,20.9463350122184));
#10702=CARTESIAN_POINT('Ctrl Pts',(-11.0859270638953,2.,21.6030959670616));
#10703=CARTESIAN_POINT('',(-12.9819685122359,1.99,20.9489753079372));
#10704=CARTESIAN_POINT('',(-12.9819685122359,2.,20.9489753079372));
#10705=CARTESIAN_POINT('Ctrl Pts',(-12.9819685122359,1.99,20.9489753079372));
#10706=CARTESIAN_POINT('Ctrl Pts',(-11.77119422753,1.99,20.9463350122184));
#10707=CARTESIAN_POINT('Ctrl Pts',(-11.0859270638953,1.99,21.6030959670616));
#10708=CARTESIAN_POINT('Ctrl Pts',(-14.887066132115,2.,21.6165011630406));
#10709=CARTESIAN_POINT('Ctrl Pts',(-14.887066132115,1.99,21.6165011630406));
#10710=CARTESIAN_POINT('Ctrl Pts',(-14.2029754000041,2.,20.9516379175575));
#10711=CARTESIAN_POINT('Ctrl Pts',(-14.2029754000041,1.99,20.9516379175575));
#10712=CARTESIAN_POINT('Ctrl Pts',(-12.9819685122359,2.,20.9489753079372));
#10713=CARTESIAN_POINT('Ctrl Pts',(-12.9819685122359,1.99,20.9489753079372));
#10714=CARTESIAN_POINT('',(-14.887066132115,2.,21.6165011630406));
#10715=CARTESIAN_POINT('Ctrl Pts',(-14.887066132115,2.,21.6165011630406));
#10716=CARTESIAN_POINT('Ctrl Pts',(-14.2029754000041,2.,20.9516379175575));
#10717=CARTESIAN_POINT('Ctrl Pts',(-12.9819685122359,2.,20.9489753079372));
#10718=CARTESIAN_POINT('',(-14.887066132115,1.99,21.6165011630406));
#10719=CARTESIAN_POINT('',(-14.887066132115,2.,21.6165011630406));
#10720=CARTESIAN_POINT('Ctrl Pts',(-14.887066132115,1.99,21.6165011630406));
#10721=CARTESIAN_POINT('Ctrl Pts',(-14.2029754000041,1.99,20.9516379175575));
#10722=CARTESIAN_POINT('Ctrl Pts',(-12.9819685122359,1.99,20.9489753079372));
#10723=CARTESIAN_POINT('Ctrl Pts',(-15.568746831219,2.,23.3864092448328));
#10724=CARTESIAN_POINT('Ctrl Pts',(-15.568746831219,1.99,23.3864092448328));
#10725=CARTESIAN_POINT('Ctrl Pts',(-15.5711565668534,2.,22.2813641098514));
#10726=CARTESIAN_POINT('Ctrl Pts',(-15.5711565668534,1.99,22.2813641098514));
#10727=CARTESIAN_POINT('Ctrl Pts',(-14.887066132115,2.,21.6165011630406));
#10728=CARTESIAN_POINT('Ctrl Pts',(-14.887066132115,1.99,21.6165011630406));
#10729=CARTESIAN_POINT('',(-15.568746831219,2.,23.3864092448328));
#10730=CARTESIAN_POINT('Ctrl Pts',(-15.568746831219,2.,23.3864092448328));
#10731=CARTESIAN_POINT('Ctrl Pts',(-15.5711565668534,2.,22.2813641098514));
#10732=CARTESIAN_POINT('Ctrl Pts',(-14.887066132115,2.,21.6165011630406));
#10733=CARTESIAN_POINT('',(-15.568746831219,1.99,23.3864092448328));
#10734=CARTESIAN_POINT('',(-15.568746831219,2.,23.3864092448328));
#10735=CARTESIAN_POINT('Ctrl Pts',(-15.568746831219,1.99,23.3864092448328));
#10736=CARTESIAN_POINT('Ctrl Pts',(-15.5711565668534,1.99,22.2813641098514));
#10737=CARTESIAN_POINT('Ctrl Pts',(-14.887066132115,1.99,21.6165011630406));
#10738=CARTESIAN_POINT('Ctrl Pts',(-15.3685799782632,2.,24.4637380032615));
#10739=CARTESIAN_POINT('Ctrl Pts',(-15.3685799782632,1.99,24.4637380032615));
#10740=CARTESIAN_POINT('Ctrl Pts',(-15.5674155267339,2.,23.9969125397056));
#10741=CARTESIAN_POINT('Ctrl Pts',(-15.5674155267339,1.99,23.9969125397056));
#10742=CARTESIAN_POINT('Ctrl Pts',(-15.568746831219,2.,23.3864092448328));
#10743=CARTESIAN_POINT('Ctrl Pts',(-15.568746831219,1.99,23.3864092448328));
#10744=CARTESIAN_POINT('',(-15.3685799782632,2.,24.4637380032615));
#10745=CARTESIAN_POINT('Ctrl Pts',(-15.3685799782632,2.,24.4637380032615));
#10746=CARTESIAN_POINT('Ctrl Pts',(-15.5674155267339,2.,23.9969125397056));
#10747=CARTESIAN_POINT('Ctrl Pts',(-15.568746831219,2.,23.3864092448328));
#10748=CARTESIAN_POINT('',(-15.3685799782632,1.99,24.4637380032615));
#10749=CARTESIAN_POINT('',(-15.3685799782632,2.,24.4637380032615));
#10750=CARTESIAN_POINT('Ctrl Pts',(-15.3685799782632,1.99,24.4637380032615));
#10751=CARTESIAN_POINT('Ctrl Pts',(-15.5674155267339,1.99,23.9969125397056));
#10752=CARTESIAN_POINT('Ctrl Pts',(-15.568746831219,1.99,23.3864092448328));
#10753=CARTESIAN_POINT('Ctrl Pts',(-14.9169670400872,2.,25.1090712060913));
#10754=CARTESIAN_POINT('Ctrl Pts',(-14.9169670400872,1.99,25.1090712060913));
#10755=CARTESIAN_POINT('Ctrl Pts',(-15.2211567424946,2.,24.8147134247505));
#10756=CARTESIAN_POINT('Ctrl Pts',(-15.2211567424946,1.99,24.8147134247505));
#10757=CARTESIAN_POINT('Ctrl Pts',(-15.3685799782632,2.,24.4637380032615));
#10758=CARTESIAN_POINT('Ctrl Pts',(-15.3685799782632,1.99,24.4637380032615));
#10759=CARTESIAN_POINT('',(-14.9169670400872,2.,25.1090712060913));
#10760=CARTESIAN_POINT('Ctrl Pts',(-14.9169670400872,2.,25.1090712060913));
#10761=CARTESIAN_POINT('Ctrl Pts',(-15.2211567424946,2.,24.8147134247505));
#10762=CARTESIAN_POINT('Ctrl Pts',(-15.3685799782632,2.,24.4637380032615));
#10763=CARTESIAN_POINT('',(-14.9169670400872,1.99,25.1090712060913));
#10764=CARTESIAN_POINT('',(-14.9169670400872,2.,25.1090712060913));
#10765=CARTESIAN_POINT('Ctrl Pts',(-14.9169670400872,1.99,25.1090712060913));
#10766=CARTESIAN_POINT('Ctrl Pts',(-15.2211567424946,1.99,24.8147134247505));
#10767=CARTESIAN_POINT('Ctrl Pts',(-15.3685799782632,1.99,24.4637380032615));
#10768=CARTESIAN_POINT('Ctrl Pts',(-14.2304145096589,2.,25.5731277537945));
#10769=CARTESIAN_POINT('Ctrl Pts',(-14.2304145096589,1.99,25.5731277537945));
#10770=CARTESIAN_POINT('Ctrl Pts',(-14.6127773375174,2.,25.4034290619378));
#10771=CARTESIAN_POINT('Ctrl Pts',(-14.6127773375174,1.99,25.4034290619378));
#10772=CARTESIAN_POINT('Ctrl Pts',(-14.9169670400872,2.,25.1090712060913));
#10773=CARTESIAN_POINT('Ctrl Pts',(-14.9169670400872,1.99,25.1090712060913));
#10774=CARTESIAN_POINT('',(-14.2304145096589,2.,25.5731277537945));
#10775=CARTESIAN_POINT('Ctrl Pts',(-14.2304145096589,2.,25.5731277537945));
#10776=CARTESIAN_POINT('Ctrl Pts',(-14.6127773375174,2.,25.4034290619378));
#10777=CARTESIAN_POINT('Ctrl Pts',(-14.9169670400872,2.,25.1090712060913));
#10778=CARTESIAN_POINT('',(-14.2304145096589,1.99,25.5731277537945));
#10779=CARTESIAN_POINT('',(-14.2304145096589,2.,25.5731277537945));
#10780=CARTESIAN_POINT('Ctrl Pts',(-14.2304145096589,1.99,25.5731277537945));
#10781=CARTESIAN_POINT('Ctrl Pts',(-14.6127773375174,1.99,25.4034290619378));
#10782=CARTESIAN_POINT('Ctrl Pts',(-14.9169670400872,1.99,25.1090712060913));
#10783=CARTESIAN_POINT('Ctrl Pts',(-12.9475184625227,2.,25.7988436110274));
#10784=CARTESIAN_POINT('Ctrl Pts',(-12.9475184625227,1.99,25.7988436110274));
#10785=CARTESIAN_POINT('Ctrl Pts',(-13.7115000745187,2.,25.8005096006383));
#10786=CARTESIAN_POINT('Ctrl Pts',(-13.7115000745187,1.99,25.8005096006383));
#10787=CARTESIAN_POINT('Ctrl Pts',(-14.2304145096589,2.,25.5731277537945));
#10788=CARTESIAN_POINT('Ctrl Pts',(-14.2304145096589,1.99,25.5731277537945));
#10789=CARTESIAN_POINT('',(-12.9475184625227,2.,25.7988436110274));
#10790=CARTESIAN_POINT('Ctrl Pts',(-12.9475184625227,2.,25.7988436110274));
#10791=CARTESIAN_POINT('Ctrl Pts',(-13.7115000745187,2.,25.8005096006383));
#10792=CARTESIAN_POINT('Ctrl Pts',(-14.2304145096589,2.,25.5731277537945));
#10793=CARTESIAN_POINT('',(-12.9475184625227,1.99,25.7988436110274));
#10794=CARTESIAN_POINT('',(-12.9475184625227,2.,25.7988436110274));
#10795=CARTESIAN_POINT('Ctrl Pts',(-12.9475184625227,1.99,25.7988436110274));
#10796=CARTESIAN_POINT('Ctrl Pts',(-13.7115000745187,1.99,25.8005096006383));
#10797=CARTESIAN_POINT('Ctrl Pts',(-14.2304145096589,1.99,25.5731277537945));
#10798=CARTESIAN_POINT('Ctrl Pts',(-11.0748106938794,2.,25.1365045642576));
#10799=CARTESIAN_POINT('Ctrl Pts',(-11.0748106938794,1.99,25.1365045642576));
#10800=CARTESIAN_POINT('Ctrl Pts',(-11.7537964300963,2.,25.7962405005951));
#10801=CARTESIAN_POINT('Ctrl Pts',(-11.7537964300963,1.99,25.7962405005951));
#10802=CARTESIAN_POINT('Ctrl Pts',(-12.9475184625227,2.,25.7988436110274));
#10803=CARTESIAN_POINT('Ctrl Pts',(-12.9475184625227,1.99,25.7988436110274));
#10804=CARTESIAN_POINT('Ctrl Pts',(-11.0748106938794,2.,25.1365045642576));
#10805=CARTESIAN_POINT('Ctrl Pts',(-11.7537964300963,2.,25.7962405005951));
#10806=CARTESIAN_POINT('Ctrl Pts',(-12.9475184625227,2.,25.7988436110274));
#10807=CARTESIAN_POINT('Ctrl Pts',(-11.0748106938794,1.99,25.1365045642576));
#10808=CARTESIAN_POINT('Ctrl Pts',(-11.7537964300963,1.99,25.7962405005951));
#10809=CARTESIAN_POINT('Ctrl Pts',(-12.9475184625227,1.99,25.7988436110274));
#10810=CARTESIAN_POINT('Origin',(-12.983490762258,1.99,19.1320202532015));
#10811=CARTESIAN_POINT('Origin',(17.013268009536,2.,16.85873297353));
#10812=CARTESIAN_POINT('',(17.013268009536,2.,16.85873297353));
#10813=CARTESIAN_POINT('',(20.2738411582634,2.,16.85873297353));
#10814=CARTESIAN_POINT('',(8.50663400476942,2.,16.85873297353));
#10815=CARTESIAN_POINT('',(17.013268009536,1.99,16.85873297353));
#10816=CARTESIAN_POINT('',(17.013268009536,2.,16.85873297353));
#10817=CARTESIAN_POINT('',(20.2738411582634,1.99,16.85873297353));
#10818=CARTESIAN_POINT('',(17.013268009536,1.99,16.85873297353));
#10819=CARTESIAN_POINT('',(20.2738411582634,2.,16.85873297353));
#10820=CARTESIAN_POINT('Origin',(20.2738411582634,2.,14.8430439581416));
#10821=CARTESIAN_POINT('',(20.2738411582634,2.,14.8430439581416));
#10822=CARTESIAN_POINT('',(16.2591971729457,2.,17.3249001879454));
#10823=CARTESIAN_POINT('',(20.2738411582634,1.99,14.8430439581416));
#10824=CARTESIAN_POINT('',(20.2738411582634,2.,14.8430439581416));
#10825=CARTESIAN_POINT('',(20.2738411582634,1.99,14.8430439581416));
#10826=CARTESIAN_POINT('Origin',(20.2738411582634,2.,13.830083285763));
#10827=CARTESIAN_POINT('',(20.2738411582634,2.,13.830083285763));
#10828=CARTESIAN_POINT('',(20.2738411582634,2.,6.91504164288082));
#10829=CARTESIAN_POINT('',(20.2738411582634,1.99,13.830083285763));
#10830=CARTESIAN_POINT('',(20.2738411582634,2.,13.830083285763));
#10831=CARTESIAN_POINT('',(20.2738411582634,1.99,13.830083285763));
#10832=CARTESIAN_POINT('Origin',(15.2738411582634,2.,13.830083285763));
#10833=CARTESIAN_POINT('',(15.2738411582634,2.,13.830083285763));
#10834=CARTESIAN_POINT('',(7.63692057913313,2.,13.830083285763));
#10835=CARTESIAN_POINT('',(15.2738411582634,1.99,13.830083285763));
#10836=CARTESIAN_POINT('',(15.2738411582634,2.,13.830083285763));
#10837=CARTESIAN_POINT('',(15.2738411582634,1.99,13.830083285763));
#10838=CARTESIAN_POINT('Origin',(15.2738411582634,2.,14.7680100550196));
#10839=CARTESIAN_POINT('',(15.2738411582634,2.,14.7680100550196));
#10840=CARTESIAN_POINT('',(15.2738411582634,2.,7.38400502750912));
#10841=CARTESIAN_POINT('',(15.2738411582634,1.99,14.7680100550196));
#10842=CARTESIAN_POINT('',(15.2738411582634,2.,14.7680100550196));
#10843=CARTESIAN_POINT('',(15.2738411582634,1.99,14.7680100550196));
#10844=CARTESIAN_POINT('Origin',(18.6128587878868,2.,14.7680100550196));
#10845=CARTESIAN_POINT('',(18.6128587878868,2.,14.7680100550196));
#10846=CARTESIAN_POINT('',(9.30642939394484,2.,14.7680100550196));
#10847=CARTESIAN_POINT('',(18.6128587878868,1.99,14.7680100550196));
#10848=CARTESIAN_POINT('',(18.6128587878868,2.,14.7680100550196));
#10849=CARTESIAN_POINT('',(18.6128587878868,1.99,14.7680100550196));
#10850=CARTESIAN_POINT('Origin',(15.2738411582634,2.,16.8143942703745));
#10851=CARTESIAN_POINT('',(15.2738411582634,2.,16.8143942703745));
#10852=CARTESIAN_POINT('',(13.4678054376289,2.,17.9212596424781));
#10853=CARTESIAN_POINT('',(15.2738411582634,1.99,16.8143942703745));
#10854=CARTESIAN_POINT('',(15.2738411582634,2.,16.8143942703745));
#10855=CARTESIAN_POINT('',(15.2738411582634,1.99,16.8143942703745));
#10856=CARTESIAN_POINT('Origin',(15.2738411582634,2.,17.7966591467402));
#10857=CARTESIAN_POINT('',(15.2738411582634,2.,17.7966591467402));
#10858=CARTESIAN_POINT('',(15.2738411582634,2.,8.89832957336941));
#10859=CARTESIAN_POINT('',(15.2738411582634,1.99,17.7966591467402));
#10860=CARTESIAN_POINT('',(15.2738411582634,2.,17.7966591467402));
#10861=CARTESIAN_POINT('',(15.2738411582634,1.99,17.7966591467402));
#10862=CARTESIAN_POINT('Origin',(20.2738411582634,2.,17.7966591467402));
#10863=CARTESIAN_POINT('',(20.2738411582634,2.,17.7966591467402));
#10864=CARTESIAN_POINT('',(10.1369205791331,2.,17.7966591467402));
#10865=CARTESIAN_POINT('',(20.2738411582634,1.99,17.7966591467402));
#10866=CARTESIAN_POINT('',(20.2738411582634,2.,17.7966591467402));
#10867=CARTESIAN_POINT('',(20.2738411582634,1.99,17.7966591467402));
#10868=CARTESIAN_POINT('Origin',(20.2738411582634,2.,16.85873297353));
#10869=CARTESIAN_POINT('',(20.2738411582634,2.,8.42936648676433));
#10870=CARTESIAN_POINT('',(20.2738411582634,1.99,16.85873297353));
#10871=CARTESIAN_POINT('Origin',(17.7738414562866,1.99,18.6373822235755));
#10872=CARTESIAN_POINT('Origin',(2.8421709430404E-12,2.,-1.37667655053519E-12));
#10873=CARTESIAN_POINT('Origin',(2.8421709430404E-12,2.,-1.37667655053519E-12));
#10874=CARTESIAN_POINT('Origin',(2.8421709430404E-12,2.,-1.37667655053519E-12));
#10875=CARTESIAN_POINT('Origin',(2.8421709430404E-12,2.,-1.37667655053519E-12));
#10876=CARTESIAN_POINT('Origin',(2.8421709430404E-12,2.,-1.37667655053519E-12));
#10877=CARTESIAN_POINT('Origin',(2.8421709430404E-12,2.,-1.37667655053519E-12));
#10878=CARTESIAN_POINT('Origin',(2.8421709430404E-12,2.,-1.37667655053519E-12));
#10879=CARTESIAN_POINT('Origin',(-60.9999999999972,0.,-27.0500000000014));
#10880=CARTESIAN_POINT('',(-68.9999999999972,2.,-27.0500000000014));
#10881=CARTESIAN_POINT('',(-60.9999999999972,2.,-35.0500000000014));
#10882=CARTESIAN_POINT('Origin',(-60.9999999999972,2.,-27.0500000000014));
#10883=CARTESIAN_POINT('',(-60.9999999999972,-4.,-35.0500000000014));
#10884=CARTESIAN_POINT('',(-60.9999999999972,0.,-35.0500000000014));
#10885=CARTESIAN_POINT('',(-68.9999999999972,-4.,-27.0500000000014));
#10886=CARTESIAN_POINT('Origin',(-60.9999999999972,-4.,-27.0500000000014));
#10887=CARTESIAN_POINT('',(-68.9999999999972,0.,-27.0500000000014));
#10888=CARTESIAN_POINT('Origin',(2.8421709430404E-12,2.,-1.37667655053519E-12));
#10889=CARTESIAN_POINT('',(-68.9999999999972,2.,27.0499999999986));
#10890=CARTESIAN_POINT('',(-68.9999999999972,2.,35.0499999999986));
#10891=CARTESIAN_POINT('',(-60.9999999999972,2.,35.0499999999986));
#10892=CARTESIAN_POINT('Origin',(-60.9999999999972,2.,27.0499999999986));
#10893=CARTESIAN_POINT('',(61.0000000000029,2.,35.0499999999986));
#10894=CARTESIAN_POINT('',(69.0000000000029,2.,35.0499999999986));
#10895=CARTESIAN_POINT('',(69.0000000000029,2.,27.0499999999986));
#10896=CARTESIAN_POINT('Origin',(61.0000000000029,2.,27.0499999999986));
#10897=CARTESIAN_POINT('',(69.0000000000028,2.,-27.0500000000014));
#10898=CARTESIAN_POINT('',(69.0000000000028,2.,-35.0500000000014));
#10899=CARTESIAN_POINT('',(61.0000000000028,2.,-35.0500000000014));
#10900=CARTESIAN_POINT('Origin',(61.0000000000028,2.,-27.0500000000014));
#10901=CARTESIAN_POINT('',(-68.9999999999972,2.,-35.0500000000014));
#10902=CARTESIAN_POINT('',(-61.6,2.,31.55));
#10903=CARTESIAN_POINT('Origin',(-60.,2.,31.55));
#10904=CARTESIAN_POINT('',(-61.6,2.,-31.55));
#10905=CARTESIAN_POINT('Origin',(-60.,2.,-31.55));
#10906=CARTESIAN_POINT('',(58.4,2.,31.55));
#10907=CARTESIAN_POINT('Origin',(60.,2.,31.55));
#10908=CARTESIAN_POINT('',(58.4,2.,-31.55));
#10909=CARTESIAN_POINT('Origin',(60.,2.,-31.55));
#10910=CARTESIAN_POINT('',(9.8,2.,15.214));
#10911=CARTESIAN_POINT('',(9.8,2.,22.714));
#10912=CARTESIAN_POINT('',(9.79999999999999,2.,22.714));
#10913=CARTESIAN_POINT('',(-4.20000000000001,2.,22.714));
#10914=CARTESIAN_POINT('',(-4.20000000000001,2.,22.714));
#10915=CARTESIAN_POINT('',(-4.2,2.,15.214));
#10916=CARTESIAN_POINT('',(-4.2,2.,15.214));
#10917=CARTESIAN_POINT('',(9.79999999999999,2.,15.214));
#10918=CARTESIAN_POINT('',(-1.69999999999717,2.,-18.1500000000014));
#10919=CARTESIAN_POINT('',(7.30000000000283,2.,-18.1500000000014));
#10920=CARTESIAN_POINT('',(-1.69999999999717,2.,-18.1500000000014));
#10921=CARTESIAN_POINT('',(7.30000000000286,2.,4.84999999999862));
#10922=CARTESIAN_POINT('',(7.30000000000283,2.,-18.1500000000014));
#10923=CARTESIAN_POINT('',(-1.69999999999714,2.,4.84999999999862));
#10924=CARTESIAN_POINT('',(7.30000000000285,2.,4.84999999999862));
#10925=CARTESIAN_POINT('',(-1.69999999999714,2.,4.84999999999862));
#10926=CARTESIAN_POINT('Origin',(-68.9999999999972,0.,35.0499999999986));
#10927=CARTESIAN_POINT('',(-68.9999999999972,-4.,27.0499999999986));
#10928=CARTESIAN_POINT('',(-68.9999999999972,-4.,35.0499999999986));
#10929=CARTESIAN_POINT('',(-68.9999999999972,0.,27.0499999999986));
#10930=CARTESIAN_POINT('Origin',(-60.9999999999972,0.,27.0499999999986));
#10931=CARTESIAN_POINT('',(-60.9999999999972,-4.,35.0499999999986));
#10932=CARTESIAN_POINT('Origin',(-60.9999999999972,-4.,27.0499999999986));
#10933=CARTESIAN_POINT('',(-60.9999999999972,0.,35.0499999999986));
#10934=CARTESIAN_POINT('Origin',(61.0000000000028,0.,-27.0500000000014));
#10935=CARTESIAN_POINT('',(69.0000000000028,-4.,-27.0500000000014));
#10936=CARTESIAN_POINT('',(61.0000000000028,-4.,-35.0500000000014));
#10937=CARTESIAN_POINT('Origin',(61.0000000000028,-4.,-27.0500000000014));
#10938=CARTESIAN_POINT('',(61.0000000000028,0.,-35.0500000000014));
#10939=CARTESIAN_POINT('',(69.0000000000028,0.,-27.0500000000014));
#10940=CARTESIAN_POINT('Origin',(69.0000000000028,0.,-35.0500000000014));
#10941=CARTESIAN_POINT('',(69.0000000000029,-4.,27.0499999999986));
#10942=CARTESIAN_POINT('',(69.0000000000029,0.,27.0499999999986));
#10943=CARTESIAN_POINT('',(69.0000000000028,-4.,-35.0500000000014));
#10944=CARTESIAN_POINT('Origin',(61.0000000000029,0.,27.0499999999986));
#10945=CARTESIAN_POINT('',(61.0000000000029,-4.,35.0499999999986));
#10946=CARTESIAN_POINT('',(61.0000000000029,0.,35.0499999999986));
#10947=CARTESIAN_POINT('Origin',(61.0000000000029,-4.,27.0499999999986));
#10948=CARTESIAN_POINT('Origin',(69.0000000000029,0.,35.0499999999986));
#10949=CARTESIAN_POINT('',(69.0000000000029,-4.,35.0499999999986));
#10950=CARTESIAN_POINT('Origin',(-3.19999999999716,0.,-19.6500000000014));
#10951=CARTESIAN_POINT('',(8.80000000000283,0.,-19.6500000000014));
#10952=CARTESIAN_POINT('',(-3.19999999999716,0.,-19.6500000000014));
#10953=CARTESIAN_POINT('',(-1.59999999999716,0.,-19.6500000000014));
#10954=CARTESIAN_POINT('',(8.80000000000283,-4.,-19.6500000000014));
#10955=CARTESIAN_POINT('',(8.80000000000283,0.,-19.6500000000014));
#10956=CARTESIAN_POINT('',(-3.19999999999716,-4.,-19.6500000000014));
#10957=CARTESIAN_POINT('',(-3.19999999999716,-4.,-19.6500000000014));
#10958=CARTESIAN_POINT('',(-3.19999999999716,0.,-19.6500000000014));
#10959=CARTESIAN_POINT('Origin',(-3.19999999999714,0.,6.34999999999862));
#10960=CARTESIAN_POINT('',(-3.19999999999714,0.,6.34999999999862));
#10961=CARTESIAN_POINT('',(-3.19999999999714,0.,3.17499999999862));
#10962=CARTESIAN_POINT('',(-3.19999999999714,-4.,6.34999999999862));
#10963=CARTESIAN_POINT('',(-3.19999999999714,-4.,6.34999999999862));
#10964=CARTESIAN_POINT('',(-3.19999999999714,0.,6.34999999999862));
#10965=CARTESIAN_POINT('Origin',(8.80000000000285,0.,6.34999999999862));
#10966=CARTESIAN_POINT('',(8.80000000000285,0.,6.34999999999862));
#10967=CARTESIAN_POINT('',(4.40000000000285,0.,6.34999999999862));
#10968=CARTESIAN_POINT('',(8.80000000000285,-4.,6.34999999999862));
#10969=CARTESIAN_POINT('',(8.80000000000285,-4.,6.34999999999862));
#10970=CARTESIAN_POINT('',(8.80000000000285,0.,6.34999999999862));
#10971=CARTESIAN_POINT('Origin',(8.80000000000283,0.,-19.6500000000014));
#10972=CARTESIAN_POINT('',(8.80000000000284,0.,-9.82500000000138));
#10973=CARTESIAN_POINT('',(8.80000000000283,-4.,-19.6500000000014));
#10974=CARTESIAN_POINT('Origin',(2.80000000000284,-4.,-6.65000000000138));
#10975=CARTESIAN_POINT('',(7.30000000000283,-4.,-18.1500000000014));
#10976=CARTESIAN_POINT('',(-1.69999999999717,-4.,-18.1500000000014));
#10977=CARTESIAN_POINT('',(-1.69999999999717,-4.,-18.1500000000014));
#10978=CARTESIAN_POINT('',(-1.69999999999714,-4.,4.84999999999862));
#10979=CARTESIAN_POINT('',(-1.69999999999714,-4.,4.84999999999862));
#10980=CARTESIAN_POINT('',(7.30000000000285,-4.,4.84999999999862));
#10981=CARTESIAN_POINT('',(7.30000000000285,-4.,4.84999999999862));
#10982=CARTESIAN_POINT('',(7.30000000000283,-4.,-18.1500000000014));
#10983=CARTESIAN_POINT('Origin',(2.8421709430404E-12,0.,-1.37667655053519E-12));
#10984=CARTESIAN_POINT('',(60.,0.,-28.55));
#10985=CARTESIAN_POINT('',(60.,0.,28.55));
#10986=CARTESIAN_POINT('',(60.,0.,-31.55));
#10987=CARTESIAN_POINT('',(57.,0.,31.55));
#10988=CARTESIAN_POINT('Origin',(60.,0.,31.55));
#10989=CARTESIAN_POINT('',(-57.,0.,31.55));
#10990=CARTESIAN_POINT('',(60.,0.,31.55));
#10991=CARTESIAN_POINT('',(-60.,0.,28.55));
#10992=CARTESIAN_POINT('Origin',(-60.,0.,31.55));
#10993=CARTESIAN_POINT('',(-60.,0.,-28.55));
#10994=CARTESIAN_POINT('',(-60.,0.,31.55));
#10995=CARTESIAN_POINT('',(-57.,0.,-31.55));
#10996=CARTESIAN_POINT('Origin',(-60.,0.,-31.55));
#10997=CARTESIAN_POINT('',(57.,0.,-31.55));
#10998=CARTESIAN_POINT('',(-60.,0.,-31.55));
#10999=CARTESIAN_POINT('Origin',(60.,0.,-31.55));
#11000=CARTESIAN_POINT('',(9.79999999999999,0.,15.214));
#11001=CARTESIAN_POINT('',(9.79999999999999,0.,22.714));
#11002=CARTESIAN_POINT('',(9.79999999999999,0.,22.714));
#11003=CARTESIAN_POINT('',(-4.2,0.,15.214));
#11004=CARTESIAN_POINT('',(9.79999999999999,0.,15.214));
#11005=CARTESIAN_POINT('',(-4.20000000000001,0.,22.714));
#11006=CARTESIAN_POINT('',(-4.2,0.,15.214));
#11007=CARTESIAN_POINT('',(-4.20000000000001,0.,22.714));
#11008=CARTESIAN_POINT('Origin',(-1.69999999999714,0.,4.84999999999862));
#11009=CARTESIAN_POINT('',(-1.69999999999717,0.,-18.1500000000014));
#11010=CARTESIAN_POINT('',(-1.69999999999714,0.,4.84999999999862));
#11011=CARTESIAN_POINT('Origin',(7.30000000000285,0.,4.84999999999862));
#11012=CARTESIAN_POINT('',(7.30000000000285,0.,4.84999999999862));
#11013=CARTESIAN_POINT('Origin',(7.30000000000283,0.,-18.1500000000014));
#11014=CARTESIAN_POINT('',(7.30000000000283,0.,-18.1500000000014));
#11015=CARTESIAN_POINT('Origin',(-1.69999999999717,0.,-18.1500000000014));
#11016=CARTESIAN_POINT('Origin',(-4.2,0.,15.214));
#11017=CARTESIAN_POINT('',(9.79999999999999,0.,15.214));
#11018=CARTESIAN_POINT('',(-4.2,0.,15.214));
#11019=CARTESIAN_POINT('Origin',(-4.20000000000001,0.,22.714));
#11020=CARTESIAN_POINT('',(-4.20000000000001,0.,22.714));
#11021=CARTESIAN_POINT('Origin',(9.79999999999999,0.,22.714));
#11022=CARTESIAN_POINT('',(9.79999999999999,0.,22.714));
#11023=CARTESIAN_POINT('Origin',(9.79999999999999,0.,15.214));
#11024=CARTESIAN_POINT('Origin',(60.,0.,28.55));
#11025=CARTESIAN_POINT('',(60.,-4.,-28.55));
#11026=CARTESIAN_POINT('',(60.,0.,-28.55));
#11027=CARTESIAN_POINT('',(60.,-4.,28.55));
#11028=CARTESIAN_POINT('',(60.,-4.,-31.55));
#11029=CARTESIAN_POINT('',(60.,0.,28.55));
#11030=CARTESIAN_POINT('Origin',(60.,0.,31.55));
#11031=CARTESIAN_POINT('',(57.,-4.,31.55));
#11032=CARTESIAN_POINT('Origin',(60.,-4.,31.55));
#11033=CARTESIAN_POINT('',(57.,0.,31.55));
#11034=CARTESIAN_POINT('Origin',(-57.,0.,31.55));
#11035=CARTESIAN_POINT('',(-57.,-4.,31.55));
#11036=CARTESIAN_POINT('',(60.,-4.,31.55));
#11037=CARTESIAN_POINT('',(-57.,0.,31.55));
#11038=CARTESIAN_POINT('Origin',(-60.,0.,31.55));
#11039=CARTESIAN_POINT('',(-60.,-4.,28.55));
#11040=CARTESIAN_POINT('Origin',(-60.,-4.,31.55));
#11041=CARTESIAN_POINT('',(-60.,0.,28.55));
#11042=CARTESIAN_POINT('Origin',(-60.,0.,-28.55));
#11043=CARTESIAN_POINT('',(-60.,-4.,-28.55));
#11044=CARTESIAN_POINT('',(-60.,-4.,31.55));
#11045=CARTESIAN_POINT('',(-60.,0.,-28.55));
#11046=CARTESIAN_POINT('Origin',(-60.,0.,-31.55));
#11047=CARTESIAN_POINT('',(-57.,-4.,-31.55));
#11048=CARTESIAN_POINT('Origin',(-60.,-4.,-31.55));
#11049=CARTESIAN_POINT('',(-57.,0.,-31.55));
#11050=CARTESIAN_POINT('Origin',(57.,0.,-31.55));
#11051=CARTESIAN_POINT('',(57.,-4.,-31.55));
#11052=CARTESIAN_POINT('',(-60.,-4.,-31.55));
#11053=CARTESIAN_POINT('',(57.,0.,-31.55));
#11054=CARTESIAN_POINT('Origin',(60.,0.,-31.55));
#11055=CARTESIAN_POINT('Origin',(60.,-4.,-31.55));
#11056=CARTESIAN_POINT('Origin',(60.,0.,31.55));
#11057=CARTESIAN_POINT('',(58.4,-4.,31.55));
#11058=CARTESIAN_POINT('Origin',(60.,-4.,31.55));
#11059=CARTESIAN_POINT('',(58.4,0.,31.55));
#11060=CARTESIAN_POINT('Origin',(-60.,0.,-31.55));
#11061=CARTESIAN_POINT('',(-61.6,-4.,-31.55));
#11062=CARTESIAN_POINT('Origin',(-60.,-4.,-31.55));
#11063=CARTESIAN_POINT('',(-61.6,0.,-31.55));
#11064=CARTESIAN_POINT('Origin',(60.,0.,-31.55));
#11065=CARTESIAN_POINT('',(58.4,-4.,-31.55));
#11066=CARTESIAN_POINT('Origin',(60.,-4.,-31.55));
#11067=CARTESIAN_POINT('',(58.4,0.,-31.55));
#11068=CARTESIAN_POINT('Origin',(-60.,0.,31.55));
#11069=CARTESIAN_POINT('',(-61.6,-4.,31.55));
#11070=CARTESIAN_POINT('Origin',(-60.,-4.,31.55));
#11071=CARTESIAN_POINT('',(-61.6,0.,31.55));
#11072=CARTESIAN_POINT('Origin',(-68.9999999999972,0.,-35.0500000000014));
#11073=CARTESIAN_POINT('',(-68.9999999999972,-4.,-35.0500000000014));
#11074=CARTESIAN_POINT('Origin',(2.8421709430404E-12,-4.,-1.37667655053519E-12));
#11075=UNCERTAINTY_MEASURE_WITH_UNIT(LENGTH_MEASURE(0.01),#11079,
'DISTANCE_ACCURACY_VALUE',
'Maximum model space distance between geometric entities at asserted c
onnectivities');
#11076=UNCERTAINTY_MEASURE_WITH_UNIT(LENGTH_MEASURE(0.01),#11079,
'DISTANCE_ACCURACY_VALUE',
'Maximum model space distance between geometric entities at asserted c
onnectivities');
#11077=(
GEOMETRIC_REPRESENTATION_CONTEXT(3)
GLOBAL_UNCERTAINTY_ASSIGNED_CONTEXT((#11075))
GLOBAL_UNIT_ASSIGNED_CONTEXT((#11079,#11081,#11082))
REPRESENTATION_CONTEXT('','3D')
);
#11078=(
GEOMETRIC_REPRESENTATION_CONTEXT(3)
GLOBAL_UNCERTAINTY_ASSIGNED_CONTEXT((#11076))
GLOBAL_UNIT_ASSIGNED_CONTEXT((#11079,#11081,#11082))
REPRESENTATION_CONTEXT('','3D')
);
#11079=(
LENGTH_UNIT()
NAMED_UNIT(*)
SI_UNIT(.MILLI.,.METRE.)
);
#11080=(
LENGTH_UNIT()
NAMED_UNIT(*)
SI_UNIT($,.METRE.)
);
#11081=(
NAMED_UNIT(*)
PLANE_ANGLE_UNIT()
SI_UNIT($,.RADIAN.)
);
#11082=(
NAMED_UNIT(*)
SI_UNIT($,.STERADIAN.)
SOLID_ANGLE_UNIT()
);
#11083=SHAPE_DEFINITION_REPRESENTATION(#11084,#11085);
#11084=PRODUCT_DEFINITION_SHAPE('',$,#11087);
#11085=SHAPE_REPRESENTATION('',(#6375),#11077);
#11086=PRODUCT_DEFINITION_CONTEXT('part definition',#11091,'design');
#11087=PRODUCT_DEFINITION('top_case_geiger_counter_slider',
'top_case_geiger_counter_slider v12',#11088,#11086);
#11088=PRODUCT_DEFINITION_FORMATION('',$,#11093);
#11089=PRODUCT_RELATED_PRODUCT_CATEGORY(
'top_case_geiger_counter_slider v12',
'top_case_geiger_counter_slider v12',(#11093));
#11090=APPLICATION_PROTOCOL_DEFINITION('international standard',
'automotive_design',2009,#11091);
#11091=APPLICATION_CONTEXT(
'Core Data for Automotive Mechanical Design Process');
#11092=PRODUCT_CONTEXT('part definition',#11091,'mechanical');
#11093=PRODUCT('top_case_geiger_counter_slider',
'top_case_geiger_counter_slider v12',$,(#11092));
#11094=PRESENTATION_STYLE_ASSIGNMENT((#11095));
#11095=SURFACE_STYLE_USAGE(.BOTH.,#11096);
#11096=SURFACE_SIDE_STYLE('',(#11097));
#11097=SURFACE_STYLE_FILL_AREA(#11098);
#11098=FILL_AREA_STYLE('Steel - Satin',(#11099));
#11099=FILL_AREA_STYLE_COLOUR('Steel - Satin',#11100);
#11100=COLOUR_RGB('Steel - Satin',0.627450980392157,0.627450980392157,0.627450980392157);
ENDSEC;
END-ISO-10303-21;
